match_id,date,team_a,team_b,score_a,score_b,winner,event,maps
hltv_match_2371997,2024-05-15 06:00:00+00:00,Spirit,Aurora,,,team1,BetBoom Dacha Belgrade 2024,0
hltv_match_2372188,2024-05-15 08:00:00+00:00,3DMAX,Zero Tenacity,,,team2,RES Regional Series 4 Europe,0
hltv_match_2372226,2024-05-15 08:30:00+00:00,MASONIC,CPH Wolves,,,team2,CCT Season 2 Europe Series 4 Closed Qualifier,0
hltv_match_2371998,2024-05-15 08:45:00+00:00,HEROIC,MIBR,,,team1,BetBoom Dacha Belgrade 2024,0
hltv_match_2372273,2024-05-15 09:30:00+00:00,EYEBALLERS,9INE,,,team1,ESL Challenger League Season 47 Europe,0
hltv_match_2371994,2024-05-15 12:50:00+00:00,BetBoom,Falcons,,,team2,BetBoom Dacha Belgrade 2024,0
hltv_match_2372055,2024-05-15 13:00:00+00:00,Imperial,Fluxo,,,team1,Thunderpick World Championship 2024 SA Closed Qualifier 1,0
hltv_match_2372190,2024-05-15 14:00:00+00:00,B8,PARIVISION,,,team2,RES Regional Series 4 Europe,0
hltv_match_2372228,2024-05-15 14:00:00+00:00,GUN5,777,,,team1,CCT Season 2 Europe Series 4 Closed Qualifier,0
hltv_match_2372054,2024-05-15 16:00:00+00:00,9z,Sharks,,,team1,Thunderpick World Championship 2024 SA Closed Qualifier 1,0
hltv_match_2372176,2024-05-15 17:00:00+00:00,BESTIA,ODDIK,,,team1,ESL Challenger League Season 47 South America,0
hltv_match_2372182,2024-05-15 18:00:00+00:00,ODDIK,BESTIA,,,team2,ESL Challenger League Season 47 South America,0
hltv_match_2372175,2024-05-15 19:00:00+00:00,9z,RED Canids,,,team2,ESL Challenger League Season 47 South America,0
hltv_match_2372181,2024-05-15 20:25:00+00:00,RED Canids,9z,,,team2,ESL Challenger League Season 47 South America,0
hltv_match_2372143,2024-05-15 21:00:00+00:00,NRG,LAG,,,team1,ESL Challenger League Season 47 North America,0
hltv_match_2372141,2024-05-15 21:00:00+00:00,BOSS,Wildcard,,,team2,ESL Challenger League Season 47 North America,0
hltv_match_2372144,2024-05-15 21:00:00+00:00,Take Flyte,Mythic,,,team1,ESL Challenger League Season 47 North America,0
hltv_match_2372149,2024-05-15 21:45:00+00:00,LAG,NRG,,,team2,ESL Challenger League Season 47 North America,0
hltv_match_2372150,2024-05-15 22:00:00+00:00,Mythic,Take Flyte,,,team1,ESL Challenger League Season 47 North America,0
hltv_match_2372147,2024-05-15 22:00:00+00:00,Wildcard,BOSS,,,team1,ESL Challenger League Season 47 North America,0
hltv_match_2372069,2024-05-16 04:00:00+00:00,Zero Tenacity,ECF,,,team1,European Pro League 2nd Division Season 12,0
hltv_match_2372191,2024-05-16 05:00:00+00:00,Sashi,Passion UA,,,team2,RES Regional Series 4 Europe,0
hltv_match_2372229,2024-05-16 05:00:00+00:00,EYEBALLERS,MASONIC,,,team2,CCT Season 2 Europe Series 4 Closed Qualifier,0
hltv_match_2372070,2024-05-16 05:45:00+00:00,SAW,Aurora,,,team1,CCT Global Finals 2024,0
hltv_match_2371995,2024-05-16 06:20:00+00:00,MOUZ,Virtus.pro,,,team1,BetBoom Dacha Belgrade 2024,0
hltv_match_2372110,2024-05-16 07:20:00+00:00,1win,Zero Tenacity,,,team1,CCT Season 2 Europe Series 3,0
hltv_match_2372192,2024-05-16 08:00:00+00:00,Metizport,Rare Atom,,,team1,RES Regional Series 4 Europe,0
hltv_match_2372230,2024-05-16 08:15:00+00:00,Rounds,777,,,team2,CCT Season 2 Europe Series 4 Closed Qualifier,0
hltv_match_2372071,2024-05-16 08:45:00+00:00,Eternal Fire,PARIVISION,,,team1,CCT Global Finals 2024,0
hltv_match_2371696,2024-05-16 09:00:00+00:00,Monte,ECF,,,team1,Elisa Invitational Spring 2024,0
hltv_match_2371999,2024-05-16 10:15:00+00:00,Spirit,HEROIC,,,team1,BetBoom Dacha Belgrade 2024,0
hltv_match_2372000,2024-05-16 13:25:00+00:00,Aurora,MIBR,,,team2,BetBoom Dacha Belgrade 2024,0
hltv_match_2372073,2024-05-16 13:45:00+00:00,SAW,Eternal Fire,,,team2,CCT Global Finals 2024,0
hltv_match_2372056,2024-05-16 14:00:00+00:00,Imperial,9z,,,team1,Thunderpick World Championship 2024 SA Closed Qualifier 1,0
hltv_match_2372194,2024-05-16 14:15:00+00:00,Ninjas in Pyjamas,Sangal,,,team1,RES Regional Series 4 Europe,0
hltv_match_2372072,2024-05-16 16:40:00+00:00,Aurora,PARIVISION,,,team1,CCT Global Finals 2024,0
hltv_match_2371964,2024-05-16 17:00:00+00:00,RED Canids,Fluxo,,,team1,CBCS Season 4,0
hltv_match_2371956,2024-05-16 18:00:00+00:00,9z,ODDIK,,,team1,CBCS Season 4,0
hltv_match_2372275,2024-05-17 02:30:00+00:00,The MongolZ,Chinggis Warriors,,,team1,MESA Pro Series Finals 2024,0
hltv_match_2372276,2024-05-17 05:00:00+00:00,ATOX,The Huns,,,team1,MESA Pro Series Finals 2024,0
hltv_match_2372074,2024-05-17 05:30:00+00:00,SAW,Aurora,,,team2,CCT Global Finals 2024,0
hltv_match_2372242,2024-05-17 07:00:00+00:00,Passion UA,Nexus,,,team1,CCT Season 2 Europe Series 3,0
hltv_match_2371996,2024-05-17 08:00:00+00:00,Falcons,Virtus.pro,,,team1,BetBoom Dacha Belgrade 2024,0
hltv_match_2372196,2024-05-17 08:00:00+00:00,3DMAX,B8,,,team2,RES Regional Series 4 Europe,0
hltv_match_2371698,2024-05-17 08:15:00+00:00,Rebels,Gaimin Gladiators,,,team1,Elisa Invitational Spring 2024,0
hltv_match_2372075,2024-05-17 09:15:00+00:00,ENCE,fnatic,,,team2,CCT Global Finals 2024,0
hltv_match_2372001,2024-05-17 11:45:00+00:00,HEROIC,MIBR,,,team1,BetBoom Dacha Belgrade 2024,0
hltv_match_2372235,2024-05-17 11:55:00+00:00,MASONIC,CPH Wolves,,,team2,CCT Season 2 Europe Series 4 Closed Qualifier,0
hltv_match_2372076,2024-05-17 12:00:00+00:00,Gaimin Gladiators,GamerLegion,,,team2,CCT Global Finals 2024,0
hltv_match_2371967,2024-05-17 14:00:00+00:00,Sharks,ODDIK,,,team2,CBCS Season 4,0
hltv_match_2372198,2024-05-17 14:00:00+00:00,Zero Tenacity,PARIVISION,,,team2,RES Regional Series 4 Europe,0
hltv_match_2372077,2024-05-17 16:30:00+00:00,ENCE,Gaimin Gladiators,,,team1,CCT Global Finals 2024,0
hltv_match_2372097,2024-05-17 18:00:00+00:00,BOSS,NRG,,,team2,NA Revival Cup 2024,0
hltv_match_2372099,2024-05-17 20:00:00+00:00,M80,regain,,,team1,NA Revival Cup 2024,0
hltv_match_2372277,2024-05-18 04:00:00+00:00,The MongolZ,ATOX,,,team1,MESA Pro Series Finals 2024,0
hltv_match_2372078,2024-05-18 05:30:00+00:00,fnatic,GamerLegion,,,team2,CCT Global Finals 2024,0
hltv_match_2371700,2024-05-18 06:00:00+00:00,B8,Rebels,,,team1,Elisa Invitational Spring 2024,0
hltv_match_2372002,2024-05-18 08:00:00+00:00,Spirit,Falcons,,,team1,BetBoom Dacha Belgrade 2024,0
hltv_match_2372238,2024-05-18 08:00:00+00:00,VP.Prodigy,CPH Wolves,,,team1,CCT Season 2 Europe Series 4 Closed Qualifier,0
hltv_match_2372200,2024-05-18 08:00:00+00:00,Rare Atom,Sangal,,,team2,RES Regional Series 4 Europe,0
hltv_match_2371699,2024-05-18 09:00:00+00:00,Monte,Sashi,,,team2,Elisa Invitational Spring 2024,0
hltv_match_2372079,2024-05-18 09:30:00+00:00,ENCE,fnatic,,,team1,CCT Global Finals 2024,0
hltv_match_2372003,2024-05-18 11:00:00+00:00,MOUZ,HEROIC,,,team1,BetBoom Dacha Belgrade 2024,0
hltv_match_2372247,2024-05-18 11:10:00+00:00,SINNERS,1win,,,team2,CCT Season 2 Europe Series 3,0
hltv_match_2371701,2024-05-18 13:00:00+00:00,B8,Sashi,,,team1,Elisa Invitational Spring 2024,0
hltv_match_2372080,2024-05-18 13:20:00+00:00,paiN,AMKAL,,,team2,CCT Global Finals 2024,0
hltv_match_2371968,2024-05-18 14:00:00+00:00,9z,Fluxo,,,team1,CBCS Season 4,0
hltv_match_2372123,2024-05-18 14:00:00+00:00,Galorys,ODDIK,,,team2,EPL World Series Americas Season 8,0
hltv_match_2372202,2024-05-18 14:00:00+00:00,Metizport,Ninjas in Pyjamas,,,team1,RES Regional Series 4 Europe,0
hltv_match_2372081,2024-05-18 15:50:00+00:00,Liquid,OG,,,team1,CCT Global Finals 2024,0
hltv_match_2371969,2024-05-18 17:00:00+00:00,RED Canids,ODDIK,,,team1,CBCS Season 4,0
hltv_match_2372082,2024-05-19 05:30:00+00:00,paiN,OG,,,team1,CCT Global Finals 2024,0
hltv_match_2372204,2024-05-19 08:00:00+00:00,B8,Zero Tenacity,,,team2,RES Regional Series 4 Europe,0
hltv_match_2372083,2024-05-19 09:00:00+00:00,AMKAL,Liquid,,,team2,CCT Global Finals 2024,0
hltv_match_2372004,2024-05-19 09:00:00+00:00,Spirit,MOUZ,,,team2,BetBoom Dacha Belgrade 2024,0
hltv_match_2372084,2024-05-19 11:30:00+00:00,paiN,AMKAL,,,team2,CCT Global Finals 2024,0
hltv_match_2372205,2024-05-19 11:30:00+00:00,Sashi,Passion UA,,,team1,RES Regional Series 4 Europe,0
hltv_match_2371970,2024-05-19 14:00:00+00:00,9z,RED Canids,,,team2,CBCS Season 4,0
hltv_match_2372206,2024-05-19 14:25:00+00:00,Sangal,Ninjas in Pyjamas,,,team1,RES Regional Series 4 Europe,0
hltv_match_2372085,2024-05-19 14:30:00+00:00,Astralis,BIG,,,team1,CCT Global Finals 2024,0
hltv_match_2369783,2024-05-19 18:00:00+00:00,M80,BOSS,,,team1,ESL Challenger League Season 47 North America,0
hltv_match_2369790,2024-05-19 18:55:00+00:00,BOSS,M80,,,team2,ESL Challenger League Season 47 North America,0
hltv_match_2372207,2024-05-20 05:00:00+00:00,Monte,Sashi,,,team1,RES Regional Series 4 Europe,0
hltv_match_2372086,2024-05-20 05:00:00+00:00,MIBR,BetBoom,,,team2,CCT Global Finals 2024,0
hltv_match_2372301,2024-05-20 08:10:00+00:00,SINNERS,VP.Prodigy,,,team1,CCT Season 2 Europe Series 4,0
hltv_match_2372208,2024-05-20 08:30:00+00:00,PARIVISION,Sangal,,,team2,RES Regional Series 4 Europe,0
hltv_match_2372087,2024-05-20 08:30:00+00:00,BIG,MIBR,,,team2,CCT Global Finals 2024,0
hltv_match_2372253,2024-05-20 09:15:00+00:00,B8,EYEBALLERS,,,team1,CCT Season 2 Europe Series 3,0
hltv_match_2372088,2024-05-20 12:10:00+00:00,Astralis,BetBoom,,,team1,CCT Global Finals 2024,0
hltv_match_2372210,2024-05-20 14:15:00+00:00,Metizport,Zero Tenacity,,,team2,RES Regional Series 4 Europe,0
hltv_match_2370007,2024-05-20 15:00:00+00:00,9z,BESTIA,,,team1,ESL Challenger League Season 47 South America,0
hltv_match_2372089,2024-05-20 15:15:00+00:00,MIBR,BetBoom,,,team2,CCT Global Finals 2024,0
hltv_match_2370014,2024-05-20 16:15:00+00:00,BESTIA,9z,,,team1,ESL Challenger League Season 47 South America,0
hltv_match_2370864,2024-05-20 18:00:00+00:00,RED Canids,Fluxo,,,team1,ESL Challenger League Season 47 South America,0
hltv_match_2370871,2024-05-20 19:10:00+00:00,Fluxo,RED Canids,,,team1,ESL Challenger League Season 47 South America,0
hltv_match_2370320,2024-05-20 21:00:00+00:00,M80,NRG,,,team1,ESL Challenger League Season 47 North America,0
hltv_match_2370325,2024-05-20 22:00:00+00:00,NRG,M80,,,team2,ESL Challenger League Season 47 North America,0
hltv_match_2372369,2024-05-21 04:00:00+00:00,Rebels,UNiTY,,,team2,European Pro League Season 16,0
hltv_match_2372090,2024-05-21 06:00:00+00:00,Liquid,ENCE,,,team1,CCT Global Finals 2024,0
hltv_match_2372211,2024-05-21 08:00:00+00:00,Monte,Sangal,,,team2,RES Regional Series 4 Europe,0
hltv_match_2372091,2024-05-21 08:30:00+00:00,Aurora,Astralis,,,team2,CCT Global Finals 2024,0
hltv_match_2372092,2024-05-21 11:30:00+00:00,Eternal Fire,BetBoom,,,team1,CCT Global Finals 2024,0
hltv_match_2372093,2024-05-21 14:30:00+00:00,GamerLegion,AMKAL,,,team1,CCT Global Finals 2024,0
hltv_match_2370584,2024-05-21 15:00:00+00:00,BESTIA,Imperial,,,team1,ESL Challenger League Season 47 South America,0
hltv_match_2370590,2024-05-21 16:40:00+00:00,Imperial,BESTIA,,,team2,ESL Challenger League Season 47 South America,0
hltv_match_2369825,2024-05-21 17:00:00+00:00,RED Canids,Sharks,,,team1,ESL Challenger League Season 47 South America,0
hltv_match_2369831,2024-05-21 18:00:00+00:00,Sharks,RED Canids,,,team1,ESL Challenger League Season 47 South America,0
hltv_match_2372406,2024-05-21 21:00:00+00:00,NRG,Take Flyte,,,team1,ESL Challenger League Season 47 North America,0
hltv_match_2372411,2024-05-21 21:50:00+00:00,Take Flyte,NRG,,,team1,ESL Challenger League Season 47 North America,0
hltv_match_2372314,2024-05-22 05:00:00+00:00,FlyQuest,Mindfreak,,,team1,ESL Challenger League Season 47 Oceania,0
hltv_match_2372315,2024-05-22 05:00:00+00:00,Rooster,Vantage,,,team1,ESL Challenger League Season 47 Oceania,0
hltv_match_2372318,2024-05-22 05:50:00+00:00,Mindfreak,FlyQuest,,,team2,ESL Challenger League Season 47 Oceania,0
hltv_match_2372319,2024-05-22 05:50:00+00:00,Vantage,Rooster,,,team2,ESL Challenger League Season 47 Oceania,0
hltv_match_2372094,2024-05-22 06:30:00+00:00,Liquid,Astralis,,,team1,CCT Global Finals 2024,0
hltv_match_2372095,2024-05-22 10:15:00+00:00,Eternal Fire,GamerLegion,,,team1,CCT Global Finals 2024,0
hltv_match_2372213,2024-05-22 11:00:00+00:00,Sangal,Zero Tenacity,,,team1,RES Regional Series 4 Europe,0
hltv_match_2372286,2024-05-22 13:00:00+00:00,Legacy,NRG,,,team2,Thunderpick World Championship 2024 NA Closed Qualifier 1,0
hltv_match_2370889,2024-05-22 13:45:00+00:00,Imperial,Sharks,,,team1,ESL Challenger League Season 47 South America,0
hltv_match_2370006,2024-05-22 14:00:00+00:00,MIBR,paiN,,,team1,ESL Challenger League Season 47 South America,0
hltv_match_2370013,2024-05-22 15:00:00+00:00,paiN,MIBR,,,team2,ESL Challenger League Season 47 South America,0
hltv_match_2372430,2024-05-22 15:00:00+00:00,BESTIA,Fluxo,,,team1,ESL Challenger League Season 47 South America,0
hltv_match_2370897,2024-05-22 15:00:00+00:00,Sharks,Imperial,,,team1,ESL Challenger League Season 47 South America,0
hltv_match_2372287,2024-05-22 16:00:00+00:00,M80,Mythic,,,team1,Thunderpick World Championship 2024 NA Closed Qualifier 1,0
hltv_match_2372431,2024-05-22 16:10:00+00:00,Fluxo,BESTIA,,,team2,ESL Challenger League Season 47 South America,0
hltv_match_2372432,2024-05-22 18:00:00+00:00,9z,Imperial,,,team2,ESL Challenger League Season 47 South America,0
hltv_match_2372288,2024-05-22 19:00:00+00:00,LAG,Wildcard,,,team2,Thunderpick World Championship 2024 NA Closed Qualifier 1,0
hltv_match_2372439,2024-05-22 19:10:00+00:00,Imperial,9z,,,team1,ESL Challenger League Season 47 South America,0
hltv_match_2370520,2024-05-22 21:00:00+00:00,BOSS,Take Flyte,,,team2,ESL Challenger League Season 47 North America,0
hltv_match_2370521,2024-05-22 22:00:00+00:00,Take Flyte,BOSS,,,team2,ESL Challenger League Season 47 North America,0
hltv_match_2372460,2024-05-23 05:00:00+00:00,SINNERS,Passion UA,,,team2,CCT Season 2 Europe Series 4,0
hltv_match_2372259,2024-05-23 07:25:00+00:00,Rare Atom,MOUZ NXT,,,team2,CCT Season 2 Europe Series 3,0
hltv_match_2372096,2024-05-23 09:30:00+00:00,Liquid,Eternal Fire,,,team2,CCT Global Finals 2024,0
hltv_match_2372260,2024-05-23 10:00:00+00:00,3DMAX,Zero Tenacity,,,team1,CCT Season 2 Europe Series 3,0
hltv_match_2372454,2024-05-23 11:00:00+00:00,SINNERS,UNiTY,,,team1,YGames Pro Series 2024,0
hltv_match_2372462,2024-05-23 11:05:00+00:00,RUBY,Nexus,,,team1,CCT Season 2 Europe Series 4,0
hltv_match_2372261,2024-05-23 13:00:00+00:00,ECSTATIC,1win,,,team2,CCT Season 2 Europe Series 3,0
hltv_match_2372290,2024-05-23 18:00:00+00:00,M80,Wildcard,,,team1,Thunderpick World Championship 2024 NA Closed Qualifier 1,0
hltv_match_2372366,2024-05-24 04:00:00+00:00,Passion UA,ECSTATIC,,,team1,European Pro League Season 16,0
hltv_match_2372264,2024-05-24 10:00:00+00:00,FURIA,Passion UA,,,team1,CCT Season 2 Europe Series 3,0
hltv_match_2372265,2024-05-24 13:00:00+00:00,Alliance,B8,,,team2,CCT Season 2 Europe Series 3,0
hltv_match_2372488,2024-05-24 14:00:00+00:00,SINNERS,GUN5,,,team1,CCT Season 2 Europe Series 4,0
hltv_match_2372371,2024-05-25 04:00:00+00:00,Rebels,ECF,,,team1,European Pro League Season 16,0
hltv_match_2372266,2024-05-25 04:00:00+00:00,3DMAX,MOUZ NXT,,,team2,CCT Season 2 Europe Series 3,0
hltv_match_2372268,2024-05-25 07:10:00+00:00,FURIA,1win,,,team2,CCT Season 2 Europe Series 3,0
hltv_match_2372267,2024-05-25 10:55:00+00:00,B8,BetBoom,,,team1,CCT Season 2 Europe Series 3,0
hltv_match_2372492,2024-05-25 14:55:00+00:00,B8,RUBY,,,team1,CCT Season 2 Europe Series 4,0
hltv_match_2372270,2024-05-26 06:00:00+00:00,MOUZ NXT,B8,,,team1,CCT Season 2 Europe Series 3,0
hltv_match_2372495,2024-05-26 08:00:00+00:00,Zero Tenacity,RUBY,,,team1,CCT Season 2 Europe Series 4,0
hltv_match_2372644,2024-05-26 17:00:00+00:00,MIBR fe,Atrix,,,team1,ESL Impact Spring 2024 Cash Cup 4 South America,0
hltv_match_2372494,2024-05-27 05:00:00+00:00,MOUZ NXT,Nexus,,,team1,CCT Season 2 Europe Series 4,0
hltv_match_2372645,2024-05-27 10:30:00+00:00,Galorys,Dusty Roots,,,team1,CCT Season 2 South America Series 1,0
hltv_match_2372324,2024-05-27 13:30:00+00:00,G2,Falcons,,,team1,IEM Dallas 2024,0
hltv_match_2372325,2024-05-27 13:30:00+00:00,Vitality,Monte,,,team1,IEM Dallas 2024,0
hltv_match_2372322,2024-05-27 15:00:00+00:00,MOUZ,9z,,,team2,IEM Dallas 2024,0
hltv_match_2372329,2024-05-27 15:55:00+00:00,Natus Vincere,BIG,,,team1,IEM Dallas 2024,0
hltv_match_2372326,2024-05-27 16:20:00+00:00,FaZe,M80,,,team1,IEM Dallas 2024,0
hltv_match_2372328,2024-05-27 17:00:00+00:00,Spirit,FlyQuest,,,team1,IEM Dallas 2024,0
hltv_match_2372327,2024-05-27 17:20:00+00:00,Virtus.pro,HEROIC,,,team1,IEM Dallas 2024,0
hltv_match_2372330,2024-05-27 17:50:00+00:00,G2,Vitality,,,team2,IEM Dallas 2024,0
hltv_match_2372331,2024-05-27 18:20:00+00:00,Falcons,Monte,,,team1,IEM Dallas 2024,0
hltv_match_2372332,2024-05-27 20:30:00+00:00,Liquid,9z,,,team2,IEM Dallas 2024,0
hltv_match_2372464,2024-05-28 03:00:00+00:00,Aurora,Lynn Vision,,,team1,MESA Nomadic Masters Spring 2024,0
hltv_match_2372465,2024-05-28 06:05:00+00:00,The MongolZ,Gaimin Gladiators,,,team1,MESA Nomadic Masters Spring 2024,0
hltv_match_2372501,2024-05-28 11:00:00+00:00,MOUZ NXT,RUBY,,,team1,CCT Season 2 Europe Series 4,0
hltv_match_2372336,2024-05-28 13:00:00+00:00,Natus Vincere,Spirit,,,team2,IEM Dallas 2024,0
hltv_match_2372335,2024-05-28 13:00:00+00:00,M80,HEROIC,,,team2,IEM Dallas 2024,0
hltv_match_2372672,2024-05-28 15:30:00+00:00,CYBERSHOKE,VP.Prodigy,,,team2,ESEA Advanced Season 49 Europe,0
hltv_match_2372334,2024-05-28 16:00:00+00:00,FaZe,Virtus.pro,,,team1,IEM Dallas 2024,0
hltv_match_2372337,2024-05-28 16:00:00+00:00,BIG,FlyQuest,,,team1,IEM Dallas 2024,0
hltv_match_2372339,2024-05-28 19:00:00+00:00,Liquid,Falcons,,,team1,IEM Dallas 2024,0
hltv_match_2372338,2024-05-28 20:10:00+00:00,G2,MOUZ,,,team1,IEM Dallas 2024,0
hltv_match_2372467,2024-05-29 03:00:00+00:00,OG,ATOX,,,team2,MESA Nomadic Masters Spring 2024,0
hltv_match_2372468,2024-05-29 06:45:00+00:00,Aurora,The MongolZ,,,team2,MESA Nomadic Masters Spring 2024,0
hltv_match_2372373,2024-05-29 07:30:00+00:00,Rebels,UNiTY,,,team2,European Pro League Season 16,0
hltv_match_2372679,2024-05-29 12:00:00+00:00,FAVBET,Aurora Young Blud,,,team1,ESEA Advanced Season 49 Europe,0
hltv_match_2372340,2024-05-29 13:00:00+00:00,Natus Vincere,HEROIC,,,team2,IEM Dallas 2024,0
hltv_match_2372341,2024-05-29 13:00:00+00:00,Virtus.pro,BIG,,,team2,IEM Dallas 2024,0
hltv_match_2372344,2024-05-29 16:00:00+00:00,FaZe,Spirit,,,team2,IEM Dallas 2024,0
hltv_match_2372343,2024-05-29 16:15:00+00:00,9z,Vitality,,,team1,IEM Dallas 2024,0
hltv_match_2372342,2024-05-29 19:00:00+00:00,G2,Liquid,,,team1,IEM Dallas 2024,0
hltv_match_2372345,2024-05-29 19:00:00+00:00,HEROIC,BIG,,,team1,IEM Dallas 2024,0
hltv_match_2372470,2024-05-30 03:45:00+00:00,Lynn Vision,Gaimin Gladiators,,,team1,MESA Nomadic Masters Spring 2024,0
hltv_match_2372502,2024-05-30 05:00:00+00:00,Sangal,MOUZ NXT,,,team2,CCT Season 2 Europe Series 4,0
hltv_match_2372471,2024-05-30 07:25:00+00:00,Chinggis Warriors,OG,,,team1,MESA Nomadic Masters Spring 2024,0
hltv_match_2372503,2024-05-30 08:00:00+00:00,FURIA,RUBY,,,team1,CCT Season 2 Europe Series 4,0
hltv_match_2372387,2024-05-30 09:50:00+00:00,Zero Tenacity,Passion UA,,,team2,European Pro League Season 16,0
hltv_match_2372504,2024-05-30 11:00:00+00:00,B8,SINNERS,,,team2,CCT Season 2 Europe Series 4,0
hltv_match_2372683,2024-05-30 14:00:00+00:00,Insilio,VP.Prodigy,,,team1,ESEA Advanced Season 49 Europe,0
hltv_match_2372687,2024-05-30 14:00:00+00:00,ARCRED,FAVBET,,,team1,ESEA Advanced Season 49 Europe,0
hltv_match_2372684,2024-05-30 14:30:00+00:00,Spirit Academy,HOTU,,,team1,ESEA Advanced Season 49 Europe,0
hltv_match_2372386,2024-05-31 04:00:00+00:00,Johnny Speeds,UNiTY,,,team2,European Pro League Season 16,0
hltv_match_2372506,2024-05-31 05:00:00+00:00,Alliance,VP.Prodigy,,,team2,CCT Season 2 Europe Series 4,0
hltv_match_2372507,2024-05-31 08:00:00+00:00,Passion UA,Zero Tenacity,,,team2,CCT Season 2 Europe Series 4,0
hltv_match_2372618,2024-05-31 08:00:00+00:00,SAW,FAVBET,,,team1,RES European Masters 1 Fall 2024 - BLAST Premier Qualifier,0
hltv_match_2372478,2024-05-31 09:00:00+00:00,UNiTY,SINNERS,,,team1,Tipsport Spring Cup 2024 Finals,0
hltv_match_2372758,2024-05-31 09:10:00+00:00,HOTU,CYBERSHOKE,,,team2,ESEA Advanced Season 49 Europe,0
hltv_match_2372619,2024-05-31 09:20:00+00:00,fnatic,Sangal,,,team1,RES European Masters 1 Fall 2024 - BLAST Premier Qualifier,0
hltv_match_2372620,2024-05-31 10:25:00+00:00,SAW,fnatic,,,team2,RES European Masters 1 Fall 2024 - BLAST Premier Qualifier,0
hltv_match_2372688,2024-05-31 10:30:00+00:00,9z Academy,Yawara,,,team1,CCT Season 2 South America Series 1,0
hltv_match_2372508,2024-05-31 11:25:00+00:00,GamerLegion,GUN5,,,team2,CCT Season 2 Europe Series 4,0
hltv_match_2372621,2024-05-31 11:25:00+00:00,FAVBET,Sangal,,,team2,RES European Masters 1 Fall 2024 - BLAST Premier Qualifier,0
hltv_match_2372352,2024-05-31 12:25:00+00:00,BIG EQUIPA,FlyQuest RED,,,team1,ESL Impact League Season 5 Finals,0
hltv_match_2372622,2024-05-31 12:50:00+00:00,SAW,Sangal,,,team1,RES European Masters 1 Fall 2024 - BLAST Premier Qualifier,0
hltv_match_2372347,2024-05-31 14:15:00+00:00,Vitality,HEROIC,,,team1,IEM Dallas 2024,0
hltv_match_2372346,2024-05-31 17:15:00+00:00,FaZe,G2,,,team2,IEM Dallas 2024,0
hltv_match_2372355,2024-05-31 17:55:00+00:00,Imperial Valkyries,BIG EQUIPA,,,team1,ESL Impact League Season 5 Finals,0
hltv_match_2372472,2024-05-31 22:40:00+00:00,ATOX,Lynn Vision,,,team2,MESA Nomadic Masters Spring 2024,0
hltv_match_2372473,2024-06-01 01:50:00+00:00,Aurora,Chinggis Warriors,,,team1,MESA Nomadic Masters Spring 2024,0
hltv_match_2372510,2024-06-01 05:00:00+00:00,FURIA,Zero Tenacity,,,team1,CCT Season 2 Europe Series 4,0
hltv_match_2372665,2024-06-01 07:00:00+00:00,VP.Prodigy,777,,,team1,CCT Season 2 Europe Series 5 Closed Qualifier,0
hltv_match_2372511,2024-06-01 08:00:00+00:00,AMKAL,MOUZ NXT,,,team2,CCT Season 2 Europe Series 4,0
hltv_match_2372475,2024-06-01 08:40:00+00:00,Lynn Vision,Aurora,,,team2,MESA Nomadic Masters Spring 2024,0
hltv_match_2372755,2024-06-01 11:00:00+00:00,1win,Insilio,,,team2,ESEA Advanced Season 49 Europe,0
hltv_match_2372512,2024-06-01 11:15:00+00:00,3DMAX,VP.Prodigy,,,team2,CCT Season 2 Europe Series 4,0
hltv_match_2372481,2024-06-01 12:00:00+00:00,UNiTY,ECLOT,,,team2,Tipsport Spring Cup 2024 Finals,0
hltv_match_2372349,2024-06-01 14:00:00+00:00,Spirit,Vitality,,,team2,IEM Dallas 2024,0
hltv_match_2372513,2024-06-01 14:50:00+00:00,GUN5,SINNERS,,,team1,CCT Season 2 Europe Series 4,0
hltv_match_2372754,2024-06-01 15:00:00+00:00,Zero Tenacity,RUBY,,,team2,ESEA Advanced Season 49 Europe,0
hltv_match_2372348,2024-06-01 17:15:00+00:00,9z,G2,,,team2,IEM Dallas 2024,0
hltv_match_2372391,2024-06-02 04:00:00+00:00,Passion UA,UNiTY,,,team1,European Pro League Season 16,0
hltv_match_2372514,2024-06-02 05:00:00+00:00,GUN5,VP.Prodigy,,,team1,CCT Season 2 Europe Series 4,0
hltv_match_2372515,2024-06-02 08:00:00+00:00,FURIA,MOUZ NXT,,,team1,CCT Season 2 Europe Series 4,0
hltv_match_2372482,2024-06-02 09:00:00+00:00,SINNERS,UNiTY,,,team2,Tipsport Spring Cup 2024 Finals,0
hltv_match_2372516,2024-06-02 11:00:00+00:00,GUN5,FURIA,,,team1,CCT Season 2 Europe Series 4,0
hltv_match_2372629,2024-06-02 11:00:00+00:00,Zero Tenacity,SAW,,,team1,RES European Masters 1 Fall 2024 - BLAST Premier Qualifier,0
hltv_match_2372483,2024-06-02 11:50:00+00:00,ECLOT,UNiTY,,,team1,Tipsport Spring Cup 2024 Finals,0
hltv_match_2372350,2024-06-02 14:00:00+00:00,G2,Vitality,,,team1,IEM Dallas 2024,0
hltv_match_2372760,2024-06-02 16:30:00+00:00,Dusty Roots,9z Academy,,,team1,CCT Season 2 South America Series 1,0
hltv_match_2372363,2024-06-02 17:00:00+00:00,Imperial Valkyries,Let Her Cook,,,team1,ESL Impact League Season 5 Finals,0
hltv_match_2372389,2024-06-03 07:15:00+00:00,Zero Tenacity,Johnny Speeds,,,team2,European Pro League Season 16,0
hltv_match_2372770,2024-06-03 10:00:00+00:00,RUBY,HAVU,,,team2,CCT Season 2 Europe Series 5,0
hltv_match_2372809,2024-06-03 14:00:00+00:00,RUBY,Insilio,,,team1,ESEA Advanced Season 49 Europe,0
hltv_match_2372772,2024-06-04 04:00:00+00:00,MOUZ NXT,Aurora Young Blud,,,team1,CCT Season 2 Europe Series 5,0
hltv_match_2372773,2024-06-04 07:00:00+00:00,SINNERS,VP.Prodigy,,,team2,CCT Season 2 Europe Series 5,0
hltv_match_2372811,2024-06-04 09:00:00+00:00,FAVBET,RUSTEC,,,team1,ESEA Advanced Season 49 Europe,0
hltv_match_2372868,2024-06-04 10:00:00+00:00,Spirit Academy,Aurora Young Blud,,,team2,ESEA Advanced Season 49 Europe,0
hltv_match_2372815,2024-06-04 11:00:00+00:00,Nemiga,CYBERSHOKE,,,team1,RES Regional Series 5 Europe,0
hltv_match_2372536,2024-06-04 13:00:00+00:00,Aurora,3DMAX,,,team2,ESL Challenger League Season 47 Europe,0
hltv_match_2372538,2024-06-04 13:00:00+00:00,Monte,PARIVISION,,,team2,ESL Challenger League Season 47 Europe,0
hltv_match_2372775,2024-06-04 13:15:00+00:00,Zero Tenacity,CYBERSHOKE,,,team1,CCT Season 2 Europe Series 5,0
hltv_match_2372794,2024-06-04 14:30:00+00:00,Take Flyte,Mythic,,,team2,Thunderpick World Championship 2024 NA Closed Qualifier 2,0
hltv_match_2372586,2024-06-04 18:30:00+00:00,MIBR,Galorys,,,team1,ESL Challenger League Season 47 South America,0
hltv_match_2372587,2024-06-04 18:30:00+00:00,ODDIK,paiN,,,team2,ESL Challenger League Season 47 South America,0
hltv_match_2372433,2024-06-04 18:30:00+00:00,BESTIA,Sharks,,,team2,ESL Challenger League Season 47 South America,0
hltv_match_2372440,2024-06-04 18:30:00+00:00,Fluxo,9z,,,team2,ESL Challenger League Season 47 South America,0
hltv_match_2372575,2024-06-04 21:00:00+00:00,BOSS,Mythic,,,team2,ESL Challenger League Season 47 North America,0
hltv_match_2372840,2024-06-05 04:00:00+00:00,RUBY,Rare Atom,,,team2,CCT Season 2 Europe Series 5,0
hltv_match_2372699,2024-06-05 04:10:00+00:00,Astralis,HEROIC,,,team1,YaLLa Compass 2024,0
hltv_match_2372817,2024-06-05 05:00:00+00:00,Passion UA,EYEBALLERS,,,team2,RES Regional Series 5 Europe,0
hltv_match_2372701,2024-06-05 05:55:00+00:00,Sashi,The MongolZ,,,team2,YaLLa Compass 2024,0
hltv_match_2372702,2024-06-05 06:05:00+00:00,FURIA,BIG,,,team2,YaLLa Compass 2024,0
hltv_match_2372605,2024-06-05 08:00:00+00:00,Lynn Vision,TYLOO,,,team1,ESL Challenger League Season 47 Asia-Pacific,0
hltv_match_2372703,2024-06-05 08:05:00+00:00,Ninjas in Pyjamas,ENCE,,,team1,YaLLa Compass 2024,0
hltv_match_2372704,2024-06-05 08:35:00+00:00,fnatic,BetBoom,,,team2,YaLLa Compass 2024,0
hltv_match_2372705,2024-06-05 09:45:00+00:00,Astralis,Sashi,,,team2,YaLLa Compass 2024,0
hltv_match_2372842,2024-06-05 10:00:00+00:00,EYEBALLERS,SINNERS,,,team1,CCT Season 2 Europe Series 5,0
hltv_match_2372869,2024-06-05 10:00:00+00:00,RUBY,ARCRED,,,team2,ESEA Advanced Season 49 Europe,0
hltv_match_2372819,2024-06-05 11:00:00+00:00,Zero Tenacity,Aurora Young Blud,,,team1,RES Regional Series 5 Europe,0
hltv_match_2372707,2024-06-05 11:15:00+00:00,The MongolZ,ENCE,,,team1,YaLLa Compass 2024,0
hltv_match_2372708,2024-06-05 11:35:00+00:00,FURIA,BetBoom,,,team1,YaLLa Compass 2024,0
hltv_match_2372565,2024-06-05 13:00:00+00:00,SAW,Sangal,,,team2,ESL Challenger League Season 47 Europe,0
hltv_match_2372564,2024-06-05 13:00:00+00:00,Aurora,PARIVISION,,,team1,ESL Challenger League Season 47 Europe,0
hltv_match_2372709,2024-06-05 13:00:00+00:00,Ninjas in Pyjamas,HEROIC,,,team1,YaLLa Compass 2024,0
hltv_match_2372843,2024-06-05 13:00:00+00:00,GUN5,CYBERSHOKE,,,team1,CCT Season 2 Europe Series 5,0
hltv_match_2372710,2024-06-05 13:10:00+00:00,fnatic,Eternal Fire,,,team1,YaLLa Compass 2024,0
hltv_match_2372820,2024-06-05 14:00:00+00:00,Rebels,9INE,,,team1,RES Regional Series 5 Europe,0
hltv_match_2372711,2024-06-05 14:30:00+00:00,Sashi,ENCE,,,team2,YaLLa Compass 2024,0
hltv_match_2372712,2024-06-05 14:45:00+00:00,BIG,BetBoom,,,team2,YaLLa Compass 2024,0
hltv_match_2372588,2024-06-05 18:00:00+00:00,Imperial,Sharks,,,team1,ESL Challenger League Season 47 South America,0
hltv_match_2372589,2024-06-05 18:00:00+00:00,RED Canids,9z,,,team1,ESL Challenger League Season 47 South America,0
hltv_match_2372590,2024-06-05 18:10:00+00:00,BESTIA,MIBR,,,team2,ESL Challenger League Season 47 South America,0
hltv_match_2372591,2024-06-05 18:10:00+00:00,Fluxo,paiN,,,team2,ESL Challenger League Season 47 South America,0
hltv_match_2372578,2024-06-05 21:35:00+00:00,NRG,LAG,,,team1,ESL Challenger League Season 47 North America,0
hltv_match_2372721,2024-06-06 04:00:00+00:00,FURIA,Eternal Fire,,,team1,YaLLa Compass 2024,0
hltv_match_2372521,2024-06-06 04:00:00+00:00,Mindfreak,Vantage,,,team1,ESL Challenger League Season 47 Oceania,0
hltv_match_2372713,2024-06-06 04:00:00+00:00,The MongolZ,HEROIC,,,team1,YaLLa Compass 2024,0
hltv_match_2372929,2024-06-06 05:00:00+00:00,Zero Tenacity,GhoulsW,,,team1,Regional Clash Arena Europe 2024,0
hltv_match_2372714,2024-06-06 05:40:00+00:00,Ninjas in Pyjamas,Astralis,,,team1,YaLLa Compass 2024,0
hltv_match_2372724,2024-06-06 07:00:00+00:00,BIG,Eternal Fire,,,team2,YaLLa Compass 2024,0
hltv_match_2372716,2024-06-06 07:10:00+00:00,Sashi,HEROIC,,,team2,YaLLa Compass 2024,0
hltv_match_2372609,2024-06-06 08:00:00+00:00,ATOX,Lynn Vision,,,team1,ESL Challenger League Season 47 Asia-Pacific,0
hltv_match_2372930,2024-06-06 08:00:00+00:00,EYEBALLERS,9INE,,,team1,Regional Clash Arena Europe 2024,0
hltv_match_2372611,2024-06-06 08:10:00+00:00,TYLOO,The QUBE,,,team1,ESL Challenger League Season 47 Asia-Pacific,0
hltv_match_2372715,2024-06-06 08:30:00+00:00,Astralis,ENCE,,,team1,YaLLa Compass 2024,0
hltv_match_2372926,2024-06-06 09:00:00+00:00,1win,FAVBET,,,team2,ESEA Advanced Season 49 Europe,0
hltv_match_2372717,2024-06-06 10:00:00+00:00,Ninjas in Pyjamas,The MongolZ,,,team2,YaLLa Compass 2024,0
hltv_match_2372725,2024-06-06 10:00:00+00:00,fnatic,FURIA,,,team2,YaLLa Compass 2024,0
hltv_match_2372727,2024-06-06 11:40:00+00:00,Eternal Fire,BetBoom,,,team2,YaLLa Compass 2024,0
hltv_match_2372719,2024-06-06 11:40:00+00:00,HEROIC,ENCE,,,team1,YaLLa Compass 2024,0
hltv_match_2372568,2024-06-06 13:00:00+00:00,3DMAX,Sangal,,,team2,ESL Challenger League Season 47 Europe,0
hltv_match_2372986,2024-06-06 13:00:00+00:00,NRG,Wildcard,,,team2,Ace North American Masters Fall 2024 - BLAST Premier Qualifier,0
hltv_match_2372718,2024-06-06 13:05:00+00:00,Astralis,The MongolZ,,,team1,YaLLa Compass 2024,0
hltv_match_2372935,2024-06-06 14:25:00+00:00,GamerLegion,ECLOT,,,team1,Regional Clash Arena Europe 2024,0
hltv_match_2372728,2024-06-06 14:40:00+00:00,fnatic,BIG,,,team1,YaLLa Compass 2024,0
hltv_match_2372720,2024-06-06 14:40:00+00:00,Ninjas in Pyjamas,Sashi,,,team1,YaLLa Compass 2024,0
hltv_match_2372944,2024-06-06 14:40:00+00:00,Zero Tenacity,FAVBET,,,team1,ESEA Advanced Season 49 Europe,0
hltv_match_2372988,2024-06-06 15:00:00+00:00,Wildcard,M80,,,team2,Ace North American Masters Fall 2024 - BLAST Premier Qualifier,0
hltv_match_2372934,2024-06-06 16:20:00+00:00,3DMAX,Nexus,,,team1,Regional Clash Arena Europe 2024,0
hltv_match_2372990,2024-06-06 17:10:00+00:00,Wildcard,NRG,,,team2,Ace North American Masters Fall 2024 - BLAST Premier Qualifier,0
hltv_match_2372594,2024-06-06 18:00:00+00:00,Sharks,paiN,,,team1,ESL Challenger League Season 47 South America,0
hltv_match_2372593,2024-06-06 18:00:00+00:00,9z,MIBR,,,team1,ESL Challenger League Season 47 South America,0
hltv_match_2372592,2024-06-06 18:10:00+00:00,Imperial,RED Canids,,,team2,ESL Challenger League Season 47 South America,0
hltv_match_2372802,2024-06-06 20:30:00+00:00,Legacy,Mythic,,,team1,Thunderpick World Championship 2024 NA Closed Qualifier 2,0
hltv_match_2372580,2024-06-06 21:00:00+00:00,M80,Wildcard,,,team1,ESL Challenger League Season 47 North America,0
hltv_match_2372953,2024-06-06 21:00:00+00:00,paiN,Galorys,,,team1,Regional Clash Arena South America 2024,0
hltv_match_2372522,2024-06-07 04:00:00+00:00,FlyQuest,Rooster,,,team2,ESL Challenger League Season 47 Oceania,0
hltv_match_2372825,2024-06-07 05:00:00+00:00,Passion UA,Aurora Young Blud,,,team1,RES Regional Series 5 Europe,0
hltv_match_2372937,2024-06-07 05:00:00+00:00,GhoulsW,ECLOT,,,team2,Regional Clash Arena Europe 2024,0
hltv_match_2372887,2024-06-07 07:00:00+00:00,RUBY,SINNERS,,,team2,CCT Season 2 Europe Series 5,0
hltv_match_2372826,2024-06-07 08:00:00+00:00,9INE,Nexus,,,team1,RES Regional Series 5 Europe,0
hltv_match_2372729,2024-06-07 09:15:00+00:00,BetBoom,Astralis,,,team2,YaLLa Compass 2024,0
hltv_match_2372888,2024-06-07 10:00:00+00:00,Passion UA,Rare Atom,,,team1,CCT Season 2 Europe Series 5,0
hltv_match_2372940,2024-06-07 11:00:00+00:00,Gaimin Gladiators,3DMAX,,,team2,Regional Clash Arena Europe 2024,0
hltv_match_2372827,2024-06-07 11:00:00+00:00,EYEBALLERS,Zero Tenacity,,,team1,RES Regional Series 5 Europe,0
hltv_match_2372956,2024-06-07 13:00:00+00:00,Bounty Hunters,Fluxo,,,team2,Regional Clash Arena South America 2024,0
hltv_match_2372889,2024-06-07 13:00:00+00:00,GUN5,HAVU,,,team1,CCT Season 2 Europe Series 5,0
hltv_match_2372569,2024-06-07 13:30:00+00:00,Aurora,Sangal,,,team2,ESL Challenger League Season 47 Europe,0
hltv_match_2373033,2024-06-07 13:30:00+00:00,Insilio,Aurora Young Blud,,,team1,ESEA Advanced Season 49 Europe,0
hltv_match_2372730,2024-06-07 13:45:00+00:00,Ninjas in Pyjamas,fnatic,,,team1,YaLLa Compass 2024,0
hltv_match_2372942,2024-06-07 14:00:00+00:00,MOUZ NXT,GamerLegion,,,team2,Regional Clash Arena Europe 2024,0
hltv_match_2372959,2024-06-07 16:00:00+00:00,ODDIK,BESTIA,,,team2,Regional Clash Arena South America 2024,0
hltv_match_2372873,2024-06-07 16:30:00+00:00,Imperial,Galorys,,,team1,CCT Season 2 South America Series 1,0
hltv_match_2372961,2024-06-07 17:50:37+00:00,Sharks,RED Canids,,,team1,Regional Clash Arena South America 2024,0
hltv_match_2372595,2024-06-07 18:00:00+00:00,9z,Sharks,,,team1,ESL Challenger League Season 47 South America,0
hltv_match_2372874,2024-06-07 19:15:00+00:00,MIBR,Bounty Hunters,,,team2,CCT Season 2 South America Series 1,0
hltv_match_2372805,2024-06-07 20:30:00+00:00,Wildcard,LAG,,,team1,Thunderpick World Championship 2024 NA Closed Qualifier 2,0
hltv_match_2372971,2024-06-07 21:35:59+00:00,ODDIK,RED Canids,,,team1,Regional Clash Arena South America 2024,0
hltv_match_2372524,2024-06-08 04:00:00+00:00,Mindfreak,FlyQuest,,,team2,ESL Challenger League Season 47 Oceania,0
hltv_match_2372891,2024-06-08 07:00:00+00:00,VP.Prodigy,EYEBALLERS,,,team2,CCT Season 2 Europe Series 5,0
hltv_match_2372964,2024-06-08 08:00:00+00:00,MOUZ NXT,ECLOT,,,team2,Regional Clash Arena Europe 2024,0
hltv_match_2372613,2024-06-08 08:00:00+00:00,Lynn Vision,TYLOO,,,team1,ESL Challenger League Season 47 Asia-Pacific,0
hltv_match_2372731,2024-06-08 09:00:00+00:00,The MongolZ,Astralis,,,team1,YaLLa Compass 2024,0
hltv_match_2372637,2024-06-08 09:05:00+00:00,AMKAL,1win,,,team1,RES European Masters 2 Fall 2024 - BLAST Premier Qualifier,0
hltv_match_2372638,2024-06-08 10:05:00+00:00,Monte,AMKAL,,,team2,RES European Masters 2 Fall 2024 - BLAST Premier Qualifier,0
hltv_match_2372875,2024-06-08 10:30:00+00:00,paiN,Dusty Roots,,,team1,CCT Season 2 South America Series 1,0
hltv_match_2372966,2024-06-08 11:00:00+00:00,EYEBALLERS,Gaimin Gladiators,,,team2,Regional Clash Arena Europe 2024,0
hltv_match_2372831,2024-06-08 11:00:00+00:00,Passion UA,Zero Tenacity,,,team2,RES Regional Series 5 Europe,0
hltv_match_2372640,2024-06-08 12:25:00+00:00,Monte,1win,,,team1,RES European Masters 2 Fall 2024 - BLAST Premier Qualifier,0
hltv_match_2372570,2024-06-08 13:00:00+00:00,SINNERS,Sangal,,,team2,ESL Challenger League Season 47 Europe,0
hltv_match_2372732,2024-06-08 13:30:00+00:00,FURIA,Ninjas in Pyjamas,,,team2,YaLLa Compass 2024,0
hltv_match_2373086,2024-06-08 14:15:00+00:00,HAVENs,Esprots,,,team1,MÖÖ Lan 2024,0
hltv_match_2373062,2024-06-08 14:30:00+00:00,Zero Tenacity,Insilio,,,team2,ESEA Advanced Season 49 Europe,0
hltv_match_2372997,2024-06-08 16:25:00+00:00,M80,Legacy,,,team1,Ace North American Masters Fall 2024 - BLAST Premier Qualifier,0
hltv_match_2372596,2024-06-08 18:00:00+00:00,Imperial,9z,,,team1,ESL Challenger League Season 47 South America,0
hltv_match_2372976,2024-06-08 19:00:00+00:00,Fluxo,KRÜ,,,team1,Regional Clash Arena South America 2024,0
hltv_match_2372525,2024-06-09 02:00:00+00:00,Rooster,FlyQuest,,,team2,ESL Challenger League Season 47 Oceania,0
hltv_match_2372833,2024-06-09 05:00:00+00:00,Nemiga,Zero Tenacity,,,team1,RES Regional Series 5 Europe,0
hltv_match_2373093,2024-06-09 06:00:00+00:00,Aurora,SINNERS,,,team2,ESL Pro League Season 20 Europe Closed Qualifier,0
hltv_match_2372614,2024-06-09 06:00:00+00:00,ATOX,Lynn Vision,,,team2,ESL Challenger League Season 47 Asia-Pacific,0
hltv_match_2373001,2024-06-09 06:00:00+00:00,EYEBALLERS,Nexus,,,team1,Regional Clash Arena Europe 2024,0
hltv_match_2373091,2024-06-09 06:20:00+00:00,PARIVISION,SAW,,,team2,ESL Pro League Season 20 Europe Closed Qualifier,0
hltv_match_2373064,2024-06-09 07:25:00+00:00,Lilmix,Alliance,,,team2,SubZero E-games 2024,0
hltv_match_2373094,2024-06-09 07:30:00+00:00,Monte,PARIVISION,,,team2,ESL Pro League Season 20 Europe Closed Qualifier,0
hltv_match_2373096,2024-06-09 07:30:00+00:00,3DMAX,Aurora,,,team1,ESL Pro League Season 20 Europe Closed Qualifier,0
hltv_match_2373089,2024-06-09 07:45:00+00:00,HAVENs,Esprots,,,team1,MÖÖ Lan 2024,0
hltv_match_2372895,2024-06-09 07:50:00+00:00,Zero Tenacity,HAVU,,,team1,CCT Season 2 Europe Series 5,0
hltv_match_2372641,2024-06-09 08:00:00+00:00,AMKAL,B8,,,team1,RES European Masters 2 Fall 2024 - BLAST Premier Qualifier,0
hltv_match_2373100,2024-06-09 09:00:00+00:00,3DMAX,SINNERS,,,team2,ESL Pro League Season 20 Europe Closed Qualifier,0
hltv_match_2373098,2024-06-09 09:00:00+00:00,Monte,SAW,,,team2,ESL Pro League Season 20 Europe Closed Qualifier,0
hltv_match_2373017,2024-06-09 10:00:00+00:00,BESTIA,Sharks,,,team2,Regional Clash Arena South America 2024,0
hltv_match_2373102,2024-06-09 10:25:00+00:00,Monte,3DMAX,,,team1,ESL Pro League Season 20 Europe Closed Qualifier,0
hltv_match_2373105,2024-06-09 10:25:00+00:00,SAW,SINNERS,,,team2,ESL Pro League Season 20 Europe Closed Qualifier,0
hltv_match_2373104,2024-06-09 10:30:00+00:00,PARIVISION,Aurora,,,team2,ESL Pro League Season 20 Europe Closed Qualifier,0
hltv_match_2372879,2024-06-09 10:30:00+00:00,Imperial,ODDIK,,,team1,CCT Season 2 South America Series 1,0
hltv_match_2373065,2024-06-09 11:00:00+00:00,Johnny Speeds,Alliance,,,team1,SubZero E-games 2024,0
hltv_match_2372733,2024-06-09 11:00:00+00:00,The MongolZ,Ninjas in Pyjamas,,,team1,YaLLa Compass 2024,0
hltv_match_2372835,2024-06-09 11:05:00+00:00,EYEBALLERS,CYBERSHOKE,,,team2,RES Regional Series 5 Europe,0
hltv_match_2372642,2024-06-09 11:30:00+00:00,Aurora,Monte,,,team2,RES European Masters 2 Fall 2024 - BLAST Premier Qualifier,0
hltv_match_2373121,2024-06-09 12:00:00+00:00,RUBY,Insilio,,,team2,ESEA Advanced Season 49 Europe,0
hltv_match_2373005,2024-06-09 12:00:00+00:00,MOUZ NXT,GhoulsW,,,team1,Regional Clash Arena Europe 2024,0
hltv_match_2373004,2024-06-09 12:00:00+00:00,3DMAX,9INE,,,team2,Regional Clash Arena Europe 2024,0
hltv_match_2372998,2024-06-09 13:00:00+00:00,NRG,M80,,,team1,Ace North American Masters Fall 2024 - BLAST Premier Qualifier,0
hltv_match_2372880,2024-06-09 13:55:00+00:00,Sharks,paiN,,,team2,CCT Season 2 South America Series 1,0
hltv_match_2372643,2024-06-09 14:00:00+00:00,AMKAL,Monte,,,team1,RES European Masters 2 Fall 2024 - BLAST Premier Qualifier,0
hltv_match_2372597,2024-06-09 16:40:00+00:00,RED Canids,Imperial,,,team2,ESL Challenger League Season 47 South America,0
hltv_match_2373021,2024-06-09 17:00:00+00:00,ODDIK,Galorys,,,team1,Regional Clash Arena South America 2024,0
hltv_match_2372882,2024-06-09 20:00:00+00:00,BESTIA,RED Canids,,,team1,CCT Season 2 South America Series 1,0
hltv_match_2372585,2024-06-09 20:00:00+00:00,M80,Wildcard,,,team1,ESL Challenger League Season 47 North America,0
hltv_match_2372897,2024-06-10 04:30:00+00:00,SINNERS,Rare Atom,,,team2,CCT Season 2 Europe Series 5,0
hltv_match_2373109,2024-06-10 06:00:00+00:00,SAW,Aurora,,,team1,ESL Pro League Season 20 Europe Closed Qualifier,0
hltv_match_2373108,2024-06-10 06:00:00+00:00,PARIVISION,SINNERS,,,team2,ESL Pro League Season 20 Europe Closed Qualifier,0
hltv_match_2373110,2024-06-10 07:30:00+00:00,Monte,Aurora,,,team2,ESL Pro League Season 20 Europe Closed Qualifier,0
hltv_match_2373112,2024-06-10 07:30:00+00:00,PARIVISION,3DMAX,,,team2,ESL Pro League Season 20 Europe Closed Qualifier,0
hltv_match_2372898,2024-06-10 07:30:00+00:00,GUN5,EYEBALLERS,,,team1,CCT Season 2 Europe Series 5,0
hltv_match_2373114,2024-06-10 09:00:00+00:00,Monte,SINNERS,,,team1,ESL Pro League Season 20 Europe Closed Qualifier,0
hltv_match_2373117,2024-06-10 09:00:00+00:00,SAW,3DMAX,,,team2,ESL Pro League Season 20 Europe Closed Qualifier,0
hltv_match_2372883,2024-06-10 10:30:00+00:00,Imperial,paiN,,,team2,CCT Season 2 South America Series 1,0
hltv_match_2373008,2024-06-10 12:00:00+00:00,EYEBALLERS,3DMAX,,,team2,Regional Clash Arena Europe 2024,0
hltv_match_2372884,2024-06-10 13:55:00+00:00,Bounty Hunters,BESTIA,,,team2,CCT Season 2 South America Series 1,0
hltv_match_2373122,2024-06-10 14:30:00+00:00,ARCRED,Insilio,,,team2,ESEA Advanced Season 49 Europe,0
hltv_match_2372885,2024-06-10 18:35:00+00:00,paiN,BESTIA,,,team1,CCT Season 2 South America Series 1,0
hltv_match_2372901,2024-06-11 07:30:00+00:00,Zero Tenacity,EYEBALLERS,,,team1,CCT Season 2 Europe Series 5,0
hltv_match_2373024,2024-06-11 10:30:00+00:00,Bounty Hunters,KRÜ,,,team2,Regional Clash Arena South America 2024,0
hltv_match_2373168,2024-06-11 13:00:00+00:00,FAVBET,Nexus,,,team1,ESL Challenger League Season 47 Europe Relegation,0
hltv_match_2373120,2024-06-11 14:00:00+00:00,SINNERS,3DMAX,,,team2,ESL Pro League Season 20 Europe Closed Qualifier,0
hltv_match_2373169,2024-06-12 06:00:00+00:00,Monte,FORZE Reload,,,team1,Skyesports Championship 2024 Europe Closed Qualifier,0
hltv_match_2372734,2024-06-12 07:00:00+00:00,FaZe,SAW,,,team1,BLAST Premier Spring Final 2024,0
hltv_match_2372735,2024-06-12 09:25:00+00:00,Natus Vincere,Astralis,,,team1,BLAST Premier Spring Final 2024,0
hltv_match_2373132,2024-06-12 11:00:00+00:00,CPH Wolves,WOPA,,,team1,POWER Ligaen Season 26,0
hltv_match_2372738,2024-06-12 11:45:00+00:00,Vitality,Virtus.pro,,,team2,BLAST Premier Spring Final 2024,0
hltv_match_2373176,2024-06-12 13:00:00+00:00,Zero Tenacity,9INE,,,team1,ESL Challenger League Season 47 Europe Relegation,0
hltv_match_2373177,2024-06-12 13:00:00+00:00,FAVBET,Nemiga,,,team1,ESL Challenger League Season 47 Europe Relegation,0
hltv_match_2373133,2024-06-12 13:15:00+00:00,CPH Wolves,Sashi,,,team2,POWER Ligaen Season 26,0
hltv_match_2372739,2024-06-12 15:50:00+00:00,Spirit,G2,,,team1,BLAST Premier Spring Final 2024,0
hltv_match_2372903,2024-06-13 04:00:00+00:00,B8,MOUZ NXT,,,team1,CCT Season 2 Europe Series 5,0
hltv_match_2373171,2024-06-13 06:00:00+00:00,3DMAX,VP.Prodigy,,,team1,Skyesports Championship 2024 Europe Closed Qualifier,0
hltv_match_2372737,2024-06-13 07:00:00+00:00,SAW,Astralis,,,team2,BLAST Premier Spring Final 2024,0
hltv_match_2373134,2024-06-13 07:00:00+00:00,ARCRED,CYBERSHOKE,,,team1,Regional Clash Arena CIS 2024,0
hltv_match_2372736,2024-06-13 08:50:00+00:00,FaZe,Natus Vincere,,,team2,BLAST Premier Spring Final 2024,0
hltv_match_2373135,2024-06-13 10:00:00+00:00,VP.Prodigy,HOTU,,,team1,Regional Clash Arena CIS 2024,0
hltv_match_2372905,2024-06-13 10:00:00+00:00,Monte,Zero Tenacity,,,team1,CCT Season 2 Europe Series 5,0
hltv_match_2373010,2024-06-13 11:45:00+00:00,9INE,3DMAX,,,team2,Regional Clash Arena Europe 2024,0
hltv_match_2372740,2024-06-13 12:05:00+00:00,Vitality,G2,,,team1,BLAST Premier Spring Final 2024,0
hltv_match_2372741,2024-06-13 15:15:00+00:00,Virtus.pro,Spirit,,,team2,BLAST Premier Spring Final 2024,0
hltv_match_2373026,2024-06-13 16:00:00+00:00,paiN,KRÜ,,,team1,Regional Clash Arena South America 2024,0
hltv_match_2373045,2024-06-13 20:05:00+00:00,Mythic,LAG,,,team1,CCT Season 2 North America Series 1,0
hltv_match_2372907,2024-06-14 04:00:00+00:00,3DMAX,Passion UA,,,team1,CCT Season 2 Europe Series 5,0
hltv_match_2373067,2024-06-14 05:25:00+00:00,Aurora,Falcons,,,team1,ESL Challenger Jönköping 2024,0
hltv_match_2373136,2024-06-14 07:00:00+00:00,GUN5,Spirit Academy,,,team2,Regional Clash Arena CIS 2024,0
hltv_match_2373069,2024-06-14 08:25:00+00:00,ENCE,MIBR,,,team1,ESL Challenger Jönköping 2024,0
hltv_match_2373128,2024-06-14 08:45:00+00:00,Johnny Speeds,Lilmix,,,team1,Svenska Elitserien Spring 2024 Finals,0
hltv_match_2373174,2024-06-14 09:30:00+00:00,3DMAX,Sashi,,,team1,Skyesports Championship 2024 Europe Closed Qualifier,0
hltv_match_2373070,2024-06-14 10:00:00+00:00,The MongolZ,Aurora,,,team2,ESL Challenger Jönköping 2024,0
hltv_match_2372742,2024-06-14 11:00:00+00:00,FaZe,Vitality,,,team2,BLAST Premier Spring Final 2024,0
hltv_match_2373189,2024-06-14 13:00:00+00:00,RUBY,Zero Tenacity,,,team2,ESL Challenger League Season 47 Europe Relegation,0
hltv_match_2373191,2024-06-14 13:00:00+00:00,EYEBALLERS,9INE,,,team1,ESL Challenger League Season 47 Europe Relegation,0
hltv_match_2373190,2024-06-14 13:00:00+00:00,ARCRED,FAVBET,,,team1,ESL Challenger League Season 47 Europe Relegation,0
hltv_match_2372776,2024-06-14 13:00:00+00:00,paiN,BESTIA,,,team1,FiReLEAGUE 2024 Global Finals,0
hltv_match_2372910,2024-06-14 13:00:00+00:00,Gaimin Gladiators,GUN5,,,team2,CCT Season 2 Europe Series 5,0
hltv_match_2373072,2024-06-14 13:00:00+00:00,MIBR,Alliance,,,team1,ESL Challenger Jönköping 2024,0
hltv_match_2372743,2024-06-14 14:40:00+00:00,Astralis,Virtus.pro,,,team2,BLAST Premier Spring Final 2024,0
hltv_match_2372777,2024-06-14 15:00:00+00:00,Ninjas in Pyjamas,9z,,,team1,FiReLEAGUE 2024 Global Finals,0
hltv_match_2373028,2024-06-14 16:00:00+00:00,Fluxo,Sharks,,,team1,Regional Clash Arena South America 2024,0
hltv_match_2372778,2024-06-14 17:10:00+00:00,fnatic,RED Canids,,,team2,FiReLEAGUE 2024 Global Finals,0
hltv_match_2373049,2024-06-14 19:30:00+00:00,Legacy,Akimbo,,,team1,CCT Season 2 North America Series 1,0
hltv_match_2372780,2024-06-14 20:50:00+00:00,paiN,Ninjas in Pyjamas,,,team2,FiReLEAGUE 2024 Global Finals,0
hltv_match_2373138,2024-06-15 07:00:00+00:00,ARCRED,VP.Prodigy,,,team1,Regional Clash Arena CIS 2024,0
hltv_match_2372782,2024-06-15 09:15:00+00:00,BESTIA,9z,,,team2,FiReLEAGUE 2024 Global Finals,0
hltv_match_2373139,2024-06-15 10:00:00+00:00,Spirit Academy,RUBY,,,team2,Regional Clash Arena CIS 2024,0
hltv_match_2373130,2024-06-15 10:10:00+00:00,Johnny Speeds,Lilmix,,,team1,Svenska Elitserien Spring 2024 Finals,0
hltv_match_2373075,2024-06-15 10:45:00+00:00,The MongolZ,Falcons,,,team2,ESL Challenger Jönköping 2024,0
hltv_match_2373029,2024-06-15 11:00:00+00:00,ODDIK,paiN,,,team2,Regional Clash Arena South America 2024,0
hltv_match_2372744,2024-06-15 11:00:00+00:00,Spirit,Vitality,,,team1,BLAST Premier Spring Final 2024,0
hltv_match_2372783,2024-06-15 12:10:00+00:00,fnatic,Imperial,,,team1,FiReLEAGUE 2024 Global Finals,0
hltv_match_2373194,2024-06-15 13:00:00+00:00,Zero Tenacity,Nemiga,,,team2,ESL Challenger League Season 47 Europe Relegation,0
hltv_match_2373195,2024-06-15 13:00:00+00:00,ARCRED,EYEBALLERS,,,team1,ESL Challenger League Season 47 Europe Relegation,0
hltv_match_2373197,2024-06-15 13:00:00+00:00,FAVBET,9INE,,,team1,ESL Challenger League Season 47 Europe Relegation,0
hltv_match_2372914,2024-06-15 14:00:00+00:00,3DMAX,GUN5,,,team1,CCT Season 2 Europe Series 5,0
hltv_match_2372745,2024-06-15 15:10:00+00:00,Natus Vincere,Virtus.pro,,,team1,BLAST Premier Spring Final 2024,0
hltv_match_2372784,2024-06-15 16:25:00+00:00,paiN,9z,,,team2,FiReLEAGUE 2024 Global Finals,0
hltv_match_2372785,2024-06-15 19:30:00+00:00,RED Canids,fnatic,,,team2,FiReLEAGUE 2024 Global Finals,0
hltv_match_2373053,2024-06-15 19:30:00+00:00,Wildcard,Mythic,,,team1,CCT Season 2 North America Series 1,0
hltv_match_2372915,2024-06-16 06:00:00+00:00,B8,Monte,,,team1,CCT Season 2 Europe Series 5,0
hltv_match_2373076,2024-06-16 07:15:00+00:00,ENCE,Falcons,,,team2,ESL Challenger Jönköping 2024,0
hltv_match_2373162,2024-06-16 08:00:00+00:00,CPH Wolves,777,,,team1,CCT Season 2 Europe Series 6 Closed Qualifier,0
hltv_match_2373140,2024-06-16 08:00:00+00:00,ARCRED,RUBY,,,team2,Regional Clash Arena CIS 2024,0
hltv_match_2372746,2024-06-16 10:00:00+00:00,Spirit,Natus Vincere,,,team1,BLAST Premier Spring Final 2024,0
hltv_match_2372917,2024-06-16 12:00:00+00:00,B8,3DMAX,,,team1,CCT Season 2 Europe Series 5,0
hltv_match_2373199,2024-06-16 13:00:00+00:00,Zero Tenacity,FAVBET,,,team1,ESL Challenger League Season 47 Europe Relegation,0
hltv_match_2373031,2024-06-16 14:00:00+00:00,paiN,Fluxo,,,team2,Regional Clash Arena South America 2024,0
hltv_match_2372787,2024-06-16 15:15:00+00:00,Ninjas in Pyjamas,fnatic,,,team2,FiReLEAGUE 2024 Global Finals,0
hltv_match_2372788,2024-06-16 19:40:00+00:00,9z,fnatic,,,team1,FiReLEAGUE 2024 Global Finals,0
hltv_match_2373207,2024-06-18 04:00:00+00:00,kONO,UNiTY,,,team1,United21 League Season 16,0
hltv_match_2373252,2024-06-27 15:30:00+00:00,KRÜ,Galorys,,,team2,United21 League South America Season 1,0
hltv_match_2373323,2024-06-27 19:00:00+00:00,Galorys,Sharks,,,team2,Aorus League Brazil 2024 Season 1,0
hltv_match_2373324,2024-06-28 13:45:00+00:00,Bounty Hunters,Sharks,,,team1,Aorus League Brazil 2024 Season 1,0
hltv_match_2373254,2024-06-28 16:50:00+00:00,Sharks,KRÜ,,,team1,United21 League South America Season 1,0
hltv_match_2373331,2024-06-30 08:15:00+00:00,kONO,Lazer Cats,,,team1,ROG Summer Cup 2024,0
hltv_match_2373339,2024-07-05 07:50:00+00:00,kONO,Johnny Speeds,,,team2,United21 League Season 17,0
hltv_match_2373340,2024-07-06 04:00:00+00:00,BRUTE,kONO,,,team2,United21 League Season 17,0
hltv_match_2373348,2024-07-08 11:10:00+00:00,BESTIA,Bounty Hunters,,,team2,CBCS Season 5,0
hltv_match_2373412,2024-07-09 06:00:00+00:00,Passion UA,Insilio,,,team1,Skin.Club Summer Cup 2024,0
hltv_match_2373428,2024-07-09 07:30:00+00:00,Johnny Speeds,9INE,,,team1,European Pro League Season 17,0
hltv_match_2373354,2024-07-09 16:30:00+00:00,RED Canids,Bounty Hunters,,,team1,CBCS Season 5,0
hltv_match_2373355,2024-07-09 17:30:00+00:00,KRÜ,Sharks,,,team1,CBCS Season 5,0
hltv_match_2373414,2024-07-10 06:00:00+00:00,Sashi,9INE,,,team1,Skin.Club Summer Cup 2024,0
hltv_match_2373416,2024-07-10 08:45:00+00:00,Sashi,Johnny Speeds,,,team2,Skin.Club Summer Cup 2024,0
hltv_match_2373364,2024-07-10 16:40:00+00:00,Sharks,BESTIA,,,team1,CBCS Season 5,0
hltv_match_2373494,2024-07-11 04:00:00+00:00,The MongolZ,Steel Helmet,,,team1,5E Arena Asia Cup Fall 2024 - BLAST Premier Qualifier,0
hltv_match_2373498,2024-07-11 06:30:00+00:00,The MongolZ,Rare Atom,,,team2,5E Arena Asia Cup Fall 2024 - BLAST Premier Qualifier,0
hltv_match_2373358,2024-07-11 14:30:00+00:00,RED Canids,KRÜ,,,team1,CBCS Season 5,0
hltv_match_2373368,2024-07-11 14:45:00+00:00,Sharks,Bounty Hunters,,,team2,CBCS Season 5,0
hltv_match_2373359,2024-07-11 17:55:00+00:00,ODDIK,Legacy,,,team1,CBCS Season 5,0
hltv_match_2373496,2024-07-12 04:00:00+00:00,TYLOO,Alter Ego,,,team1,5E Arena Asia Cup Fall 2024 - BLAST Premier Qualifier,0
hltv_match_2373501,2024-07-12 06:30:00+00:00,TYLOO,Chinggis Warriors,,,team1,5E Arena Asia Cup Fall 2024 - BLAST Premier Qualifier,0
hltv_match_2373503,2024-07-12 09:05:00+00:00,Chinggis Warriors,Alter Ego,,,team2,5E Arena Asia Cup Fall 2024 - BLAST Premier Qualifier,0
hltv_match_2373370,2024-07-12 14:25:00+00:00,Legacy,Bounty Hunters,,,team1,CBCS Season 5,0
hltv_match_2373504,2024-07-13 03:00:00+00:00,Rare Atom,Alter Ego,,,team1,5E Arena Asia Cup Fall 2024 - BLAST Premier Qualifier,0
hltv_match_2373506,2024-07-13 10:10:00+00:00,Rare Atom,TYLOO,,,team1,5E Arena Asia Cup Fall 2024 - BLAST Premier Qualifier,0
hltv_match_2373373,2024-07-13 11:00:00+00:00,ODDIK,KRÜ,,,team1,CBCS Season 5,0
hltv_match_2373372,2024-07-13 14:25:00+00:00,RED Canids,Legacy,,,team2,CBCS Season 5,0
hltv_match_2373374,2024-07-14 11:15:00+00:00,Legacy,ODDIK,,,team2,CBCS Season 5,0
hltv_match_2373440,2024-07-15 04:00:00+00:00,UNiTY,kONO,,,team1,European Pro League Season 17,0
hltv_match_2373217,2024-07-15 05:00:00+00:00,Passion UA,WOPA,,,team1,CCT Season 2 Europe Series 6,0
hltv_match_2373554,2024-07-15 05:00:00+00:00,Sangal,Rebels,,,team1,RES Regional Series 6 Europe,0
hltv_match_2373525,2024-07-15 07:00:00+00:00,SINNERS,Nexus,,,team2,Shuffle Masters Season 1,0
hltv_match_2373218,2024-07-15 08:00:00+00:00,GUN5,CPH Wolves,,,team2,CCT Season 2 Europe Series 6,0
hltv_match_2373556,2024-07-15 11:00:00+00:00,B8,9INE,,,team1,RES Regional Series 6 Europe,0
hltv_match_2373557,2024-07-15 14:00:00+00:00,Nemiga,Passion UA,,,team1,RES Regional Series 6 Europe,0
hltv_match_2373657,2024-07-15 14:00:00+00:00,SAW,SINNERS,,,team1,ESL Challenger League Season 48 Europe,0
hltv_match_2373220,2024-07-15 14:00:00+00:00,VP.Prodigy,Aurora Young Blud,,,team2,CCT Season 2 Europe Series 6,0
hltv_match_2373668,2024-07-15 18:00:00+00:00,Sharks,KRÜ,,,team1,ESL Challenger League Season 48 South America,0
hltv_match_2373666,2024-07-15 19:00:00+00:00,Fluxo,Dusty Roots,,,team1,ESL Challenger League Season 48 South America,0
hltv_match_2373676,2024-07-15 19:00:00+00:00,KRÜ,Sharks,,,team1,ESL Challenger League Season 48 South America,0
hltv_match_2373674,2024-07-15 19:55:00+00:00,Dusty Roots,Fluxo,,,team2,ESL Challenger League Season 48 South America,0
hltv_match_2373624,2024-07-15 21:00:00+00:00,BOSS,Mythic,,,team1,ESL Challenger League Season 48 North America,0
hltv_match_2373628,2024-07-15 22:00:00+00:00,Mythic,BOSS,,,team2,ESL Challenger League Season 48 North America,0
hltv_match_2373641,2024-07-16 05:00:00+00:00,Rooster,Mindfreak,,,team1,ESL Challenger League Season 48 Oceania,0
hltv_match_2373558,2024-07-16 05:00:00+00:00,Zero Tenacity,EYEBALLERS,,,team1,RES Regional Series 6 Europe,0
hltv_match_2373221,2024-07-16 05:00:00+00:00,SINNERS,BC.Game,,,team2,CCT Season 2 Europe Series 6,0
hltv_match_2373648,2024-07-16 05:45:00+00:00,Mindfreak,Rooster,,,team2,ESL Challenger League Season 48 Oceania,0
hltv_match_2373510,2024-07-16 08:00:00+00:00,ECLOT,FAVBET,,,team2,Elisa Invitational Fall 2024 Contenders,0
hltv_match_2373527,2024-07-16 10:00:00+00:00,Johnny Speeds,Young Ninjas,,,team1,Shuffle Masters Season 1,0
hltv_match_2373560,2024-07-16 11:00:00+00:00,fnatic,CYBERSHOKE,,,team1,RES Regional Series 6 Europe,0
hltv_match_2373697,2024-07-16 12:00:00+00:00,GUN5,Betera,,,team2,ESL Challenger League Season 48 Europe,0
hltv_match_2373399,2024-07-16 13:00:00+00:00,BESTIA,ODDIK,,,team2,EPL World Series Americas Season 9,0
hltv_match_2373528,2024-07-16 13:00:00+00:00,9INE,CPH Wolves,,,team1,Shuffle Masters Season 1,0
hltv_match_2373660,2024-07-16 14:00:00+00:00,Nemiga,ARCRED,,,team1,ESL Challenger League Season 48 Europe,0
hltv_match_2373661,2024-07-16 14:00:00+00:00,Monte,Zero Tenacity,,,team2,ESL Challenger League Season 48 Europe,0
hltv_match_2373561,2024-07-16 14:05:00+00:00,Ninjas in Pyjamas,Nexus,,,team1,RES Regional Series 6 Europe,0
hltv_match_2373542,2024-07-16 16:00:00+00:00,KRÜ,Dusty Roots,,,team2,CCT Season 2 South America Series 2,0
hltv_match_2373685,2024-07-16 18:00:00+00:00,BESTIA,ODDIK,,,team1,ESL Challenger League Season 48 South America,0
hltv_match_2373681,2024-07-16 18:00:00+00:00,Galorys,paiN,,,team2,ESL Challenger League Season 48 South America,0
hltv_match_2373679,2024-07-16 18:00:00+00:00,Sharks,RED Canids,,,team2,ESL Challenger League Season 48 South America,0
hltv_match_2373693,2024-07-16 18:55:00+00:00,ODDIK,BESTIA,,,team1,ESL Challenger League Season 48 South America,0
hltv_match_2373689,2024-07-16 19:15:00+00:00,paiN,Galorys,,,team1,ESL Challenger League Season 48 South America,0
hltv_match_2373687,2024-07-16 19:25:00+00:00,RED Canids,Sharks,,,team1,ESL Challenger League Season 48 South America,0
hltv_match_2373632,2024-07-16 20:30:00+00:00,Wildcard,LAG,,,team2,ESL Challenger League Season 48 North America,0
hltv_match_2373638,2024-07-16 21:30:00+00:00,LAG,Wildcard,,,team2,ESL Challenger League Season 48 North America,0
hltv_match_2373562,2024-07-17 05:00:00+00:00,Rebels,9INE,,,team1,RES Regional Series 6 Europe,0
hltv_match_2373225,2024-07-17 05:00:00+00:00,GUN5,WOPA,,,team1,CCT Season 2 Europe Series 6,0
hltv_match_2373269,2024-07-17 07:35:00+00:00,MOUZ,Sashi,,,team1,Esports World Cup 2024,0
hltv_match_2373275,2024-07-17 07:40:00+00:00,G2,The MongolZ,,,team1,Esports World Cup 2024,0
hltv_match_2373274,2024-07-17 07:55:00+00:00,FaZe,FlyQuest,,,team1,Esports World Cup 2024,0
hltv_match_2373226,2024-07-17 08:00:00+00:00,VP.Prodigy,RUBY,,,team2,CCT Season 2 Europe Series 6,0
hltv_match_2373563,2024-07-17 08:00:00+00:00,Aurora Young Blud,Passion UA,,,team2,RES Regional Series 6 Europe,0
hltv_match_2373546,2024-07-17 10:00:00+00:00,KRÜ,Yawara,,,team1,CCT Season 2 South America Series 2,0
hltv_match_2373273,2024-07-17 10:55:00+00:00,Vitality,M80,,,team1,Esports World Cup 2024,0
hltv_match_2373271,2024-07-17 10:55:00+00:00,Natus Vincere,FURIA,,,team1,Esports World Cup 2024,0
hltv_match_2373564,2024-07-17 11:00:00+00:00,Sangal,B8,,,team1,RES Regional Series 6 Europe,0
hltv_match_2373270,2024-07-17 14:00:00+00:00,Spirit,MIBR,,,team1,Esports World Cup 2024,0
hltv_match_2373701,2024-07-17 14:15:00+00:00,SAW,Sangal,,,team1,ESL Challenger League Season 48 Europe,0
hltv_match_2373723,2024-07-17 18:00:00+00:00,Fluxo,BESTIA,,,team1,ESL Challenger League Season 48 South America,0
hltv_match_2373726,2024-07-17 18:00:00+00:00,ODDIK,Sharks,,,team2,ESL Challenger League Season 48 South America,0
hltv_match_2373725,2024-07-17 18:00:00+00:00,Imperial,KRÜ,,,team1,ESL Challenger League Season 48 South America,0
hltv_match_2373729,2024-07-17 19:00:00+00:00,Galorys,Dusty Roots,,,team1,ESL Challenger League Season 48 South America,0
hltv_match_2373733,2024-07-17 19:00:00+00:00,Sharks,ODDIK,,,team1,ESL Challenger League Season 48 South America,0
hltv_match_2373730,2024-07-17 19:00:00+00:00,BESTIA,Fluxo,,,team2,ESL Challenger League Season 48 South America,0
hltv_match_2373732,2024-07-17 19:00:00+00:00,KRÜ,Imperial,,,team2,ESL Challenger League Season 48 South America,0
hltv_match_2373736,2024-07-17 20:00:00+00:00,Dusty Roots,Galorys,,,team1,ESL Challenger League Season 48 South America,0
hltv_match_2373704,2024-07-17 21:00:00+00:00,NRG,Mythic,,,team1,ESL Challenger League Season 48 North America,0
hltv_match_2373707,2024-07-17 21:00:00+00:00,BOSS,LAG,,,team1,ESL Challenger League Season 48 North America,0
hltv_match_2373709,2024-07-17 22:00:00+00:00,Mythic,NRG,,,team2,ESL Challenger League Season 48 North America,0
hltv_match_2373712,2024-07-17 22:00:00+00:00,LAG,BOSS,,,team2,ESL Challenger League Season 48 North America,0
hltv_match_2373566,2024-07-18 05:00:00+00:00,EYEBALLERS,CYBERSHOKE,,,team2,RES Regional Series 6 Europe,0
hltv_match_2373512,2024-07-18 05:00:00+00:00,kONO,Lilmix,,,team2,Elisa Invitational Fall 2024 Contenders,0
hltv_match_2373229,2024-07-18 05:00:00+00:00,Passion UA,CPH Wolves,,,team2,CCT Season 2 Europe Series 6,0
hltv_match_2373650,2024-07-18 05:00:00+00:00,Rooster,DXA,,,team2,ESL Challenger League Season 48 Oceania,0
hltv_match_2373654,2024-07-18 06:00:00+00:00,DXA,Rooster,,,team2,ESL Challenger League Season 48 Oceania,0
hltv_match_2373277,2024-07-18 06:35:00+00:00,FlyQuest,FURIA,,,team2,Esports World Cup 2024,0
hltv_match_2373276,2024-07-18 06:45:00+00:00,JiJieHao,Sashi,,,team2,Esports World Cup 2024,0
hltv_match_2373443,2024-07-18 06:55:00+00:00,Johnny Speeds,Passion UA,,,team2,European Pro League Season 17,0
hltv_match_2373230,2024-07-18 08:00:00+00:00,Metizport,BC.Game,,,team2,CCT Season 2 Europe Series 6,0
hltv_match_2373278,2024-07-18 08:15:00+00:00,The MongolZ,MIBR,,,team1,Esports World Cup 2024,0
hltv_match_2373533,2024-07-18 10:00:00+00:00,Johnny Speeds,9INE,,,team1,Shuffle Masters Season 1,0
hltv_match_2373280,2024-07-18 10:05:00+00:00,Sashi,FURIA,,,team2,Esports World Cup 2024,0
hltv_match_2373568,2024-07-18 11:00:00+00:00,Zero Tenacity,fnatic,,,team1,RES Regional Series 6 Europe,0
hltv_match_2373755,2024-07-18 11:00:00+00:00,Insilio,EYEBALLERS,,,team1,ESL Challenger League Season 48 Europe,0
hltv_match_2373281,2024-07-18 12:10:00+00:00,The MongolZ,M80,,,team1,Esports World Cup 2024,0
hltv_match_2373327,2024-07-18 12:40:00+00:00,BESTIA,ODDIK,,,team2,Ace South American Masters Fall 2024 - BLAST Premier Qualifier,0
hltv_match_2373282,2024-07-18 13:40:00+00:00,FURIA,The MongolZ,,,team1,Esports World Cup 2024,0
hltv_match_2373829,2024-07-18 13:50:00+00:00,Imperial,ODDIK,,,team2,Ace South American Masters Fall 2024 - BLAST Premier Qualifier,0
hltv_match_2373569,2024-07-18 14:00:00+00:00,MOUZ NXT,Ninjas in Pyjamas,,,team2,RES Regional Series 6 Europe,0
hltv_match_2373760,2024-07-18 14:00:00+00:00,Fluxo,Galorys,,,team1,Thunderpick World Championship 2024 SA Closed Qualifier 2,0
hltv_match_2373751,2024-07-18 14:00:00+00:00,Aurora,B8,,,team1,ESL Challenger League Season 48 Europe,0
hltv_match_2373285,2024-07-18 15:10:00+00:00,Spirit,G2,,,team2,Esports World Cup 2024,0
hltv_match_2373831,2024-07-18 15:25:00+00:00,Imperial,BESTIA,,,team1,Ace South American Masters Fall 2024 - BLAST Premier Qualifier,0
hltv_match_2373741,2024-07-18 18:00:00+00:00,Sharks,Fluxo,,,team2,ESL Challenger League Season 48 South America,0
hltv_match_2373737,2024-07-18 18:00:00+00:00,Dusty Roots,paiN,,,team2,ESL Challenger League Season 48 South America,0
hltv_match_2373744,2024-07-18 18:50:00+00:00,paiN,Dusty Roots,,,team1,ESL Challenger League Season 48 South America,0
hltv_match_2373748,2024-07-18 19:10:00+00:00,Fluxo,Sharks,,,team1,ESL Challenger League Season 48 South America,0
hltv_match_2373715,2024-07-18 21:00:00+00:00,Wildcard,Take Flyte,,,team1,ESL Challenger League Season 48 North America,0
hltv_match_2373720,2024-07-18 22:00:00+00:00,Take Flyte,Wildcard,,,team2,ESL Challenger League Season 48 North America,0
hltv_match_2373444,2024-07-19 04:00:00+00:00,Insilio,9INE,,,team2,European Pro League Season 17,0
hltv_match_2373290,2024-07-19 05:00:00+00:00,VP.Prodigy,WOPA,,,team2,CCT Season 2 Europe Series 6,0
hltv_match_2373570,2024-07-19 05:00:00+00:00,Rebels,B8,,,team2,RES Regional Series 6 Europe,0
hltv_match_2373286,2024-07-19 07:30:00+00:00,Vitality,Virtus.pro,,,team2,Esports World Cup 2024,0
hltv_match_2373571,2024-07-19 08:00:00+00:00,Passion UA,Nemiga,,,team1,RES Regional Series 6 Europe,0
hltv_match_2373572,2024-07-19 11:00:00+00:00,CYBERSHOKE,fnatic,,,team2,RES Regional Series 6 Europe,0
hltv_match_2373284,2024-07-19 11:55:00+00:00,MOUZ,FURIA,,,team1,Esports World Cup 2024,0
hltv_match_2373832,2024-07-19 15:30:00+00:00,paiN,Fluxo,,,team1,Ace South American Masters Fall 2024 - BLAST Premier Qualifier,0
hltv_match_2373283,2024-07-19 15:50:00+00:00,Natus Vincere,FaZe,,,team1,Esports World Cup 2024,0
hltv_match_2373764,2024-07-19 17:00:00+00:00,BESTIA,KRÜ,,,team1,Thunderpick World Championship 2024 SA Closed Qualifier 2,0
hltv_match_2373841,2024-07-19 19:00:00+00:00,Bounty Hunters,9z Academy,,,team1,CCT Season 2 South America Series 2,0
hltv_match_2373294,2024-07-20 05:00:00+00:00,Passion UA,RUBY,,,team1,CCT Season 2 Europe Series 6,0
hltv_match_2373574,2024-07-20 05:00:00+00:00,Sangal,fnatic,,,team2,RES Regional Series 6 Europe,0
hltv_match_2373447,2024-07-20 07:05:00+00:00,Insilio,UNiTY,,,team1,European Pro League Season 17,0
hltv_match_2373287,2024-07-20 10:45:00+00:00,G2,Virtus.pro,,,team1,Esports World Cup 2024,0
hltv_match_2373765,2024-07-20 11:00:00+00:00,paiN,Bounty Hunters,,,team1,Thunderpick World Championship 2024 SA Closed Qualifier 2,0
hltv_match_2373576,2024-07-20 11:00:00+00:00,Ninjas in Pyjamas,Passion UA,,,team2,RES Regional Series 6 Europe,0
hltv_match_2373835,2024-07-20 12:00:00+00:00,ODDIK,Fluxo,,,team2,Ace South American Masters Fall 2024 - BLAST Premier Qualifier,0
hltv_match_2373537,2024-07-20 13:00:00+00:00,Nexus,Johnny Speeds,,,team2,Shuffle Masters Season 1,0
hltv_match_2373288,2024-07-20 14:00:00+00:00,MOUZ,Natus Vincere,,,team2,Esports World Cup 2024,0
hltv_match_2373577,2024-07-20 14:00:00+00:00,Zero Tenacity,B8,,,team1,RES Regional Series 6 Europe,0
hltv_match_2373297,2024-07-20 14:15:00+00:00,Aurora Young Blud,BC.Game,,,team1,CCT Season 2 Europe Series 6,0
hltv_match_2373836,2024-07-20 14:30:00+00:00,Imperial,paiN,,,team2,Ace South American Masters Fall 2024 - BLAST Premier Qualifier,0
hltv_match_2373767,2024-07-20 17:00:00+00:00,Fluxo,Sharks,,,team1,Thunderpick World Championship 2024 SA Closed Qualifier 2,0
hltv_match_2373846,2024-07-20 18:00:00+00:00,BOSS,NRG,,,team2,PrizePicks NA Revival Series 1,0
hltv_match_2373578,2024-07-21 08:00:00+00:00,fnatic,MOUZ NXT,,,team1,RES Regional Series 6 Europe,0
hltv_match_2373579,2024-07-21 11:00:00+00:00,Zero Tenacity,Passion UA,,,team2,RES Regional Series 6 Europe,0
hltv_match_2373837,2024-07-21 12:00:00+00:00,Fluxo,paiN,,,team2,Ace South American Masters Fall 2024 - BLAST Premier Qualifier,0
hltv_match_2373768,2024-07-21 13:00:00+00:00,RED Canids,BESTIA,,,team2,Thunderpick World Championship 2024 SA Closed Qualifier 2,0
hltv_match_2373855,2024-07-21 14:00:00+00:00,Dusty Roots,9z Academy,,,team1,CCT Season 2 South America Series 2,0
hltv_match_2373289,2024-07-21 14:00:00+00:00,G2,Natus Vincere,,,team2,Esports World Cup 2024,0
hltv_match_2373769,2024-07-21 16:00:00+00:00,paiN,Fluxo,,,team2,Thunderpick World Championship 2024 SA Closed Qualifier 2,0
hltv_match_2373856,2024-07-21 17:00:00+00:00,Galorys,Yawara,,,team1,CCT Season 2 South America Series 2,0
hltv_match_2373852,2024-07-21 21:20:00+00:00,NRG,Wildcard,,,team2,PrizePicks NA Revival Series 1,0
hltv_match_2373451,2024-07-22 06:30:00+00:00,Rebels,Insilio,,,team1,European Pro League Season 17,0
hltv_match_2373301,2024-07-22 07:00:00+00:00,Passion UA,BC.Game,,,team1,CCT Season 2 Europe Series 6,0
hltv_match_2373302,2024-07-22 09:30:00+00:00,SINNERS,CPH Wolves,,,team1,CCT Season 2 Europe Series 6,0
hltv_match_2373580,2024-07-22 11:00:00+00:00,fnatic,Passion UA,,,team1,RES Regional Series 6 Europe,0
hltv_match_2373864,2024-07-22 12:00:00+00:00,RED Canids,paiN Academy,,,team1,Circuito Estadual FERJEE 2024,0
hltv_match_2373770,2024-07-22 14:00:00+00:00,BESTIA,Fluxo,,,team1,Thunderpick World Championship 2024 SA Closed Qualifier 2,0
hltv_match_2373453,2024-07-23 06:30:00+00:00,Passion UA,9INE,,,team1,European Pro League Season 17,0
hltv_match_2373304,2024-07-23 06:30:00+00:00,Metizport,RUBY,,,team2,CCT Season 2 Europe Series 6,0
hltv_match_2373305,2024-07-23 09:30:00+00:00,GUN5,BC.Game,,,team2,CCT Season 2 Europe Series 6,0
hltv_match_2373970,2024-07-23 18:20:00+00:00,Dusty Roots,Fluxo,,,team2,IEM Rio 2024 South America Open Qualifier 1,0
hltv_match_2373969,2024-07-23 18:30:00+00:00,Atrix,Imperial,,,team2,IEM Rio 2024 South America Open Qualifier 1,0
hltv_match_2373975,2024-07-23 19:20:00+00:00,RED Canids,KRÜ,,,team1,IEM Rio 2024 South America Open Qualifier 1,0
hltv_match_2373977,2024-07-23 19:30:00+00:00,Fluxo,BESTIA,,,team1,IEM Rio 2024 South America Open Qualifier 1,0
hltv_match_2373978,2024-07-23 19:40:00+00:00,ODDIK,Sharks,,,team1,IEM Rio 2024 South America Open Qualifier 1,0
hltv_match_2373583,2024-07-24 03:30:00+00:00,Aurora,PARIVISION,,,team1,Skyesports Championship 2024,0
hltv_match_2373454,2024-07-24 04:00:00+00:00,Rebels,9INE,,,team2,European Pro League Season 17,0
hltv_match_2373586,2024-07-24 06:20:00+00:00,3DMAX,AMKAL,,,team1,Skyesports Championship 2024,0
hltv_match_2373587,2024-07-24 07:30:00+00:00,The MongolZ,PARIVISION,,,team2,Skyesports Championship 2024,0
hltv_match_2373916,2024-07-24 10:00:00+00:00,Zero Tenacity,Insilio,,,team1,ESL Challenger League Season 48 Europe,0
hltv_match_2373909,2024-07-24 11:00:00+00:00,SAW,Rebels,,,team2,ESL Challenger League Season 48 Europe,0
hltv_match_2373867,2024-07-24 11:00:00+00:00,Sharks,Yawara,,,team1,Circuito Estadual FERJEE 2024,0
hltv_match_2373823,2024-07-24 11:30:00+00:00,1win,BC.Game,,,team1,CCT Season 2 Europe Series 7,0
hltv_match_2373599,2024-07-24 11:50:00+00:00,The MongolZ,ENCE,,,team1,Skyesports Championship 2024,0
hltv_match_2373914,2024-07-24 14:00:00+00:00,Monte,Sashi,,,team2,ESL Challenger League Season 48 Europe,0
hltv_match_2373980,2024-07-24 17:00:00+00:00,RED Canids,ODDIK,,,team1,IEM Rio 2024 South America Open Qualifier 1,0
hltv_match_2373993,2024-07-24 18:45:00+00:00,Fluxo,RED Canids,,,team2,IEM Rio 2024 South America Open Qualifier 1,0
hltv_match_2373591,2024-07-25 03:30:00+00:00,Aurora,ENCE,,,team1,Skyesports Championship 2024,0
hltv_match_2373455,2024-07-25 04:00:00+00:00,Passion UA,9INE,,,team1,European Pro League Season 17,0
hltv_match_2373521,2024-07-25 05:00:00+00:00,kONO,Nexus,,,team1,Elisa Invitational Fall 2024 Contenders,0
hltv_match_2373307,2024-07-25 05:00:00+00:00,MOUZ NXT,Aurora Young Blud,,,team1,CCT Season 2 Europe Series 6,0
hltv_match_2373594,2024-07-25 06:30:00+00:00,Eternal Fire,AMKAL,,,team1,Skyesports Championship 2024,0
hltv_match_2373308,2024-07-25 08:00:00+00:00,SAW,BC.Game,,,team1,CCT Season 2 Europe Series 6,0
hltv_match_2373522,2024-07-25 08:00:00+00:00,ECLOT,HAVU,,,team1,Elisa Invitational Fall 2024 Contenders,0
hltv_match_2373826,2024-07-25 08:30:00+00:00,GUN5,CYBERSHOKE,,,team2,CCT Season 2 Europe Series 7,0
hltv_match_2373595,2024-07-25 08:55:00+00:00,PARIVISION,ENCE,,,team2,Skyesports Championship 2024,0
hltv_match_2373309,2024-07-25 11:00:00+00:00,9z,RUBY,,,team1,CCT Season 2 Europe Series 6,0
hltv_match_2373828,2024-07-25 14:30:00+00:00,Passion UA,EYEBALLERS,,,team2,CCT Season 2 Europe Series 7,0
hltv_match_2373310,2024-07-25 14:35:00+00:00,B8,SINNERS,,,team1,CCT Season 2 Europe Series 6,0
hltv_match_2374002,2024-07-25 15:00:00+00:00,MIBR,Galorys,,,team1,ESL Challenger League Season 48 South America,0
hltv_match_2374003,2024-07-25 16:00:00+00:00,Galorys,MIBR,,,team2,ESL Challenger League Season 48 South America,0
hltv_match_2374053,2024-07-25 19:50:00+00:00,Imperial,Yawara,,,team1,IEM Rio 2024 South America Open Qualifier 2,0
hltv_match_2374057,2024-07-25 20:55:00+00:00,BESTIA,Sharks,,,team2,IEM Rio 2024 South America Open Qualifier 2,0
hltv_match_2373605,2024-07-26 07:35:00+00:00,The MongolZ,Aurora,,,team1,Skyesports Championship 2024,0
hltv_match_2373958,2024-07-26 08:30:00+00:00,GUN5,BC.Game,,,team2,CCT Season 2 Europe Series 7,0
hltv_match_2374066,2024-07-26 08:40:00+00:00,Rare Atom,IHC,,,team1,IEM Rio 2024 Asia Open Qualifier 1,0
hltv_match_2373600,2024-07-26 09:30:00+00:00,Eternal Fire,3DMAX,,,team1,Skyesports Championship 2024,0
hltv_match_2373989,2024-07-26 13:00:00+00:00,RED Canids,ODDIK,,,team2,Circuito Estadual FERJEE 2024,0
hltv_match_2373314,2024-07-26 14:00:00+00:00,Gaimin Gladiators,Passion UA,,,team2,CCT Season 2 Europe Series 6,0
hltv_match_2374059,2024-07-26 17:05:00+00:00,Imperial,Sharks,,,team1,IEM Rio 2024 South America Open Qualifier 2,0
hltv_match_2374061,2024-07-26 18:05:00+00:00,Fluxo,Imperial,,,team2,IEM Rio 2024 South America Open Qualifier 2,0
hltv_match_2373315,2024-07-27 05:00:00+00:00,B8,Sangal,,,team2,CCT Season 2 Europe Series 6,0
hltv_match_2373961,2024-07-27 05:30:00+00:00,Aurora Young Blud,9INE,,,team2,CCT Season 2 Europe Series 7,0
hltv_match_2374072,2024-07-27 07:15:00+00:00,Rare Atom,NomadS,,,team1,IEM Rio 2024 Asia Open Qualifier 1,0
hltv_match_2373316,2024-07-27 08:00:00+00:00,9z,Monte,,,team2,CCT Season 2 Europe Series 6,0
hltv_match_2373611,2024-07-27 08:00:00+00:00,The MongolZ,AMKAL,,,team1,Skyesports Championship 2024,0
hltv_match_2373962,2024-07-27 09:15:00+00:00,EYEBALLERS,CYBERSHOKE,,,team2,CCT Season 2 Europe Series 7,0
hltv_match_2373612,2024-07-27 10:50:00+00:00,3DMAX,ENCE,,,team1,Skyesports Championship 2024,0
hltv_match_2373317,2024-07-27 11:10:00+00:00,fnatic,MOUZ NXT,,,team1,CCT Season 2 Europe Series 6,0
hltv_match_2373963,2024-07-27 11:40:00+00:00,1win,CPH Wolves,,,team1,CCT Season 2 Europe Series 7,0
hltv_match_2373318,2024-07-27 14:35:00+00:00,SAW,Passion UA,,,team1,CCT Season 2 Europe Series 6,0
hltv_match_2374064,2024-07-27 18:20:00+00:00,ODDIK,Galorys,,,team1,KaBuM! Legends 2024,0
hltv_match_2373613,2024-07-28 03:40:00+00:00,Eternal Fire,The MongolZ,,,team2,Skyesports Championship 2024,0
hltv_match_2373319,2024-07-28 06:30:00+00:00,Monte,Sangal,,,team2,CCT Season 2 Europe Series 6,0
hltv_match_2373614,2024-07-28 07:10:00+00:00,Aurora,3DMAX,,,team2,Skyesports Championship 2024,0
hltv_match_2373320,2024-07-28 09:30:00+00:00,fnatic,SAW,,,team1,CCT Season 2 Europe Series 6,0
hltv_match_2374196,2024-07-28 11:00:00+00:00,Insilio,Metizport,,,team1,BetBoom Dacha Belgrade Season 2 Europe Closed Qualifier,0
hltv_match_2373615,2024-07-28 12:00:00+00:00,The MongolZ,3DMAX,,,team2,Skyesports Championship 2024,0
hltv_match_2373321,2024-07-28 12:30:00+00:00,Sangal,fnatic,,,team1,CCT Season 2 Europe Series 6,0
hltv_match_2374125,2024-07-28 15:30:00+00:00,paiN,RED Canids,,,team1,IEM Rio 2024 South America Closed Qualifier,0
hltv_match_2374126,2024-07-28 15:30:00+00:00,Imperial,MIBR,,,team1,IEM Rio 2024 South America Closed Qualifier,0
hltv_match_2374128,2024-07-28 19:30:00+00:00,MIBR,RED Canids,,,team1,IEM Rio 2024 South America Closed Qualifier,0
hltv_match_2374127,2024-07-28 19:30:00+00:00,Imperial,paiN,,,team2,IEM Rio 2024 South America Closed Qualifier,0
hltv_match_2373771,2024-07-29 06:00:00+00:00,Spirit,OG,,,team1,BLAST Premier Fall Groups 2024,0
hltv_match_2374073,2024-07-29 06:00:00+00:00,SINNERS,Alliance,,,team1,YaLLa Compass Summer 2024 Contenders,0
hltv_match_2374020,2024-07-29 08:30:00+00:00,Aurora Young Blud,EYEBALLERS,,,team1,CCT Season 2 Europe Series 7,0
hltv_match_2374074,2024-07-29 09:00:00+00:00,Passion UA,Nexus,,,team1,YaLLa Compass Summer 2024 Contenders,0
hltv_match_2373773,2024-07-29 10:30:00+00:00,Vitality,GamerLegion,,,team1,BLAST Premier Fall Groups 2024,0
hltv_match_2374097,2024-07-29 11:20:00+00:00,CYBERSHOKE,MOUZ NXT,,,team2,Hellcase Cup 10,0
hltv_match_2374021,2024-07-29 11:40:00+00:00,Monte,9INE,,,team1,CCT Season 2 Europe Series 7,0
hltv_match_2373774,2024-07-29 14:15:00+00:00,Astralis,Falcons,,,team1,BLAST Premier Fall Groups 2024,0
hltv_match_2374022,2024-07-29 15:00:00+00:00,1win,CYBERSHOKE,,,team2,CCT Season 2 Europe Series 7,0
hltv_match_2374129,2024-07-29 15:30:00+00:00,MIBR,Imperial,,,team2,IEM Rio 2024 South America Closed Qualifier,0
hltv_match_2374130,2024-07-29 19:30:00+00:00,paiN,Imperial,,,team1,IEM Rio 2024 South America Closed Qualifier,0
hltv_match_2374198,2024-07-30 05:00:00+00:00,Metizport,QUAZAR,,,team1,BetBoom Dacha Belgrade Season 2 Europe Closed Qualifier,0
hltv_match_2373779,2024-07-30 06:00:00+00:00,Spirit,HEROIC,,,team1,BLAST Premier Fall Groups 2024,0
hltv_match_2374136,2024-07-30 08:00:00+00:00,Sangal,SINNERS,,,team1,ESL Challenger League Season 48 Europe,0
hltv_match_2374201,2024-07-30 08:30:00+00:00,Nemiga,G2 Ares,,,team1,BetBoom Dacha Belgrade Season 2 Europe Closed Qualifier,0
hltv_match_2373932,2024-07-30 09:00:00+00:00,Sashi,Zero Tenacity,,,team2,ESL Challenger League Season 48 Europe,0
hltv_match_2374076,2024-07-30 09:00:00+00:00,1win,ECLOT,,,team2,YaLLa Compass Summer 2024 Contenders,0
hltv_match_2374024,2024-07-30 09:30:00+00:00,EYEBALLERS,BC.Game,,,team2,CCT Season 2 Europe Series 7,0
hltv_match_2373781,2024-07-30 11:15:00+00:00,Vitality,Astralis,,,team1,BLAST Premier Fall Groups 2024,0
hltv_match_2374025,2024-07-30 12:30:00+00:00,Passion UA,CPH Wolves,,,team1,CCT Season 2 Europe Series 7,0
hltv_match_2374131,2024-07-30 13:00:00+00:00,B8,ARCRED,,,team1,ESL Challenger League Season 48 Europe,0
hltv_match_2374234,2024-07-30 13:00:00+00:00,ODDIK,Dusty Roots,,,team1,BetBoom Dacha Belgrade Season 2 South America Closed Qualifier,0
hltv_match_2373884,2024-07-30 13:00:00+00:00,BESTIA,KRÜ,,,team1,CCT Season 2 South America Series 2,0
hltv_match_2373782,2024-07-30 13:30:00+00:00,GamerLegion,Falcons,,,team2,BLAST Premier Fall Groups 2024,0
hltv_match_2374132,2024-07-30 14:00:00+00:00,Sashi,EYEBALLERS,,,team1,ESL Challenger League Season 48 Europe,0
hltv_match_2374228,2024-07-30 16:00:00+00:00,MIBR,9z Academy,,,team1,BetBoom Dacha Belgrade Season 2 South America Closed Qualifier,0
hltv_match_2373885,2024-07-30 16:05:00+00:00,Fluxo,Bounty Hunters,,,team1,CCT Season 2 South America Series 2,0
hltv_match_2374169,2024-07-30 18:00:00+00:00,Galorys,BESTIA,,,team2,ESL Challenger League Season 48 South America,0
hltv_match_2374170,2024-07-30 19:00:00+00:00,Dusty Roots,MIBR,,,team2,ESL Challenger League Season 48 South America,0
hltv_match_2374173,2024-07-30 19:30:00+00:00,BESTIA,Galorys,,,team2,ESL Challenger League Season 48 South America,0
hltv_match_2374174,2024-07-30 20:00:00+00:00,MIBR,Dusty Roots,,,team2,ESL Challenger League Season 48 South America,0
hltv_match_2374286,2024-07-31 04:00:00+00:00,Mindfreak,DXA,,,team1,ESL Challenger Atlanta 2024 Oceania Open Qualifier,0
hltv_match_2374202,2024-07-31 05:00:00+00:00,fnatic,Johnny Speeds,,,team2,BetBoom Dacha Belgrade Season 2 Europe Closed Qualifier,0
hltv_match_2374011,2024-07-31 05:00:00+00:00,EYEBALLERS,Nexus,,,team2,Elisa Invitational Fall 2024 Contenders,0
hltv_match_2374091,2024-07-31 06:00:00+00:00,GUN5,K27,,,team2,Hellcase Cup 10,0
hltv_match_2374078,2024-07-31 09:00:00+00:00,9INE,EYEBALLERS,,,team2,YaLLa Compass Summer 2024 Contenders,0
hltv_match_2373776,2024-07-31 09:25:00+00:00,G2,Ninjas in Pyjamas,,,team1,BLAST Premier Fall Groups 2024,0
hltv_match_2374137,2024-07-31 10:00:00+00:00,Sashi,Insilio,,,team1,ESL Challenger League Season 48 Europe,0
hltv_match_2373887,2024-07-31 10:00:00+00:00,paiN,Dusty Roots,,,team1,CCT Season 2 South America Series 2,0
hltv_match_2373777,2024-07-31 11:45:00+00:00,Natus Vincere,BIG,,,team1,BLAST Premier Fall Groups 2024,0
hltv_match_2373669,2024-07-31 13:00:00+00:00,ODDIK,MIBR,,,team2,ESL Challenger League Season 48 South America,0
hltv_match_2373778,2024-07-31 13:30:00+00:00,Virtus.pro,Liquid,,,team2,BLAST Premier Fall Groups 2024,0
hltv_match_2373677,2024-07-31 14:00:00+00:00,MIBR,ODDIK,,,team1,ESL Challenger League Season 48 South America,0
hltv_match_2374140,2024-07-31 14:00:00+00:00,Monte,EYEBALLERS,,,team1,ESL Challenger League Season 48 Europe,0
hltv_match_2374231,2024-07-31 16:20:00+00:00,MIBR,Sharks,,,team1,BetBoom Dacha Belgrade Season 2 South America Closed Qualifier,0
hltv_match_2374236,2024-07-31 19:00:00+00:00,paiN,ODDIK,,,team1,BetBoom Dacha Belgrade Season 2 South America Closed Qualifier,0
hltv_match_2374157,2024-07-31 21:00:00+00:00,NRG,BOSS,,,team1,ESL Challenger League Season 48 North America,0
hltv_match_2374163,2024-07-31 22:00:00+00:00,BOSS,NRG,,,team2,ESL Challenger League Season 48 North America,0
hltv_match_2374280,2024-08-01 04:30:00+00:00,Rare Atom,ATOX,,,team1,IEM Rio 2024 Asia Closed Qualifier,0
hltv_match_2373783,2024-08-01 06:00:00+00:00,FaZe,G2,,,team2,BLAST Premier Fall Groups 2024,0
hltv_match_2374029,2024-08-01 06:30:00+00:00,Passion UA,9INE,,,team1,CCT Season 2 Europe Series 7,0
hltv_match_2374200,2024-08-01 08:00:00+00:00,Metizport,Insilio,,,team2,BetBoom Dacha Belgrade Season 2 Europe Closed Qualifier,0
hltv_match_2374281,2024-08-01 08:45:00+00:00,TYLOO,Rare Atom,,,team1,IEM Rio 2024 Asia Closed Qualifier,0
hltv_match_2373891,2024-08-01 10:00:00+00:00,paiN,Sharks,,,team1,CCT Season 2 South America Series 2,0
hltv_match_2374203,2024-08-01 11:00:00+00:00,G2 Ares,fnatic,,,team2,BetBoom Dacha Belgrade Season 2 Europe Closed Qualifier,0
hltv_match_2373784,2024-08-01 12:10:00+00:00,Natus Vincere,Liquid,,,team2,BLAST Premier Fall Groups 2024,0
hltv_match_2374133,2024-08-01 13:00:00+00:00,3DMAX,Betera,,,team1,ESL Challenger League Season 48 Europe,0
hltv_match_2373892,2024-08-01 13:20:00+00:00,Fluxo,BESTIA,,,team1,CCT Season 2 South America Series 2,0
hltv_match_2373786,2024-08-01 15:35:00+00:00,BIG,Virtus.pro,,,team1,BLAST Premier Fall Groups 2024,0
hltv_match_2373893,2024-08-01 16:10:00+00:00,MIBR,ODDIK,,,team1,CCT Season 2 South America Series 2,0
hltv_match_2374348,2024-08-01 18:50:00+00:00,Bounty Hunters,Yawara,,,team1,ESL Challenger Atlanta 2024 South America Open Qualifier,0
hltv_match_2374350,2024-08-01 19:45:00+00:00,Bounty Hunters,Dusty Roots,,,team2,ESL Challenger Atlanta 2024 South America Open Qualifier,0
hltv_match_2374283,2024-08-02 04:30:00+00:00,Rare Atom,ATOX,,,team1,IEM Rio 2024 Asia Closed Qualifier,0
hltv_match_2374204,2024-08-02 05:00:00+00:00,Nemiga,Johnny Speeds,,,team2,BetBoom Dacha Belgrade Season 2 Europe Closed Qualifier,0
hltv_match_2374293,2024-08-02 07:00:00+00:00,ARCRED,Insilio,,,team1,Betera Vibe City 2024,0
hltv_match_2374205,2024-08-02 08:00:00+00:00,fnatic,Nemiga,,,team1,BetBoom Dacha Belgrade Season 2 Europe Closed Qualifier,0
hltv_match_2373788,2024-08-02 08:00:00+00:00,Astralis,Falcons,,,team1,BLAST Premier Fall Groups 2024,0
hltv_match_2374284,2024-08-02 08:30:00+00:00,TYLOO,Rare Atom,,,team2,IEM Rio 2024 Asia Closed Qualifier,0
hltv_match_2374241,2024-08-02 10:00:00+00:00,paiN,Sharks,,,team1,BetBoom Dacha Belgrade Season 2 South America Closed Qualifier,0
hltv_match_2373895,2024-08-02 11:00:00+00:00,MIBR,Fluxo,,,team1,CCT Season 2 South America Series 2,0
hltv_match_2373789,2024-08-02 11:05:00+00:00,FaZe,Ninjas in Pyjamas,,,team2,BLAST Premier Fall Groups 2024,0
hltv_match_2374005,2024-08-02 11:45:00+00:00,ENCE Academy,HAVU,,,team1,Elisa Esports eSM 2024,0
hltv_match_2373936,2024-08-02 13:15:00+00:00,ECLOT,SINNERS,,,team1,Tipsport Summer Cup 2024 Finals,0
hltv_match_2373790,2024-08-02 13:45:00+00:00,Natus Vincere,BIG,,,team1,BLAST Premier Fall Groups 2024,0
hltv_match_2373896,2024-08-02 14:00:00+00:00,paiN,Legacy,,,team1,CCT Season 2 South America Series 2,0
hltv_match_2374240,2024-08-02 16:00:00+00:00,MIBR,ODDIK,,,team2,BetBoom Dacha Belgrade Season 2 South America Closed Qualifier,0
hltv_match_2373897,2024-08-02 18:20:00+00:00,MIBR,paiN,,,team2,CCT Season 2 South America Series 2,0
hltv_match_2374238,2024-08-02 19:00:00+00:00,Legacy,Fluxo,,,team1,BetBoom Dacha Belgrade Season 2 South America Closed Qualifier,0
hltv_match_2374184,2024-08-03 05:00:00+00:00,Chinggis Warriors,Steel Helmet,,,team1,XSE Pro League 2024,0
hltv_match_2374211,2024-08-03 05:00:00+00:00,1win,Insilio,,,team2,BetBoom Dacha Belgrade Season 2 Europe Closed Qualifier,0
hltv_match_2374032,2024-08-03 05:45:00+00:00,PARIVISION,CYBERSHOKE,,,team1,CCT Season 2 Europe Series 7,0
hltv_match_2374033,2024-08-03 08:30:00+00:00,Sangal,Passion UA,,,team1,CCT Season 2 Europe Series 7,0
hltv_match_2374339,2024-08-03 09:00:00+00:00,NIP Impact,Imperial Valkyries,,,team2,Betswap Fragster Summer Vibes FE 2024,0
hltv_match_2373792,2024-08-03 09:50:00+00:00,Vitality,Astralis,,,team1,BLAST Premier Fall Groups 2024,0
hltv_match_2374296,2024-08-03 10:00:00+00:00,ARCRED,BC.Game,,,team2,Betera Vibe City 2024,0
hltv_match_2374146,2024-08-03 12:20:00+00:00,GUN5,PARIVISION,,,team1,ESL Challenger League Season 48 Europe,0
hltv_match_2374243,2024-08-03 12:30:00+00:00,paiN,ODDIK,,,team1,BetBoom Dacha Belgrade Season 2 South America Closed Qualifier,0
hltv_match_2373938,2024-08-03 12:40:00+00:00,AVEZ,ECLOT,,,team2,Tipsport Summer Cup 2024 Finals,0
hltv_match_2373793,2024-08-03 12:50:00+00:00,G2,Ninjas in Pyjamas,,,team1,BLAST Premier Fall Groups 2024,0
hltv_match_2374035,2024-08-03 14:30:00+00:00,MOUZ NXT,1win,,,team2,CCT Season 2 Europe Series 7,0
hltv_match_2373794,2024-08-03 15:05:00+00:00,Liquid,Natus Vincere,,,team1,BLAST Premier Fall Groups 2024,0
hltv_match_2374214,2024-08-03 15:10:00+00:00,fnatic,3DMAX,,,team2,BetBoom Dacha Belgrade Season 2 Europe Closed Qualifier,0
hltv_match_2374386,2024-08-03 15:30:00+00:00,BESTIA,ODDIK,,,team2,ESL Challenger Atlanta 2024 South America Closed Qualifier,0
hltv_match_2374328,2024-08-03 18:00:00+00:00,Wildcard,Take Flyte,,,team1,PrizePicks NA Revival Series 2,0
hltv_match_2374329,2024-08-03 18:00:00+00:00,NRG,BOSS,,,team1,PrizePicks NA Revival Series 2,0
hltv_match_2374244,2024-08-03 19:00:00+00:00,Legacy,paiN,,,team2,BetBoom Dacha Belgrade Season 2 South America Closed Qualifier,0
hltv_match_2374387,2024-08-03 19:30:00+00:00,ODDIK,RED Canids,,,team1,ESL Challenger Atlanta 2024 South America Closed Qualifier,0
hltv_match_2374036,2024-08-04 05:30:00+00:00,AMKAL,Aurora Young Blud,,,team2,CCT Season 2 Europe Series 7,0
hltv_match_2374095,2024-08-04 06:00:00+00:00,1win,Young Ninjas,,,team1,Hellcase Cup 10,0
hltv_match_2374187,2024-08-04 08:30:00+00:00,TYLOO,Gaimin Gladiators,,,team1,XSE Pro League 2024,0
hltv_match_2373795,2024-08-04 08:35:00+00:00,Astralis,Ninjas in Pyjamas,,,team1,BLAST Premier Fall Groups 2024,0
hltv_match_2373939,2024-08-04 09:00:00+00:00,SINNERS,AVEZ,,,team1,Tipsport Summer Cup 2024 Finals,0
hltv_match_2374216,2024-08-04 10:00:00+00:00,Johnny Speeds,3DMAX,,,team1,BetBoom Dacha Belgrade Season 2 Europe Closed Qualifier,0
hltv_match_2373912,2024-08-04 10:00:00+00:00,Aurora,Nemiga,,,team2,ESL Challenger League Season 48 Europe,0
hltv_match_2373940,2024-08-04 11:55:00+00:00,ECLOT,SINNERS,,,team1,Tipsport Summer Cup 2024 Finals,0
hltv_match_2374038,2024-08-04 12:25:00+00:00,B8,BC.Game,,,team1,CCT Season 2 Europe Series 7,0
hltv_match_2374341,2024-08-04 13:00:00+00:00,Imperial Valkyries,NIP Impact,,,team1,Betswap Fragster Summer Vibes FE 2024,0
hltv_match_2373700,2024-08-04 14:00:00+00:00,PARIVISION,Betera,,,team2,ESL Challenger League Season 48 Europe,0
hltv_match_2374290,2024-08-04 14:55:00+00:00,Alliance,Young Ninjas,,,team2,CCT Season 2 Europe Series 8 Closed Qualifier,0
hltv_match_2374332,2024-08-04 15:00:00+00:00,Wildcard,NRG,,,team2,PrizePicks NA Revival Series 2,0
hltv_match_2374039,2024-08-04 15:10:00+00:00,ENCE,9INE,,,team1,CCT Season 2 Europe Series 7,0
hltv_match_2374389,2024-08-04 15:30:00+00:00,BESTIA,RED Canids,,,team2,ESL Challenger Atlanta 2024 South America Closed Qualifier,0
hltv_match_2374390,2024-08-04 19:30:00+00:00,ODDIK,RED Canids,,,team1,ESL Challenger Atlanta 2024 South America Closed Qualifier,0
hltv_match_2374188,2024-08-05 05:00:00+00:00,Chinggis Warriors,Lynn Vision,,,team1,XSE Pro League 2024,0
hltv_match_2374040,2024-08-05 05:30:00+00:00,Sangal,1win,,,team1,CCT Season 2 Europe Series 7,0
hltv_match_2374365,2024-08-05 07:00:00+00:00,Sashi,ECSTATIC,,,team1,Pelaajat Nordic Masters Fall 2024 - BLAST Premier Qualifier,0
hltv_match_2374041,2024-08-05 08:30:00+00:00,ENCE,PARIVISION,,,team2,CCT Season 2 Europe Series 7,0
hltv_match_2374189,2024-08-05 08:30:00+00:00,Rare Atom,TYLOO,,,team2,XSE Pro League 2024,0
hltv_match_2374368,2024-08-05 10:10:00+00:00,ECSTATIC,777,,,team1,Pelaajat Nordic Masters Fall 2024 - BLAST Premier Qualifier,0
hltv_match_2374369,2024-08-05 11:15:00+00:00,Sashi,ECSTATIC,,,team2,Pelaajat Nordic Masters Fall 2024 - BLAST Premier Qualifier,0
hltv_match_2374042,2024-08-05 11:30:00+00:00,Zero Tenacity,Aurora Young Blud,,,team2,CCT Season 2 Europe Series 7,0
hltv_match_2374147,2024-08-05 12:00:00+00:00,Rebels,SINNERS,,,team2,ESL Challenger League Season 48 Europe,0
hltv_match_2374143,2024-08-05 13:00:00+00:00,Aurora,ARCRED,,,team2,ESL Challenger League Season 48 Europe,0
hltv_match_2374249,2024-08-05 21:00:00+00:00,Aether,InControl,,,team2,CCT Season 2 North America Series 2,0
hltv_match_2374358,2024-08-06 05:00:00+00:00,FAVBET,Lilmix,,,team1,Elisa Invitational Fall 2024 Contenders,0
hltv_match_2374190,2024-08-06 05:00:00+00:00,Chinggis Warriors,TYLOO,,,team2,XSE Pro League 2024,0
hltv_match_2374083,2024-08-06 06:00:00+00:00,1win,Nexus,,,team1,YaLLa Compass Summer 2024 Contenders,0
hltv_match_2374044,2024-08-06 06:30:00+00:00,PARIVISION,Aurora Young Blud,,,team1,CCT Season 2 Europe Series 7,0
hltv_match_2374371,2024-08-06 07:00:00+00:00,Metizport,Johnny Speeds,,,team2,Pelaajat Nordic Masters Fall 2024 - BLAST Premier Qualifier,0
hltv_match_2374373,2024-08-06 09:20:00+00:00,HAVU,Metizport,,,team2,Pelaajat Nordic Masters Fall 2024 - BLAST Premier Qualifier,0
hltv_match_2374046,2024-08-06 12:30:00+00:00,PARIVISION,Sangal,,,team2,CCT Season 2 Europe Series 7,0
hltv_match_2374511,2024-08-06 14:30:00+00:00,KRÜ,Galorys,,,team1,United21 League South America Season 2,0
hltv_match_2374413,2024-08-06 20:00:00+00:00,Wildcard,Mythic,,,team1,ESL Challenger League Season 48 North America,0
hltv_match_2374418,2024-08-06 20:50:00+00:00,Mythic,Wildcard,,,team1,ESL Challenger League Season 48 North America,0
hltv_match_2374414,2024-08-06 21:00:00+00:00,BOSS,Take Flyte,,,team1,ESL Challenger League Season 48 North America,0
hltv_match_2374419,2024-08-06 22:00:00+00:00,Take Flyte,BOSS,,,team1,ESL Challenger League Season 48 North America,0
hltv_match_2374000,2024-08-07 04:30:00+00:00,FlyQuest,BIG,,,team2,IEM Cologne 2024 Play-in,0
hltv_match_2374001,2024-08-07 04:30:00+00:00,The MongolZ,SAW,,,team2,IEM Cologne 2024 Play-in,0
hltv_match_2374427,2024-08-07 05:00:00+00:00,Vantage,Rooster,,,team1,ESL Challenger League Season 48 Oceania,0
hltv_match_2374426,2024-08-07 05:00:00+00:00,DXA,Mindfreak,,,team2,ESL Challenger League Season 48 Oceania,0
hltv_match_2374375,2024-08-07 06:00:00+00:00,Johnny Speeds,ECSTATIC,,,team1,Pelaajat Nordic Masters Fall 2024 - BLAST Premier Qualifier,0
hltv_match_2374429,2024-08-07 06:00:00+00:00,Mindfreak,DXA,,,team2,ESL Challenger League Season 48 Oceania,0
hltv_match_2374430,2024-08-07 06:00:00+00:00,Rooster,Vantage,,,team1,ESL Challenger League Season 48 Oceania,0
hltv_match_2374085,2024-08-07 06:25:00+00:00,PARIVISION,SINNERS,,,team1,YaLLa Compass Summer 2024 Contenders,0
hltv_match_2374110,2024-08-07 06:30:00+00:00,B8,9INE,,,team1,Hellcase Cup 10,0
hltv_match_2373997,2024-08-07 07:50:00+00:00,3DMAX,9z,,,team2,IEM Cologne 2024 Play-in,0
hltv_match_2374361,2024-08-07 08:00:00+00:00,ECLOT,Nexus,,,team2,Elisa Invitational Fall 2024 Contenders,0
hltv_match_2373996,2024-08-07 08:15:00+00:00,HEROIC,MIBR,,,team2,IEM Cologne 2024 Play-in,0
hltv_match_2374405,2024-08-07 11:00:00+00:00,Sangal,Rebels,,,team1,ESL Challenger League Season 48 Europe,0
hltv_match_2373995,2024-08-07 11:30:00+00:00,Eternal Fire,Falcons,,,team1,IEM Cologne 2024 Play-in,0
hltv_match_2374408,2024-08-07 12:00:00+00:00,Monte,Insilio,,,team1,ESL Challenger League Season 48 Europe,0
hltv_match_2374112,2024-08-07 12:25:00+00:00,Sashi,1win,,,team1,Hellcase Cup 10,0
hltv_match_2373998,2024-08-07 12:45:00+00:00,FURIA,Imperial,,,team1,IEM Cologne 2024 Play-in,0
hltv_match_2373906,2024-08-07 13:00:00+00:00,3DMAX,GUN5,,,team1,ESL Challenger League Season 48 Europe,0
hltv_match_2374377,2024-08-07 13:00:00+00:00,Johnny Speeds,Metizport,,,team2,Pelaajat Nordic Masters Fall 2024 - BLAST Premier Qualifier,0
hltv_match_2374407,2024-08-07 14:00:00+00:00,B8,Nemiga,,,team2,ESL Challenger League Season 48 Europe,0
hltv_match_2374409,2024-08-07 14:00:00+00:00,Zero Tenacity,EYEBALLERS,,,team2,ESL Challenger League Season 48 Europe,0
hltv_match_2373999,2024-08-07 14:40:00+00:00,paiN,Liquid,,,team2,IEM Cologne 2024 Play-in,0
hltv_match_2374513,2024-08-07 15:30:00+00:00,9z Academy,BESTIA,,,team2,United21 League South America Season 2,0
hltv_match_2374420,2024-08-07 21:00:00+00:00,M80,LAG,,,team1,ESL Challenger League Season 48 North America,0
hltv_match_2374423,2024-08-07 22:00:00+00:00,LAG,M80,,,team2,ESL Challenger League Season 48 North America,0
hltv_match_2374270,2024-08-08 07:30:00+00:00,The MongolZ,FlyQuest,,,team1,IEM Cologne 2024 Play-in,0
hltv_match_2374266,2024-08-08 07:30:00+00:00,SAW,BIG,,,team1,IEM Cologne 2024 Play-in,0
hltv_match_2374114,2024-08-08 07:35:00+00:00,AMKAL,MOUZ NXT,,,team2,Hellcase Cup 10,0
hltv_match_2374467,2024-08-08 08:50:00+00:00,CYBERSHOKE,EYEBALLERS,,,team1,CCT Season 2 Europe Series 8,0
hltv_match_2374265,2024-08-08 09:45:00+00:00,FURIA,Liquid,,,team2,IEM Cologne 2024 Play-in,0
hltv_match_2374086,2024-08-08 10:00:00+00:00,Passion UA,ECLOT,,,team1,YaLLa Compass Summer 2024 Contenders,0
hltv_match_2374268,2024-08-08 10:45:00+00:00,3DMAX,HEROIC,,,team2,IEM Cologne 2024 Play-in,0
hltv_match_2374515,2024-08-08 13:00:00+00:00,Galorys,Dusty Roots,,,team2,United21 League South America Season 2,0
hltv_match_2374501,2024-08-09 04:00:00+00:00,kONO,UNiTY,,,team2,United21 League Season 18,0
hltv_match_2374269,2024-08-09 07:30:00+00:00,Imperial,paiN,,,team2,IEM Cologne 2024 Play-in,0
hltv_match_2374264,2024-08-09 07:30:00+00:00,9z,MIBR,,,team1,IEM Cologne 2024 Play-in,0
hltv_match_2374272,2024-08-09 09:55:00+00:00,FURIA,HEROIC,,,team1,IEM Cologne 2024 Play-in,0
hltv_match_2374400,2024-08-09 10:00:00+00:00,3DMAX,PARIVISION,,,team1,ESL Challenger League Season 48 Europe,0
hltv_match_2374271,2024-08-09 11:20:00+00:00,BIG,Falcons,,,team2,IEM Cologne 2024 Play-in,0
hltv_match_2374274,2024-08-09 13:35:00+00:00,The MongolZ,Eternal Fire,,,team1,IEM Cologne 2024 Play-in,0
hltv_match_2374273,2024-08-09 14:30:00+00:00,MIBR,paiN,,,team2,IEM Cologne 2024 Play-in,0
hltv_match_2374472,2024-08-09 18:30:00+00:00,LAG,InControl,,,team2,CCT Season 2 North America Series 2,0
hltv_match_2374121,2024-08-10 05:30:00+00:00,B8,Nemiga,,,team2,Hellcase Cup 10,0
hltv_match_2374302,2024-08-10 07:30:00+00:00,FaZe,Liquid,,,team1,IEM Cologne 2024,0
hltv_match_2374299,2024-08-10 09:50:00+00:00,G2,SAW,,,team2,IEM Cologne 2024,0
hltv_match_2374531,2024-08-10 11:00:00+00:00,Aurora Young Blud,Young Ninjas,,,team2,CCT Season 2 Europe Series 8,0
hltv_match_2374301,2024-08-10 11:05:00+00:00,Astralis,9z,,,team1,IEM Cologne 2024,0
hltv_match_2374300,2024-08-10 12:45:00+00:00,Spirit,The MongolZ,,,team2,IEM Cologne 2024,0
hltv_match_2374298,2024-08-10 13:25:00+00:00,Natus Vincere,paiN,,,team1,IEM Cologne 2024,0
hltv_match_2374520,2024-08-10 16:50:00+00:00,9z Academy,KRÜ,,,team2,United21 League South America Season 2,0
hltv_match_2374304,2024-08-11 07:30:00+00:00,MOUZ,Falcons,,,team1,IEM Cologne 2024,0
hltv_match_2374305,2024-08-11 07:30:00+00:00,Vitality,FURIA,,,team1,IEM Cologne 2024,0
hltv_match_2374307,2024-08-11 09:45:00+00:00,SAW,The MongolZ,,,team1,IEM Cologne 2024,0
hltv_match_2374306,2024-08-11 10:40:00+00:00,Astralis,Natus Vincere,,,team2,IEM Cologne 2024,0
hltv_match_2374309,2024-08-11 12:55:00+00:00,G2,Spirit,,,team1,IEM Cologne 2024,0
hltv_match_2374308,2024-08-11 13:20:00+00:00,9z,paiN,,,team2,IEM Cologne 2024,0
hltv_match_2374478,2024-08-11 18:35:00+00:00,Homyno,InControl,,,team2,CCT Season 2 North America Series 2,0
hltv_match_2374648,2024-08-12 05:00:00+00:00,Zero Tenacity,FAVBET,,,team2,Elisa Invitational Fall 2024,0
hltv_match_2374597,2024-08-12 05:30:00+00:00,CPH Wolves,Young Ninjas,,,team2,CCT Season 2 Europe Series 9 Closed Qualifier,0
hltv_match_2374317,2024-08-12 07:30:00+00:00,Liquid,FURIA,,,team1,IEM Cologne 2024,0
hltv_match_2374316,2024-08-12 07:30:00+00:00,Virtus.pro,Falcons,,,team2,IEM Cologne 2024,0
hltv_match_2374315,2024-08-12 10:00:00+00:00,FaZe,Vitality,,,team2,IEM Cologne 2024,0
hltv_match_2374628,2024-08-12 11:00:00+00:00,SAW,Sashi,,,team1,ESL Challenger League Season 48 Europe,0
hltv_match_2374310,2024-08-12 13:20:00+00:00,The MongolZ,paiN,,,team2,IEM Cologne 2024,0
hltv_match_2374311,2024-08-12 13:40:00+00:00,Astralis,G2,,,team2,IEM Cologne 2024,0
hltv_match_2374630,2024-08-12 14:00:00+00:00,Zero Tenacity,Sangal,,,team2,ESL Challenger League Season 48 Europe,0
hltv_match_2374635,2024-08-12 14:00:00+00:00,B8,SINNERS,,,team2,ESL Challenger League Season 48 Europe,0
hltv_match_2374631,2024-08-12 14:00:00+00:00,Nemiga,3DMAX,,,team1,ESL Challenger League Season 48 Europe,0
hltv_match_2374632,2024-08-12 14:00:00+00:00,Monte,PARIVISION,,,team2,ESL Challenger League Season 48 Europe,0
hltv_match_2374480,2024-08-12 18:00:00+00:00,NRG,Akimbo,,,team1,CCT Season 2 North America Series 2,0
hltv_match_2374601,2024-08-12 21:00:00+00:00,M80,Mythic,,,team1,ESL Challenger League Season 48 North America,0
hltv_match_2374604,2024-08-12 21:50:00+00:00,Mythic,M80,,,team2,ESL Challenger League Season 48 North America,0
hltv_match_2374618,2024-08-13 05:00:00+00:00,FlyQuest,DXA,,,team1,ESL Challenger League Season 48 Oceania,0
hltv_match_2374617,2024-08-13 05:00:00+00:00,Mindfreak,Vantage,,,team1,ESL Challenger League Season 48 Oceania,0
hltv_match_2374623,2024-08-13 05:50:00+00:00,DXA,FlyQuest,,,team2,ESL Challenger League Season 48 Oceania,0
hltv_match_2374622,2024-08-13 06:00:00+00:00,Vantage,Mindfreak,,,team2,ESL Challenger League Season 48 Oceania,0
hltv_match_2374318,2024-08-13 07:30:00+00:00,Falcons,FaZe,,,team2,IEM Cologne 2024,0
hltv_match_2374697,2024-08-13 07:45:00+00:00,Johnny Speeds,kONO,,,team2,European Pro League Season 18,0
hltv_match_2374313,2024-08-13 09:45:00+00:00,G2,paiN,,,team1,IEM Cologne 2024,0
hltv_match_2374312,2024-08-13 10:00:00+00:00,Natus Vincere,SAW,,,team1,IEM Cologne 2024,0
hltv_match_2374559,2024-08-13 11:30:00+00:00,EYEBALLERS,ECSTATIC,,,team2,CCT Season 2 Europe Series 9,0
hltv_match_2374694,2024-08-13 12:00:00+00:00,Monte,ARCRED,,,team2,ESL Challenger League Season 48 Europe,0
hltv_match_2374321,2024-08-13 12:45:00+00:00,Liquid,FaZe,,,team2,IEM Cologne 2024,0
hltv_match_2374320,2024-08-13 12:55:00+00:00,MOUZ,Vitality,,,team2,IEM Cologne 2024,0
hltv_match_2374691,2024-08-13 14:00:00+00:00,Zero Tenacity,3DMAX,,,team2,ESL Challenger League Season 48 Europe,0
hltv_match_2374482,2024-08-13 18:00:00+00:00,M80,InControl,,,team1,CCT Season 2 North America Series 2,0
hltv_match_2374667,2024-08-13 19:00:00+00:00,MIBR,BESTIA,,,team1,ESL Challenger League Season 48 South America,0
hltv_match_2374671,2024-08-13 20:15:00+00:00,BESTIA,MIBR,,,team1,ESL Challenger League Season 48 South America,0
hltv_match_2374698,2024-08-14 04:00:00+00:00,Aurora Young Blud,ECLOT,,,team1,European Pro League Season 18,0
hltv_match_2374652,2024-08-14 05:00:00+00:00,MOUZ NXT,kONO,,,team1,Elisa Invitational Fall 2024,0
hltv_match_2374561,2024-08-14 05:30:00+00:00,Insilio,RUBY,,,team2,CCT Season 2 Europe Series 9,0
hltv_match_2374562,2024-08-14 08:55:00+00:00,CYBERSHOKE,Young Ninjas,,,team1,CCT Season 2 Europe Series 9,0
hltv_match_2374378,2024-08-14 13:05:00+00:00,ODDIK,Bounty Hunters,,,team1,Circuito Estadual FERJEE 2024 Finals,0
hltv_match_2374704,2024-08-15 05:30:00+00:00,Aurora Young Blud,Young Ninjas,,,team2,CCT Season 2 Europe Series 9,0
hltv_match_2374572,2024-08-15 06:00:00+00:00,Metizport,PARIVISION,,,team2,YaLLa Compass Summer 2024 Contenders,0
hltv_match_2374543,2024-08-15 08:20:00+00:00,MOUZ NXT,CYBERSHOKE,,,team2,CCT Season 2 Europe Series 8,0
hltv_match_2374689,2024-08-15 09:00:00+00:00,Sangal,Nemiga,,,team2,ESL Challenger League Season 48 Europe,0
hltv_match_2374573,2024-08-15 09:00:00+00:00,Passion UA,EYEBALLERS,,,team1,YaLLa Compass Summer 2024 Contenders,0
hltv_match_2374730,2024-08-15 12:00:00+00:00,Rebels,fnatic,,,team2,IEM Rio 2024 Europe Open Qualifier 1,0
hltv_match_2374731,2024-08-15 12:00:00+00:00,Gaimin Gladiators,Betera,,,team1,IEM Rio 2024 Europe Open Qualifier 1,0
hltv_match_2374728,2024-08-15 12:05:00+00:00,PARIVISION,9INE,,,team1,IEM Rio 2024 Europe Open Qualifier 1,0
hltv_match_2374729,2024-08-15 12:05:00+00:00,ARCRED,OG,,,team2,IEM Rio 2024 Europe Open Qualifier 1,0
hltv_match_2374380,2024-08-15 12:10:00+00:00,ODDIK,Sharks,,,team1,Circuito Estadual FERJEE 2024 Finals,0
hltv_match_2374726,2024-08-15 12:15:00+00:00,FAVBET,Spirit Academy,,,team2,IEM Rio 2024 Europe Open Qualifier 1,0
hltv_match_2374735,2024-08-15 13:05:00+00:00,PARIVISION,OG,,,team2,IEM Rio 2024 Europe Open Qualifier 1,0
hltv_match_2374736,2024-08-15 13:20:00+00:00,fnatic,Gaimin Gladiators,,,team1,IEM Rio 2024 Europe Open Qualifier 1,0
hltv_match_2374737,2024-08-15 13:35:00+00:00,QUAZAR,HOTU,,,team1,IEM Rio 2024 Europe Open Qualifier 1,0
hltv_match_2374734,2024-08-15 13:40:00+00:00,B8,Spirit Academy,,,team1,IEM Rio 2024 Europe Open Qualifier 1,0
hltv_match_2374545,2024-08-15 14:00:00+00:00,GamerLegion,Aurora Young Blud,,,team1,CCT Season 2 Europe Series 8,0
hltv_match_2374738,2024-08-15 14:35:00+00:00,OG,B8,,,team1,IEM Rio 2024 Europe Open Qualifier 1,0
hltv_match_2374739,2024-08-15 14:40:00+00:00,QUAZAR,fnatic,,,team2,IEM Rio 2024 Europe Open Qualifier 1,0
hltv_match_2374740,2024-08-15 18:35:00+00:00,NRG,InControl,,,team1,IEM Rio 2024 North America Open Qualifier 1,0
hltv_match_2374683,2024-08-15 19:00:00+00:00,KRÜ,RED Canids,,,team2,ESL Challenger League Season 48 South America,0
hltv_match_2374744,2024-08-15 19:20:00+00:00,LAG,NRG,,,team2,IEM Rio 2024 North America Open Qualifier 1,0
hltv_match_2374687,2024-08-15 19:55:00+00:00,RED Canids,KRÜ,,,team2,ESL Challenger League Season 48 South America,0
hltv_match_2374546,2024-08-16 05:00:00+00:00,3DMAX,SINNERS,,,team2,CCT Season 2 Europe Series 8,0
hltv_match_2374708,2024-08-16 05:30:00+00:00,CYBERSHOKE,ECSTATIC,,,team1,CCT Season 2 Europe Series 9,0
hltv_match_2374547,2024-08-16 08:45:00+00:00,Zero Tenacity,EYEBALLERS,,,team1,CCT Season 2 Europe Series 8,0
hltv_match_2374323,2024-08-16 09:45:00+00:00,SAW,FaZe,,,team1,IEM Cologne 2024,0
hltv_match_2374322,2024-08-16 13:50:00+00:00,MOUZ,G2,,,team1,IEM Cologne 2024,0
hltv_match_2374549,2024-08-16 14:15:00+00:00,AMKAL,Young Ninjas,,,team2,CCT Season 2 Europe Series 8,0
hltv_match_2374383,2024-08-16 16:50:00+00:00,ODDIK,Sharks,,,team1,Circuito Estadual FERJEE 2024 Finals,0
hltv_match_2374550,2024-08-17 05:00:00+00:00,Zero Tenacity,GamerLegion,,,team2,CCT Season 2 Europe Series 8,0
hltv_match_2374827,2024-08-17 05:00:00+00:00,ECSTATIC,Johnny Speeds,,,team1,European Pro League Season 18,0
hltv_match_2374551,2024-08-17 08:00:00+00:00,SINNERS,CYBERSHOKE,,,team1,CCT Season 2 Europe Series 8,0
hltv_match_2374325,2024-08-17 09:45:00+00:00,Vitality,SAW,,,team1,IEM Cologne 2024,0
hltv_match_2374749,2024-08-17 11:30:00+00:00,RUBY,Nexus,,,team1,CCT Season 2 Europe Series 9,0
hltv_match_2374833,2024-08-17 12:00:00+00:00,RUSTEC,MOUZ NXT,,,team2,ESL Challenger Atlanta 2024 Europe Open Qualifier,0
hltv_match_2374831,2024-08-17 12:00:00+00:00,GenOne,500,,,team1,ESL Challenger Atlanta 2024 Europe Open Qualifier,0
hltv_match_2374830,2024-08-17 12:00:00+00:00,ECSTATIC,FAVBET,,,team2,ESL Challenger Atlanta 2024 Europe Open Qualifier,0
hltv_match_2374835,2024-08-17 12:00:00+00:00,GamerLegion,1win,,,team1,ESL Challenger Atlanta 2024 Europe Open Qualifier,0
hltv_match_2374832,2024-08-17 12:00:00+00:00,B8,Lazer Cats,,,team1,ESL Challenger Atlanta 2024 Europe Open Qualifier,0
hltv_match_2374324,2024-08-17 13:00:00+00:00,Natus Vincere,MOUZ,,,team1,IEM Cologne 2024,0
hltv_match_2374839,2024-08-17 13:05:00+00:00,GUN5,MOUZ NXT,,,team1,ESL Challenger Atlanta 2024 Europe Open Qualifier,0
hltv_match_2374837,2024-08-17 13:10:00+00:00,Monte,FAVBET,,,team1,ESL Challenger Atlanta 2024 Europe Open Qualifier,0
hltv_match_2374840,2024-08-17 13:15:00+00:00,GamerLegion,SINNERS,,,team1,ESL Challenger Atlanta 2024 Europe Open Qualifier,0
hltv_match_2374838,2024-08-17 13:40:00+00:00,GenOne,B8,,,team2,ESL Challenger Atlanta 2024 Europe Open Qualifier,0
hltv_match_2374553,2024-08-17 14:00:00+00:00,BetBoom,Young Ninjas,,,team1,CCT Season 2 Europe Series 8,0
hltv_match_2374845,2024-08-17 19:10:00+00:00,NRG,LAG,,,team1,ESL Challenger Atlanta 2024 North America Open Qualifier,0
hltv_match_2374491,2024-08-17 21:00:00+00:00,Wildcard,NRG,,,team1,CCT Season 2 North America Series 2,0
hltv_match_2374554,2024-08-18 06:00:00+00:00,SINNERS,GamerLegion,,,team1,CCT Season 2 Europe Series 8,0
hltv_match_2374326,2024-08-18 11:00:00+00:00,Vitality,Natus Vincere,,,team1,IEM Cologne 2024,0
hltv_match_2374556,2024-08-18 12:00:00+00:00,SINNERS,BetBoom,,,team2,CCT Season 2 Europe Series 8,0
hltv_match_2374492,2024-08-18 15:30:00+00:00,M80,Wildcard,,,team2,CCT Season 2 North America Series 2,0
hltv_match_2374755,2024-08-19 06:40:00+00:00,Aurora Young Blud,Nexus,,,team1,CCT Season 2 Europe Series 9,0
hltv_match_2374690,2024-08-19 09:00:00+00:00,Sashi,Aurora,,,team1,ESL Challenger League Season 48 Europe,0
hltv_match_2374922,2024-08-19 12:00:00+00:00,B8,AMKAL,,,team1,IEM Rio 2024 Europe Open Qualifier 2,0
hltv_match_2374917,2024-08-19 12:00:00+00:00,Ninjas in Pyjamas,PARIVISION,,,team1,IEM Rio 2024 Europe Open Qualifier 2,0
hltv_match_2374920,2024-08-19 12:00:00+00:00,500,Spirit Academy,,,team1,IEM Rio 2024 Europe Open Qualifier 2,0
hltv_match_2374921,2024-08-19 12:00:00+00:00,Sashi,Metizport,,,team1,IEM Rio 2024 Europe Open Qualifier 2,0
hltv_match_2374919,2024-08-19 12:00:00+00:00,ENCE,kONO,,,team2,IEM Rio 2024 Europe Open Qualifier 2,0
hltv_match_2374884,2024-08-19 13:00:00+00:00,Young Ninjas,GenOne,,,team1,CCT Season 2 Europe Series 10 Closed Qualifier,0
hltv_match_2374927,2024-08-19 13:30:00+00:00,Sashi,B8,,,team2,IEM Rio 2024 Europe Open Qualifier 2,0
hltv_match_2374926,2024-08-19 13:30:00+00:00,kONO,500,,,team2,IEM Rio 2024 Europe Open Qualifier 2,0
hltv_match_2374930,2024-08-19 14:15:00+00:00,Monte,B8,,,team2,IEM Rio 2024 Europe Open Qualifier 2,0
hltv_match_2374577,2024-08-20 09:00:00+00:00,SINNERS,EYEBALLERS,,,team1,YaLLa Compass Summer 2024 Contenders,0
hltv_match_2374759,2024-08-20 09:30:00+00:00,RUBY,Young Ninjas,,,team2,CCT Season 2 Europe Series 9,0
hltv_match_2374892,2024-08-20 13:25:00+00:00,ECSTATIC,Young Ninjas,,,team1,CCT Season 2 Europe Series 10 Closed Qualifier,0
hltv_match_2374848,2024-08-20 14:00:00+00:00,SINNERS,ARCRED,,,team1,ESL Challenger League Season 48 Europe,0
hltv_match_2374869,2024-08-20 18:00:00+00:00,Dusty Roots,Imperial,,,team2,ESL Challenger League Season 48 South America,0
hltv_match_2374868,2024-08-20 19:00:00+00:00,ODDIK,KRÜ,,,team1,ESL Challenger League Season 48 South America,0
hltv_match_2374872,2024-08-20 19:00:00+00:00,Imperial,Dusty Roots,,,team1,ESL Challenger League Season 48 South America,0
hltv_match_2374871,2024-08-20 20:00:00+00:00,KRÜ,ODDIK,,,team1,ESL Challenger League Season 48 South America,0
hltv_match_2374994,2024-08-21 02:30:00+00:00,Mindfreak,Rooster,,,team1,ESL Challenger Atlanta 2024 Oceania Closed Qualifier,0
hltv_match_2374795,2024-08-21 05:00:00+00:00,BIG,Passion UA,,,team2,Perfect World Shanghai Major 2024 EU RMR Closed Qualifier B,0
hltv_match_2374862,2024-08-21 05:00:00+00:00,DXA,Vantage,,,team1,ESL Challenger League Season 48 Oceania,0
hltv_match_2374780,2024-08-21 05:00:00+00:00,Sangal,1win,,,team1,Perfect World Shanghai Major 2024 EU RMR Closed Qualifier A,0
hltv_match_2374797,2024-08-21 06:00:00+00:00,SAW,OG,,,team1,Perfect World Shanghai Major 2024 EU RMR Closed Qualifier B,0
hltv_match_2374798,2024-08-21 06:00:00+00:00,Nemiga,ARCRED,,,team1,Perfect World Shanghai Major 2024 EU RMR Closed Qualifier B,0
hltv_match_2374578,2024-08-21 06:00:00+00:00,Metizport,9INE,,,team2,YaLLa Compass Summer 2024 Contenders,0
hltv_match_2374865,2024-08-21 06:05:00+00:00,Vantage,DXA,,,team1,ESL Challenger League Season 48 Oceania,0
hltv_match_2374782,2024-08-21 06:30:00+00:00,B8,SINNERS,,,team2,Perfect World Shanghai Major 2024 EU RMR Closed Qualifier A,0
hltv_match_2374799,2024-08-21 07:00:00+00:00,Zero Tenacity,Rebels,,,team2,Perfect World Shanghai Major 2024 EU RMR Closed Qualifier B,0
hltv_match_2374784,2024-08-21 07:00:00+00:00,ECLOT,BC.Game,,,team2,Perfect World Shanghai Major 2024 EU RMR Closed Qualifier A,0
hltv_match_2374786,2024-08-21 08:00:00+00:00,Monte,UNiTY,,,team1,Perfect World Shanghai Major 2024 EU RMR Closed Qualifier A,0
hltv_match_2374661,2024-08-21 08:00:00+00:00,Gaimin Gladiators,FAVBET,,,team2,Elisa Invitational Fall 2024,0
hltv_match_2375000,2024-08-21 08:15:00+00:00,JiJieHao,DEPO,,,team1,Perfect World Shanghai Major 2024 Arabia RMR Open Qualifier,0
hltv_match_2374787,2024-08-21 10:00:00+00:00,Sangal,BC.Game,,,team1,Perfect World Shanghai Major 2024 EU RMR Closed Qualifier A,0
hltv_match_2374712,2024-08-21 10:30:00+00:00,FaZe,Rare Atom,,,team1,BLAST Premier Fall Showdown 2024,0
hltv_match_2374807,2024-08-21 11:00:00+00:00,Johnny Speeds,ARCRED,,,team2,Perfect World Shanghai Major 2024 EU RMR Closed Qualifier B,0
hltv_match_2374808,2024-08-21 11:00:00+00:00,Zero Tenacity,OG,,,team2,Perfect World Shanghai Major 2024 EU RMR Closed Qualifier B,0
hltv_match_2374792,2024-08-21 11:00:00+00:00,ECLOT,1win,,,team1,Perfect World Shanghai Major 2024 EU RMR Closed Qualifier A,0
hltv_match_2374789,2024-08-21 12:00:00+00:00,PARIVISION,SINNERS,,,team2,Perfect World Shanghai Major 2024 EU RMR Closed Qualifier A,0
hltv_match_2374713,2024-08-21 12:40:00+00:00,HEROIC,OG,,,team2,BLAST Premier Fall Showdown 2024,0
hltv_match_2374888,2024-08-21 13:00:00+00:00,CPH Wolves,Spirit Academy,,,team2,CCT Season 2 Europe Series 10 Closed Qualifier,0
hltv_match_2374809,2024-08-21 13:00:00+00:00,BIG,Insilio,,,team1,Perfect World Shanghai Major 2024 EU RMR Closed Qualifier B,0
hltv_match_2374810,2024-08-21 13:00:00+00:00,AMKAL,Sashi,,,team2,Perfect World Shanghai Major 2024 EU RMR Closed Qualifier B,0
hltv_match_2374793,2024-08-21 13:00:00+00:00,ENCE,UNiTY,,,team2,Perfect World Shanghai Major 2024 EU RMR Closed Qualifier A,0
hltv_match_2374714,2024-08-21 15:00:00+00:00,Ninjas in Pyjamas,AMKAL,,,team2,BLAST Premier Fall Showdown 2024,0
hltv_match_2374876,2024-08-21 18:00:00+00:00,Fluxo,Players,,,team1,ESL Challenger League Season 48 South America,0
hltv_match_2374880,2024-08-21 19:00:00+00:00,Players,Fluxo,,,team2,ESL Challenger League Season 48 South America,0
hltv_match_2374850,2024-08-21 21:00:00+00:00,Legacy,Wildcard,,,team2,ESL Challenger League Season 48 North America,0
hltv_match_2374853,2024-08-21 22:10:00+00:00,Wildcard,Legacy,,,team1,ESL Challenger League Season 48 North America,0
hltv_match_2374997,2024-08-22 02:30:00+00:00,Rooster,Mindfreak,,,team1,ESL Challenger Atlanta 2024 Oceania Closed Qualifier,0
hltv_match_2375009,2024-08-22 04:00:00+00:00,ECSTATIC,kONO,,,team1,European Pro League Season 18,0
hltv_match_2374959,2024-08-22 05:00:00+00:00,Monte,ECLOT,,,team2,Perfect World Shanghai Major 2024 EU RMR Closed Qualifier A,0
hltv_match_2374967,2024-08-22 05:00:00+00:00,Nemiga,Sashi,,,team1,Perfect World Shanghai Major 2024 EU RMR Closed Qualifier B,0
hltv_match_2374968,2024-08-22 05:00:00+00:00,Passion UA,ARCRED,,,team1,Perfect World Shanghai Major 2024 EU RMR Closed Qualifier B,0
hltv_match_2374970,2024-08-22 06:00:00+00:00,OG,Rebels,,,team1,Perfect World Shanghai Major 2024 EU RMR Closed Qualifier B,0
hltv_match_2374962,2024-08-22 06:00:00+00:00,B8,PARIVISION,,,team2,Perfect World Shanghai Major 2024 EU RMR Closed Qualifier A,0
hltv_match_2374961,2024-08-22 06:00:00+00:00,BC.Game,GamerLegion,,,team2,Perfect World Shanghai Major 2024 EU RMR Closed Qualifier A,0
hltv_match_2374717,2024-08-22 09:30:00+00:00,Virtus.pro,Zero Tenacity,,,team1,BLAST Premier Fall Showdown 2024,0
hltv_match_2374973,2024-08-22 11:00:00+00:00,AMKAL,Insilio,,,team2,Perfect World Shanghai Major 2024 EU RMR Closed Qualifier B,0
hltv_match_2374974,2024-08-22 12:00:00+00:00,Johnny Speeds,Zero Tenacity,,,team1,Perfect World Shanghai Major 2024 EU RMR Closed Qualifier B,0
hltv_match_2374896,2024-08-22 13:00:00+00:00,FAVBET,Spirit Academy,,,team1,CCT Season 2 Europe Series 10 Closed Qualifier,0
hltv_match_2374715,2024-08-22 14:05:00+00:00,Falcons,M80,,,team1,BLAST Premier Fall Showdown 2024,0
hltv_match_2374856,2024-08-22 21:00:00+00:00,Legacy,Mythic,,,team1,ESL Challenger League Season 48 North America,0
hltv_match_2374857,2024-08-22 21:50:00+00:00,Mythic,Legacy,,,team2,ESL Challenger League Season 48 North America,0
hltv_match_2374982,2024-08-23 05:00:00+00:00,ARCRED,Sashi,,,team2,Perfect World Shanghai Major 2024 EU RMR Closed Qualifier B,0
hltv_match_2374976,2024-08-23 05:00:00+00:00,Monte,ENCE,,,team1,Perfect World Shanghai Major 2024 EU RMR Closed Qualifier A,0
hltv_match_2374983,2024-08-23 05:00:00+00:00,Johnny Speeds,Rebels,,,team2,Perfect World Shanghai Major 2024 EU RMR Closed Qualifier B,0
hltv_match_2374980,2024-08-23 08:00:00+00:00,PARIVISION,GamerLegion,,,team1,Perfect World Shanghai Major 2024 EU RMR Closed Qualifier A,0
hltv_match_2374984,2024-08-23 08:00:00+00:00,Passion UA,OG,,,team1,Perfect World Shanghai Major 2024 EU RMR Closed Qualifier B,0
hltv_match_2374992,2024-08-23 11:45:00+00:00,Nemiga,Insilio,,,team1,Perfect World Shanghai Major 2024 EU RMR Closed Qualifier B,0
hltv_match_2374990,2024-08-23 11:45:00+00:00,OG,Sashi,,,team2,Perfect World Shanghai Major 2024 EU RMR Closed Qualifier B,0
hltv_match_2374989,2024-08-23 12:15:00+00:00,Monte,B8,,,team2,Perfect World Shanghai Major 2024 EU RMR Closed Qualifier A,0
hltv_match_2374900,2024-08-23 13:40:00+00:00,CPH Wolves,Spirit Academy,,,team1,CCT Season 2 Europe Series 10 Closed Qualifier,0
hltv_match_2374718,2024-08-23 15:10:00+00:00,BIG,GamerLegion,,,team1,BLAST Premier Fall Showdown 2024,0
hltv_match_2374720,2024-08-23 17:45:00+00:00,OG,AMKAL,,,team1,BLAST Premier Fall Showdown 2024,0
hltv_match_2374901,2024-08-24 04:00:00+00:00,Alliance,Young Ninjas,,,team1,CCT Season 2 Europe Series 10 Closed Qualifier,0
hltv_match_2374943,2024-08-24 04:30:00+00:00,Falcons,9z,,,team2,BetBoom Dacha Belgrade Season 2 Play-in,0
hltv_match_2374944,2024-08-24 08:55:00+00:00,paiN,BetBoom,,,team1,BetBoom Dacha Belgrade Season 2 Play-in,0
hltv_match_2375036,2024-08-24 09:40:00+00:00,GUN5,ECLOT,,,team1,European Pro League Season 18,0
hltv_match_2374722,2024-08-24 12:30:00+00:00,FaZe,paiN,,,team1,BLAST Premier Fall Showdown 2024,0
hltv_match_2374723,2024-08-24 15:55:00+00:00,Virtus.pro,BIG,,,team1,BLAST Premier Fall Showdown 2024,0
hltv_match_2375089,2024-08-25 01:35:00+00:00,XNL,BORING PLAYERS,,,team1,Perfect World Shanghai Major 2024 China RMR Open Qualifier,0
hltv_match_2375095,2024-08-25 04:15:56+00:00,Steel Helmet,BORING PLAYERS,,,team1,Perfect World Shanghai Major 2024 China RMR Open Qualifier,0
hltv_match_2374946,2024-08-25 05:15:00+00:00,Falcons,BetBoom,,,team1,BetBoom Dacha Belgrade Season 2 Play-in,0
hltv_match_2375087,2024-08-25 06:30:00+00:00,ECSTATIC,ECLOT,,,team2,European Pro League Season 18,0
hltv_match_2374947,2024-08-25 07:45:00+00:00,9z,paiN,,,team2,BetBoom Dacha Belgrade Season 2 Play-in,0
hltv_match_2374941,2024-08-25 10:45:00+00:00,Eternal Fire,Aurora,,,team1,BetBoom Dacha Belgrade Season 2 Play-in,0
hltv_match_2374766,2024-08-25 11:30:00+00:00,SINNERS,Young Ninjas,,,team1,CCT Season 2 Europe Series 9,0
hltv_match_2374724,2024-08-25 12:00:00+00:00,OG,FaZe,,,team2,BLAST Premier Fall Showdown 2024,0
hltv_match_2374725,2024-08-25 14:10:00+00:00,Falcons,Virtus.pro,,,team1,BLAST Premier Fall Showdown 2024,0
hltv_match_2375135,2024-08-26 02:10:00+00:00,THE,The QUBE,,,team1,Perfect World Shanghai Major 2024 East Asia RMR Open Qualifier,0
hltv_match_2375139,2024-08-26 03:55:00+00:00,NomadS,IHC,,,team2,Perfect World Shanghai Major 2024 East Asia RMR Open Qualifier,0
hltv_match_2374948,2024-08-26 05:00:00+00:00,Falcons,9z,,,team1,BetBoom Dacha Belgrade Season 2 Play-in,0
hltv_match_2375140,2024-08-26 05:30:00+00:00,IHC,THE,,,team1,Perfect World Shanghai Major 2024 East Asia RMR Open Qualifier,0
hltv_match_2375099,2024-08-26 05:30:00+00:00,GamerLegion,EYEBALLERS,,,team1,Thunderpick World Championship 2024 EU Closed Qualifier 2,0
hltv_match_2374950,2024-08-26 07:20:00+00:00,Aurora,FURIA,,,team2,BetBoom Dacha Belgrade Season 2 Play-in,0
hltv_match_2374906,2024-08-26 07:30:00+00:00,9INE,Alliance,,,team2,CCT Season 2 Europe Series 10,0
hltv_match_2374583,2024-08-26 09:30:00+00:00,GamerLegion,SINNERS,,,team2,YaLLa Compass Summer 2024,0
hltv_match_2375060,2024-08-26 09:30:00+00:00,fnatic,3DMAX,,,team2,IEM Rio 2024 Europe Closed Qualifier,0
hltv_match_2375061,2024-08-26 09:30:00+00:00,Eternal Fire,B8,,,team1,IEM Rio 2024 Europe Closed Qualifier,0
hltv_match_2375059,2024-08-26 09:30:00+00:00,Falcons,OG,,,team1,IEM Rio 2024 Europe Closed Qualifier,0
hltv_match_2374811,2024-08-26 10:00:00+00:00,Fluxo,KRÜ,,,team2,Perfect World Shanghai Major 2024 SA RMR Closed Qualifier,0
hltv_match_2374907,2024-08-26 10:30:00+00:00,Aurora Young Blud,Gaimin Gladiators,,,team2,CCT Season 2 Europe Series 10,0
hltv_match_2374813,2024-08-26 11:15:00+00:00,ODDIK,Galorys,,,team2,Perfect World Shanghai Major 2024 SA RMR Closed Qualifier,0
hltv_match_2375066,2024-08-26 13:30:00+00:00,B8,HEROIC,,,team2,IEM Rio 2024 Europe Closed Qualifier,0
hltv_match_2375063,2024-08-26 13:45:00+00:00,Falcons,3DMAX,,,team1,IEM Rio 2024 Europe Closed Qualifier,0
hltv_match_2375065,2024-08-26 13:45:00+00:00,OG,fnatic,,,team2,IEM Rio 2024 Europe Closed Qualifier,0
hltv_match_2374819,2024-08-26 14:10:00+00:00,Legacy,LAG,,,team1,Perfect World Shanghai Major 2024 NA RMR Closed Qualifier,0
hltv_match_2374820,2024-08-26 14:10:00+00:00,Wildcard,Mythic,,,team1,Perfect World Shanghai Major 2024 NA RMR Closed Qualifier,0
hltv_match_2375102,2024-08-26 14:30:00+00:00,Passion UA,9INE,,,team2,Thunderpick World Championship 2024 EU Closed Qualifier 2,0
hltv_match_2374771,2024-08-26 14:30:00+00:00,MOUZ NXT,CYBERSHOKE,,,team1,CCT Season 2 Europe Series 9,0
hltv_match_2375171,2024-08-26 15:00:00+00:00,BESTIA,Galorys,,,team1,Perfect World Shanghai Major 2024 SA RMR Closed Qualifier,0
hltv_match_2374821,2024-08-26 15:00:00+00:00,NRG,Akimbo,,,team1,Perfect World Shanghai Major 2024 NA RMR Closed Qualifier,0
hltv_match_2375175,2024-08-26 17:00:00+00:00,Fluxo,Dusty Roots,,,team1,Perfect World Shanghai Major 2024 SA RMR Closed Qualifier,0
hltv_match_2373680,2024-08-26 18:00:00+00:00,Players,Imperial,,,team2,ESL Challenger League Season 48 South America,0
hltv_match_2375178,2024-08-26 19:00:00+00:00,Legacy,BOSS,,,team2,Perfect World Shanghai Major 2024 NA RMR Closed Qualifier,0
hltv_match_2373688,2024-08-26 19:00:00+00:00,Imperial,Players,,,team1,ESL Challenger League Season 48 South America,0
hltv_match_2375182,2024-08-26 21:10:00+00:00,LAG,Take Flyte,,,team2,Perfect World Shanghai Major 2024 NA RMR Closed Qualifier,0
hltv_match_2375183,2024-08-26 21:10:00+00:00,Mythic,Homyno,,,team1,Perfect World Shanghai Major 2024 NA RMR Closed Qualifier,0
hltv_match_2375186,2024-08-27 02:00:00+00:00,Rooster,Vantage,,,team1,Perfect World Shanghai Major 2024 OCE RMR Closed Qualifier,0
hltv_match_2375200,2024-08-27 02:25:00+00:00,TYLOO,Steel Helmet,,,team1,Perfect World Shanghai Major 2024 China RMR Closed Qualifier,0
hltv_match_2375203,2024-08-27 03:30:00+00:00,Rare Atom,XNL,,,team1,Perfect World Shanghai Major 2024 China RMR Closed Qualifier,0
hltv_match_2374909,2024-08-27 04:30:00+00:00,Insilio,FAVBET,,,team1,CCT Season 2 Europe Series 10,0
hltv_match_2375204,2024-08-27 05:00:00+00:00,TYLOO,Teamwork,,,team1,Perfect World Shanghai Major 2024 China RMR Closed Qualifier,0
hltv_match_2374945,2024-08-27 05:30:00+00:00,paiN,Falcons,,,team1,BetBoom Dacha Belgrade Season 2 Play-in,0
hltv_match_2375103,2024-08-27 05:30:00+00:00,PARIVISION,Gaimin Gladiators,,,team2,Thunderpick World Championship 2024 EU Closed Qualifier 2,0
hltv_match_2375289,2024-08-27 06:30:00+00:00,Aurora Young Blud,ECLOT,,,team2,European Pro League Season 18,0
hltv_match_2374586,2024-08-27 07:00:00+00:00,B8,9INE,,,team2,YaLLa Compass Summer 2024,0
hltv_match_2375239,2024-08-27 08:30:00+00:00,Rebels,FAVBET,,,team1,Elisa Invitational Fall 2024,0
hltv_match_2374773,2024-08-27 08:30:00+00:00,Zero Tenacity,SINNERS,,,team2,CCT Season 2 Europe Series 9,0
hltv_match_2375068,2024-08-27 09:30:00+00:00,HEROIC,3DMAX,,,team1,IEM Rio 2024 Europe Closed Qualifier,0
hltv_match_2375217,2024-08-27 10:00:00+00:00,KRÜ,BESTIA,,,team2,Perfect World Shanghai Major 2024 SA RMR Closed Qualifier,0
hltv_match_2374952,2024-08-27 10:10:00+00:00,Eternal Fire,FURIA,,,team2,BetBoom Dacha Belgrade Season 2 Play-in,0
hltv_match_2375218,2024-08-27 13:10:00+00:00,Sharks,ODDIK,,,team2,Perfect World Shanghai Major 2024 SA RMR Closed Qualifier,0
hltv_match_2375069,2024-08-27 13:30:00+00:00,Eternal Fire,Falcons,,,team1,IEM Rio 2024 Europe Closed Qualifier,0
hltv_match_2375070,2024-08-27 13:30:00+00:00,HEROIC,fnatic,,,team1,IEM Rio 2024 Europe Closed Qualifier,0
hltv_match_2375226,2024-08-27 14:00:00+00:00,Wildcard,BOSS,,,team1,Perfect World Shanghai Major 2024 NA RMR Closed Qualifier,0
hltv_match_2375228,2024-08-27 17:00:00+00:00,Legacy,Take Flyte,,,team1,Perfect World Shanghai Major 2024 NA RMR Closed Qualifier,0
hltv_match_2375209,2024-08-28 02:00:00+00:00,Teamwork,XNL,,,team1,Perfect World Shanghai Major 2024 China RMR Closed Qualifier,0
hltv_match_2375256,2024-08-28 02:10:00+00:00,Chinggis Warriors,Glamour,,,team1,Perfect World Shanghai Major 2024 East Asia RMR Closed Qualifier,0
hltv_match_2375257,2024-08-28 02:10:00+00:00,IHC,THE,,,team2,Perfect World Shanghai Major 2024 East Asia RMR Closed Qualifier,0
hltv_match_2375259,2024-08-28 03:00:00+00:00,ATOX,NomadS,,,team1,Perfect World Shanghai Major 2024 East Asia RMR Closed Qualifier,0
hltv_match_2374585,2024-08-28 04:00:00+00:00,Monte,Passion UA,,,team1,YaLLa Compass Summer 2024,0
hltv_match_2375156,2024-08-28 04:30:00+00:00,CYBERSHOKE,FAVBET,,,team1,CCT Season 2 Europe Series 10,0
hltv_match_2375210,2024-08-28 05:00:00+00:00,TYLOO,Rare Atom,,,team1,Perfect World Shanghai Major 2024 China RMR Closed Qualifier,0
hltv_match_2375014,2024-08-28 05:00:00+00:00,Spirit,Falcons,,,team1,BetBoom Dacha Belgrade Season 2,0
hltv_match_2375260,2024-08-28 05:10:00+00:00,THE,Chinggis Warriors,,,team2,Perfect World Shanghai Major 2024 East Asia RMR Closed Qualifier,0
hltv_match_2375262,2024-08-28 06:00:00+00:00,IHC,Glamour,,,team1,Perfect World Shanghai Major 2024 East Asia RMR Closed Qualifier,0
hltv_match_2374587,2024-08-28 07:00:00+00:00,Nemiga,Metizport,,,team2,YaLLa Compass Summer 2024,0
hltv_match_2375013,2024-08-28 08:00:00+00:00,Virtus.pro,FURIA,,,team2,BetBoom Dacha Belgrade Season 2,0
hltv_match_2375108,2024-08-28 09:30:00+00:00,AMKAL,GUN5,,,team1,Thunderpick World Championship 2024 EU Closed Qualifier 2,0
hltv_match_2375071,2024-08-28 09:30:00+00:00,Falcons,HEROIC,,,team2,IEM Rio 2024 Europe Closed Qualifier,0
hltv_match_2374777,2024-08-28 10:00:00+00:00,B8,SINNERS,,,team1,CCT Season 2 Europe Series 9,0
hltv_match_2375158,2024-08-28 10:30:00+00:00,Aurora Young Blud,CPH Wolves,,,team2,CCT Season 2 Europe Series 10,0
hltv_match_2375105,2024-08-28 11:40:00+00:00,Monte,MOUZ NXT,,,team1,Thunderpick World Championship 2024 EU Closed Qualifier 2,0
hltv_match_2375012,2024-08-28 12:50:00+00:00,HEROIC,paiN,,,team2,BetBoom Dacha Belgrade Season 2,0
hltv_match_2375223,2024-08-28 13:00:00+00:00,RED Canids,ODDIK,,,team1,Perfect World Shanghai Major 2024 SA RMR Closed Qualifier,0
hltv_match_2375291,2024-08-28 16:30:00+00:00,FURIA fe,thekillaz fe,,,team1,ESL Impact League Season 6 South America,0
hltv_match_2375011,2024-08-28 16:55:00+00:00,MOUZ,Eternal Fire,,,team1,BetBoom Dacha Belgrade Season 2,0
hltv_match_2375232,2024-08-28 17:10:00+00:00,NRG,Legacy,,,team2,Perfect World Shanghai Major 2024 NA RMR Closed Qualifier,0
hltv_match_2375225,2024-08-28 17:10:00+00:00,RED Canids,Fluxo,,,team1,Perfect World Shanghai Major 2024 SA RMR Closed Qualifier,0
hltv_match_2375264,2024-08-29 02:00:00+00:00,ATOX,IHC,,,team1,Perfect World Shanghai Major 2024 East Asia RMR Closed Qualifier,0
hltv_match_2375212,2024-08-29 04:00:00+00:00,Rare Atom,Teamwork,,,team1,Perfect World Shanghai Major 2024 China RMR Closed Qualifier,0
hltv_match_2375160,2024-08-29 04:30:00+00:00,SINNERS,Alliance,,,team1,CCT Season 2 Europe Series 10,0
hltv_match_2375016,2024-08-29 05:00:00+00:00,Falcons,Virtus.pro,,,team2,BetBoom Dacha Belgrade Season 2,0
hltv_match_2374589,2024-08-29 07:00:00+00:00,AMKAL,PARIVISION,,,team2,YaLLa Compass Summer 2024,0
hltv_match_2375213,2024-08-29 07:00:00+00:00,TYLOO,Rare Atom,,,team2,Perfect World Shanghai Major 2024 China RMR Closed Qualifier,0
hltv_match_2375267,2024-08-29 08:30:00+00:00,THE,ATOX,,,team2,Perfect World Shanghai Major 2024 East Asia RMR Closed Qualifier,0
hltv_match_2375110,2024-08-29 08:30:00+00:00,fnatic,ECSTATIC,,,team2,Thunderpick World Championship 2024 EU Closed Qualifier 2,0
hltv_match_2375015,2024-08-29 08:55:00+00:00,HEROIC,Eternal Fire,,,team2,BetBoom Dacha Belgrade Season 2,0
hltv_match_2375074,2024-08-29 09:30:00+00:00,Sashi,Monte,,,team1,ESL Challenger Atlanta 2024 Europe Closed Qualifier,0
hltv_match_2375075,2024-08-29 09:30:00+00:00,GUN5,Ninjas in Pyjamas,,,team1,ESL Challenger Atlanta 2024 Europe Closed Qualifier,0
hltv_match_2375073,2024-08-29 09:30:00+00:00,GamerLegion,Aurora,,,team1,ESL Challenger Atlanta 2024 Europe Closed Qualifier,0
hltv_match_2375072,2024-08-29 09:30:00+00:00,SAW,GenOne,,,team1,ESL Challenger Atlanta 2024 Europe Closed Qualifier,0
hltv_match_2375018,2024-08-29 11:40:00+00:00,Spirit,FURIA,,,team1,BetBoom Dacha Belgrade Season 2,0
hltv_match_2375076,2024-08-29 13:30:00+00:00,GamerLegion,SAW,,,team2,ESL Challenger Atlanta 2024 Europe Closed Qualifier,0
hltv_match_2375078,2024-08-29 13:30:00+00:00,Aurora,GenOne,,,team1,ESL Challenger Atlanta 2024 Europe Closed Qualifier,0
hltv_match_2375017,2024-08-29 14:10:00+00:00,paiN,MOUZ,,,team2,BetBoom Dacha Belgrade Season 2,0
hltv_match_2375077,2024-08-29 14:15:00+00:00,Sashi,GUN5,,,team2,ESL Challenger Atlanta 2024 Europe Closed Qualifier,0
hltv_match_2375079,2024-08-29 14:15:00+00:00,Monte,Ninjas in Pyjamas,,,team1,ESL Challenger Atlanta 2024 Europe Closed Qualifier,0
hltv_match_2375293,2024-08-29 16:30:00+00:00,Atrix,CAPIVARAS,,,team1,ESL Impact League Season 6 South America,0
hltv_match_2375346,2024-08-29 21:30:00+00:00,Wildcard,NRG,,,team1,ESL Challenger Atlanta 2024 North America Closed Qualifier,0
hltv_match_2375268,2024-08-30 04:00:00+00:00,Chinggis Warriors,ATOX,,,team2,Perfect World Shanghai Major 2024 East Asia RMR Closed Qualifier,0
hltv_match_2375302,2024-08-30 04:30:00+00:00,Aurora Young Blud,FAVBET,,,team1,CCT Season 2 Europe Series 10,0
hltv_match_2375168,2024-08-30 05:00:00+00:00,FlyQuest,Vantage,,,team1,ESL Challenger League Season 48 Oceania,0
hltv_match_2375112,2024-08-30 05:30:00+00:00,Zero Tenacity,Nexus,,,team1,Thunderpick World Championship 2024 EU Closed Qualifier 2,0
hltv_match_2375169,2024-08-30 05:50:00+00:00,Vantage,FlyQuest,,,team2,ESL Challenger League Season 48 Oceania,0
hltv_match_2375019,2024-08-30 07:00:00+00:00,Eternal Fire,FURIA,,,team1,BetBoom Dacha Belgrade Season 2,0
hltv_match_2375312,2024-08-30 07:00:00+00:00,SINNERS,HOTU,,,team1,Winline Insight Season 5,0
hltv_match_2375081,2024-08-30 09:30:00+00:00,GamerLegion,Monte,,,team2,ESL Challenger Atlanta 2024 Europe Closed Qualifier,0
hltv_match_2375080,2024-08-30 09:30:00+00:00,Sashi,Aurora,,,team2,ESL Challenger Atlanta 2024 Europe Closed Qualifier,0
hltv_match_2375020,2024-08-30 10:30:00+00:00,Virtus.pro,paiN,,,team2,BetBoom Dacha Belgrade Season 2,0
hltv_match_2375114,2024-08-30 11:30:00+00:00,ENCE,Young Ninjas,,,team2,Thunderpick World Championship 2024 EU Closed Qualifier 2,0
hltv_match_2375083,2024-08-30 13:30:00+00:00,Aurora,Monte,,,team2,ESL Challenger Atlanta 2024 Europe Closed Qualifier,0
hltv_match_2375082,2024-08-30 13:30:00+00:00,GUN5,SAW,,,team2,ESL Challenger Atlanta 2024 Europe Closed Qualifier,0
hltv_match_2375021,2024-08-30 14:45:00+00:00,Spirit,MOUZ,,,team1,BetBoom Dacha Belgrade Season 2,0
hltv_match_2375349,2024-08-30 21:30:00+00:00,Wildcard,NRG,,,team1,ESL Challenger Atlanta 2024 North America Closed Qualifier,0
hltv_match_2375115,2024-08-31 06:30:00+00:00,ECSTATIC,CYBERSHOKE,,,team1,Thunderpick World Championship 2024 EU Closed Qualifier 2,0
hltv_match_2375022,2024-08-31 07:15:00+00:00,Eternal Fire,paiN,,,team1,BetBoom Dacha Belgrade Season 2,0
hltv_match_2375084,2024-08-31 09:30:00+00:00,Monte,GUN5,,,team2,ESL Challenger Atlanta 2024 Europe Closed Qualifier,0
hltv_match_2375308,2024-08-31 10:30:00+00:00,SINNERS,Gaimin Gladiators,,,team2,CCT Season 2 Europe Series 10,0
hltv_match_2375023,2024-08-31 12:00:00+00:00,MOUZ,Eternal Fire,,,team2,BetBoom Dacha Belgrade Season 2,0
hltv_match_2375085,2024-08-31 13:30:00+00:00,SAW,GUN5,,,team1,ESL Challenger Atlanta 2024 Europe Closed Qualifier,0
hltv_match_2375054,2024-08-31 17:30:00+00:00,LAG,Legacy,,,team2,IEM Rio 2024 North America Closed Qualifier,0
hltv_match_2375055,2024-08-31 21:30:00+00:00,Liquid,Legacy,,,team2,IEM Rio 2024 North America Closed Qualifier,0
hltv_match_2375245,2024-09-01 07:00:00+00:00,Spirit Academy,Nexus,,,team1,CCT Season 2 Europe Series 11 Closed Qualifier,0
hltv_match_2375316,2024-09-01 07:00:00+00:00,Rebels,Partizan,,,team2,Winline Insight Season 5,0
hltv_match_2375117,2024-09-01 07:00:00+00:00,AMKAL,Young Ninjas,,,team2,Thunderpick World Championship 2024 EU Closed Qualifier 2,0
hltv_match_2375024,2024-09-01 07:00:00+00:00,Spirit,Eternal Fire,,,team1,BetBoom Dacha Belgrade Season 2,0
hltv_match_2375118,2024-09-01 10:00:00+00:00,9INE,Zero Tenacity,,,team2,Thunderpick World Championship 2024 EU Closed Qualifier 2,0
hltv_match_2375321,2024-09-01 10:05:00+00:00,CYBERSHOKE,CPH Wolves,,,team1,CCT Season 2 Europe Series 10,0
hltv_match_2375480,2024-09-01 13:45:00+00:00,Bounty Hunters,Players,,,team1,CCT Season 2 South America Series 3,0
hltv_match_2375058,2024-09-01 21:30:00+00:00,Legacy,Liquid,,,team2,IEM Rio 2024 North America Closed Qualifier,0
hltv_match_2375248,2024-09-02 04:00:00+00:00,Gaimin Gladiators,Alliance,,,team1,CCT Season 2 Europe Series 11,0
hltv_match_2375249,2024-09-02 07:00:00+00:00,Aurora Young Blud,ECSTATIC,,,team2,CCT Season 2 Europe Series 11,0
hltv_match_2375439,2024-09-02 07:00:00+00:00,9INE,EYEBALLERS,,,team1,YaLLa Compass Summer 2024,0
hltv_match_2375430,2024-09-02 08:00:00+00:00,Metizport,FAVBET,,,team1,Elisa Invitational Fall 2024,0
hltv_match_2375120,2024-09-02 09:40:00+00:00,BetBoom,Monte,,,team1,Thunderpick World Championship 2024 EU Closed Qualifier 2,0
hltv_match_2375484,2024-09-02 13:30:00+00:00,ODDIK,9z Academy,,,team1,CCT Season 2 South America Series 3,0
hltv_match_2375485,2024-09-02 16:30:00+00:00,BESTIA,paiN Academy,,,team1,CCT Season 2 South America Series 3,0
hltv_match_2374673,2024-09-02 18:00:00+00:00,Imperial,Galorys,,,team1,ESL Challenger League Season 48 South America,0
hltv_match_2374677,2024-09-02 19:00:00+00:00,Galorys,Imperial,,,team2,ESL Challenger League Season 48 South America,0
hltv_match_2375486,2024-09-02 19:30:00+00:00,Sharks,Yawara,,,team1,CCT Season 2 South America Series 3,0
hltv_match_2375457,2024-09-02 20:00:00+00:00,Legacy,BOSS,,,team1,ESL Challenger League Season 48 North America,0
hltv_match_2375458,2024-09-02 21:00:00+00:00,BOSS,Legacy,,,team2,ESL Challenger League Season 48 North America,0
hltv_match_2375440,2024-09-03 04:00:00+00:00,AMKAL,Passion UA,,,team1,YaLLa Compass Summer 2024,0
hltv_match_2375121,2024-09-03 06:30:00+00:00,Gaimin Gladiators,SINNERS,,,team1,Thunderpick World Championship 2024 EU Closed Qualifier 2,0
hltv_match_2375441,2024-09-03 07:00:00+00:00,Sashi,Nemiga,,,team2,YaLLa Compass Summer 2024,0
hltv_match_2375508,2024-09-03 07:00:00+00:00,RUBY,BC.Game,,,team1,ESEA Advanced Season 50 Europe,0
hltv_match_2375351,2024-09-03 07:30:00+00:00,Lynn Vision,Natus Vincere,,,team2,ESL Pro League Season 20,0
hltv_match_2375350,2024-09-03 07:30:00+00:00,FlyQuest,Eternal Fire,,,team2,ESL Pro League Season 20,0
hltv_match_2375352,2024-09-03 10:30:00+00:00,FaZe,Sangal,,,team2,ESL Pro League Season 20,0
hltv_match_2375353,2024-09-03 10:40:00+00:00,HEROIC,Ninjas in Pyjamas,,,team2,ESL Pro League Season 20,0
hltv_match_2375254,2024-09-03 11:10:00+00:00,Young Ninjas,Spirit Academy,,,team2,CCT Season 2 Europe Series 11,0
hltv_match_2375503,2024-09-03 12:00:00+00:00,K27,ECLOT,,,team1,ESEA Advanced Season 50 Europe,0
hltv_match_2375328,2024-09-03 12:00:00+00:00,9INE,EYEBALLERS,,,team1,CCT Season 2 Europe Series 10,0
hltv_match_2375504,2024-09-03 13:00:00+00:00,CPH Wolves,L&G,,,team1,ESEA Advanced Season 50 Europe,0
hltv_match_2375354,2024-09-03 13:30:00+00:00,MIBR,9z,,,team1,ESL Pro League Season 20,0
hltv_match_2375506,2024-09-03 14:30:00+00:00,Passion UA,MOLO,,,team2,ESEA Advanced Season 50 Europe,0
hltv_match_2375489,2024-09-03 17:30:00+00:00,Fluxo,Galorys,,,team1,CCT Season 2 South America Series 3,0
hltv_match_2375490,2024-09-03 20:45:00+00:00,BESTIA,Bounty Hunters,,,team1,CCT Season 2 South America Series 3,0
hltv_match_2375442,2024-09-04 04:00:00+00:00,Zero Tenacity,SINNERS,,,team1,YaLLa Compass Summer 2024,0
hltv_match_2375443,2024-09-04 07:15:00+00:00,Monte,PARIVISION,,,team2,YaLLa Compass Summer 2024,0
hltv_match_2375357,2024-09-04 07:30:00+00:00,The MongolZ,3DMAX,,,team2,ESL Pro League Season 20,0
hltv_match_2375356,2024-09-04 07:30:00+00:00,Spirit,Wildcard,,,team1,ESL Pro League Season 20,0
hltv_match_2375124,2024-09-04 09:30:00+00:00,ECSTATIC,Zero Tenacity,,,team2,Thunderpick World Championship 2024 EU Closed Qualifier 2,0
hltv_match_2375496,2024-09-04 10:25:00+00:00,Young Ninjas,Alliance,,,team1,CCT Season 2 Europe Series 11,0
hltv_match_2375368,2024-09-04 10:30:00+00:00,Eternal Fire,Sangal,,,team1,ESL Pro League Season 20,0
hltv_match_2375366,2024-09-04 10:30:00+00:00,FlyQuest,FaZe,,,team2,ESL Pro League Season 20,0
hltv_match_2375516,2024-09-04 11:00:00+00:00,Spirit Academy,RUBY,,,team1,ESEA Advanced Season 50 Europe,0
hltv_match_2375491,2024-09-04 13:30:00+00:00,Fluxo,BESTIA,,,team1,CCT Season 2 South America Series 3,0
hltv_match_2375369,2024-09-04 13:30:00+00:00,Lynn Vision,HEROIC,,,team2,ESL Pro League Season 20,0
hltv_match_2375367,2024-09-04 13:30:00+00:00,Natus Vincere,Ninjas in Pyjamas,,,team1,ESL Pro League Season 20,0
hltv_match_2375464,2024-09-04 16:30:00+00:00,FURIA fe,CAPIVARAS,,,team1,ESL Impact League Season 6 South America,0
hltv_match_2375492,2024-09-04 17:05:00+00:00,ODDIK,Sharks,,,team1,CCT Season 2 South America Series 3,0
hltv_match_2375493,2024-09-04 20:15:00+00:00,Fluxo,ODDIK,,,team1,CCT Season 2 South America Series 3,0
hltv_match_2375329,2024-09-05 04:30:00+00:00,Monte,SINNERS,,,team1,CCT Season 2 Europe Series 10,0
hltv_match_2374639,2024-09-05 06:30:00+00:00,Insilio,GUN5,,,team2,ESL Challenger League Season 48 Europe,0
hltv_match_2375526,2024-09-05 07:00:00+00:00,Aurora Young Blud,Nexus,,,team1,Winline Insight Season 5,0
hltv_match_2375499,2024-09-05 07:10:00+00:00,CYBERSHOKE,ECSTATIC,,,team2,CCT Season 2 Europe Series 11,0
hltv_match_2375370,2024-09-05 07:30:00+00:00,MIBR,Spirit,,,team1,ESL Pro League Season 20,0
hltv_match_2375332,2024-09-05 07:30:00+00:00,B8,9INE,,,team1,CCT Season 2 Europe Series 10,0
hltv_match_2375126,2024-09-05 09:50:00+00:00,BetBoom,Gaimin Gladiators,,,team1,Thunderpick World Championship 2024 EU Closed Qualifier 2,0
hltv_match_2374637,2024-09-05 10:00:00+00:00,Betera,EYEBALLERS,,,team1,ESL Challenger League Season 48 Europe,0
hltv_match_2375500,2024-09-05 10:10:00+00:00,Insilio,Spirit Academy,,,team2,CCT Season 2 Europe Series 11,0
hltv_match_2375372,2024-09-05 10:30:00+00:00,9z,Wildcard,,,team1,ESL Pro League Season 20,0
hltv_match_2375373,2024-09-05 10:55:00+00:00,G2,3DMAX,,,team1,ESL Pro League Season 20,0
hltv_match_2375331,2024-09-05 11:00:00+00:00,Zero Tenacity,Alliance,,,team1,CCT Season 2 Europe Series 10,0
hltv_match_2375512,2024-09-05 12:00:00+00:00,UNiTY,CPH Wolves,,,team2,ESEA Advanced Season 50 Europe,0
hltv_match_2375534,2024-09-05 12:30:00+00:00,RUBY,ECLOT,,,team2,ESEA Advanced Season 50 Europe,0
hltv_match_2375498,2024-09-05 13:00:00+00:00,GUN5,EYEBALLERS,,,team2,CCT Season 2 Europe Series 11,0
hltv_match_2375375,2024-09-05 13:30:00+00:00,Sangal,HEROIC,,,team1,ESL Pro League Season 20,0
hltv_match_2375132,2024-09-05 14:00:00+00:00,SINNERS,B8,,,team2,ESL Challenger League Season 48 Europe,0
hltv_match_2375374,2024-09-05 14:05:00+00:00,FaZe,Ninjas in Pyjamas,,,team1,ESL Pro League Season 20,0
hltv_match_2375517,2024-09-05 14:30:00+00:00,MOUZ NXT,HOTU,,,team2,ESEA Advanced Season 50 Europe,0
hltv_match_2375514,2024-09-05 14:30:00+00:00,FAVBET,MOLO,,,team1,ESEA Advanced Season 50 Europe,0
hltv_match_2375465,2024-09-05 16:50:00+00:00,MIBR fe,Atrix,,,team2,ESL Impact League Season 6 South America,0
hltv_match_2374607,2024-09-05 17:15:00+00:00,Dusty Roots,Sharks,,,team2,ESL Challenger League Season 48 South America,0
hltv_match_2374611,2024-09-05 18:35:00+00:00,Sharks,Dusty Roots,,,team1,ESL Challenger League Season 48 South America,0
hltv_match_2375333,2024-09-06 04:30:00+00:00,BetBoom,CYBERSHOKE,,,team2,CCT Season 2 Europe Series 10,0
hltv_match_2375127,2024-09-06 06:40:00+00:00,Zero Tenacity,Young Ninjas,,,team1,Thunderpick World Championship 2024 EU Closed Qualifier 2,0
hltv_match_2375519,2024-09-06 07:00:00+00:00,Aurora Young Blud,Alliance,,,team1,CCT Season 2 Europe Series 11,0
hltv_match_2375376,2024-09-06 07:30:00+00:00,9z,3DMAX,,,team2,ESL Pro League Season 20,0
hltv_match_2375377,2024-09-06 07:30:00+00:00,The MongolZ,Spirit,,,team2,ESL Pro League Season 20,0
hltv_match_2375520,2024-09-06 10:20:00+00:00,CYBERSHOKE,FAVBET,,,team2,CCT Season 2 Europe Series 11,0
hltv_match_2375529,2024-09-06 10:20:00+00:00,GUN5,Rebels,,,team1,Winline Insight Season 5,0
hltv_match_2375378,2024-09-06 10:30:00+00:00,FlyQuest,Lynn Vision,,,team1,ESL Pro League Season 20,0
hltv_match_2375379,2024-09-06 10:45:00+00:00,Sangal,FaZe,,,team2,ESL Pro League Season 20,0
hltv_match_2375511,2024-09-06 12:00:00+00:00,500,K27,,,team1,ESEA Advanced Season 50 Europe,0
hltv_match_2375381,2024-09-06 13:30:00+00:00,3DMAX,Spirit,,,team2,ESL Pro League Season 20,0
hltv_match_2375336,2024-09-06 13:50:00+00:00,Passion UA,Gaimin Gladiators,,,team1,CCT Season 2 Europe Series 10,0
hltv_match_2375581,2024-09-06 14:00:00+00:00,Betclic,GUN5,,,team2,ESL Challenger League Season 48 Europe,0
hltv_match_2374171,2024-09-06 17:00:00+00:00,ODDIK,Imperial,,,team2,ESL Challenger League Season 48 South America,0
hltv_match_2375585,2024-09-06 18:00:00+00:00,MIBR Academy,paiN Academy,,,team1,Liga Gamers Club 2024 Serie A August Cup,0
hltv_match_2374175,2024-09-06 18:35:00+00:00,Imperial,ODDIK,,,team1,ESL Challenger League Season 48 South America,0
hltv_match_2375586,2024-09-07 03:30:00+00:00,Blaze Warriors,Elocon,,,team1,GPlay Premier Hanoi 2024 Finals,0
hltv_match_2375337,2024-09-07 04:30:00+00:00,GamerLegion,Monte,,,team1,CCT Season 2 Europe Series 10,0
hltv_match_2375523,2024-09-07 07:00:00+00:00,GUN5,Young Ninjas,,,team1,CCT Season 2 Europe Series 11,0
hltv_match_2375383,2024-09-07 07:30:00+00:00,9z,The MongolZ,,,team2,ESL Pro League Season 20,0
hltv_match_2375384,2024-09-07 07:30:00+00:00,Sangal,FlyQuest,,,team1,ESL Pro League Season 20,0
hltv_match_2375338,2024-09-07 07:30:00+00:00,CYBERSHOKE,Passion UA,,,team2,CCT Season 2 Europe Series 10,0
hltv_match_2375524,2024-09-07 10:00:00+00:00,EYEBALLERS,ECSTATIC,,,team2,CCT Season 2 Europe Series 11,0
hltv_match_2375385,2024-09-07 10:30:00+00:00,Wildcard,3DMAX,,,team2,ESL Pro League Season 20,0
hltv_match_2375382,2024-09-07 10:30:00+00:00,HEROIC,Ninjas in Pyjamas,,,team1,ESL Pro League Season 20,0
hltv_match_2375525,2024-09-07 13:00:00+00:00,Gaimin Gladiators,Spirit Academy,,,team2,CCT Season 2 Europe Series 11,0
hltv_match_2375386,2024-09-07 14:00:00+00:00,Eternal Fire,Natus Vincere,,,team2,ESL Pro League Season 20,0
hltv_match_2375632,2024-09-07 14:10:00+00:00,Take Flyte,Amped Red,,,team1,Fragicago 2024,0
hltv_match_2375626,2024-09-07 14:10:00+00:00,LAG,NuTorious,,,team1,Fragicago 2024,0
hltv_match_2375340,2024-09-07 14:20:00+00:00,Nemiga,Zero Tenacity,,,team2,CCT Season 2 Europe Series 10,0
hltv_match_2375665,2024-09-07 20:20:00+00:00,Take Flyte,Wanted Goons,,,team1,Fragicago 2024,0
hltv_match_2375544,2024-09-08 05:30:00+00:00,CYBERSHOKE,Young Ninjas,,,team1,CCT Season 2 Europe Series 11,0
hltv_match_2375532,2024-09-08 06:00:00+00:00,SINNERS,Insilio,,,team2,Winline Insight Season 5,0
hltv_match_2375341,2024-09-08 06:00:00+00:00,Passion UA,GamerLegion,,,team2,CCT Season 2 Europe Series 10,0
hltv_match_2375388,2024-09-08 07:30:00+00:00,The MongolZ,3DMAX,,,team1,ESL Pro League Season 20,0
hltv_match_2375342,2024-09-08 09:00:00+00:00,B8,Zero Tenacity,,,team1,CCT Season 2 Europe Series 10,0
hltv_match_2375533,2024-09-08 10:00:00+00:00,CYBERSHOKE,ARCRED,,,team1,Winline Insight Season 5,0
hltv_match_2375387,2024-09-08 10:30:00+00:00,Sangal,HEROIC,,,team2,ESL Pro League Season 20,0
hltv_match_2375577,2024-09-08 11:00:00+00:00,BC.Game,K27,,,team2,ESEA Advanced Season 50 Europe,0
hltv_match_2375343,2024-09-08 12:00:00+00:00,GamerLegion,B8,,,team2,CCT Season 2 Europe Series 10,0
hltv_match_2375571,2024-09-08 12:00:00+00:00,Spirit Academy,HOTU,,,team1,ESEA Advanced Season 50 Europe,0
hltv_match_2375389,2024-09-08 13:30:00+00:00,MIBR,G2,,,team2,ESL Pro League Season 20,0
hltv_match_2375537,2024-09-09 07:00:00+00:00,Zero Tenacity,Metizport,,,team1,YaLLa Compass Summer 2024,0
hltv_match_2375670,2024-09-09 07:10:00+00:00,ECLOT,MOUZ NXT,,,team1,ESEA Advanced Season 50 Europe,0
hltv_match_2375548,2024-09-09 08:45:00+00:00,Gaimin Gladiators,FAVBET,,,team2,CCT Season 2 Europe Series 11,0
hltv_match_2375684,2024-09-09 21:45:00+00:00,Akimbo,Homyno,,,team1,ESEA Advanced Season 50 North America,0
hltv_match_2375680,2024-09-10 04:00:00+00:00,CPH Wolves,Betclic,,,team2,European Pro League 2nd Division Season 15,0
hltv_match_2375550,2024-09-10 05:00:00+00:00,Aurora Young Blud,Gaimin Gladiators,,,team2,CCT Season 2 Europe Series 11,0
hltv_match_2375539,2024-09-10 07:00:00+00:00,Sashi,GamerLegion,,,team1,YaLLa Compass Summer 2024,0
hltv_match_2375358,2024-09-10 07:30:00+00:00,fnatic,Astralis,,,team1,ESL Pro League Season 20,0
hltv_match_2375359,2024-09-10 07:30:00+00:00,MOUZ,Rooster,,,team1,ESL Pro League Season 20,0
hltv_match_2375362,2024-09-10 10:50:00+00:00,Liquid,ENCE,,,team1,ESL Pro League Season 20,0
hltv_match_2375360,2024-09-10 11:10:00+00:00,BIG,Imperial,,,team2,ESL Pro League Season 20,0
hltv_match_2375668,2024-09-10 13:00:00+00:00,L&G,MOLO,,,team2,ESEA Advanced Season 50 Europe,0
hltv_match_2375363,2024-09-10 14:10:00+00:00,RED Canids,Virtus.pro,,,team2,ESL Pro League Season 20,0
hltv_match_2374441,2024-09-10 17:00:00+00:00,BESTIA,Dusty Roots,,,team1,ESL Challenger League Season 48 South America,0
hltv_match_2374445,2024-09-10 18:00:00+00:00,Dusty Roots,BESTIA,,,team2,ESL Challenger League Season 48 South America,0
hltv_match_2375758,2024-09-10 21:30:00+00:00,InControl,Akimbo,,,team2,ESEA Advanced Season 50 North America,0
hltv_match_2375685,2024-09-11 04:00:00+00:00,kONO,ECLOT,,,team2,United21 League Season 19,0
hltv_match_2375616,2024-09-11 04:30:00+00:00,CPH Wolves,ENCE Academy,,,team1,CCT Season 2 Europe Series 12 Closed Qualifier,0
hltv_match_2375677,2024-09-11 07:00:00+00:00,ENCE Academy,Spirit Academy,,,team2,European Pro League 2nd Division Season 15,0
hltv_match_2375541,2024-09-11 07:00:00+00:00,PARIVISION,9INE,,,team1,YaLLa Compass Summer 2024,0
hltv_match_2375365,2024-09-11 07:30:00+00:00,Vitality,ATOX,,,team1,ESL Pro League Season 20,0
hltv_match_2375364,2024-09-11 07:30:00+00:00,FURIA,Falcons,,,team1,ESL Pro League Season 20,0
hltv_match_2375449,2024-09-11 09:00:00+00:00,Zero Tenacity,Metizport,,,team1,Elisa Invitational Fall 2024,0
hltv_match_2375734,2024-09-11 10:00:00+00:00,CPH Wolves,ECLOT,,,team1,ESEA Advanced Season 50 Europe,0
hltv_match_2375737,2024-09-11 10:00:00+00:00,FAVBET,K27,,,team1,ESEA Advanced Season 50 Europe,0
hltv_match_2375390,2024-09-11 10:30:00+00:00,Rooster,BIG,,,team2,ESL Pro League Season 20,0
hltv_match_2375736,2024-09-11 12:00:00+00:00,HOTU,Passion UA,,,team1,ESEA Advanced Season 50 Europe,0
hltv_match_2375391,2024-09-11 13:30:00+00:00,fnatic,M80,,,team2,ESL Pro League Season 20,0
hltv_match_2375598,2024-09-11 13:30:00+00:00,Imperial Valkyries,BIG EQUIPA,,,team1,ESL Impact League Season 6 Europe,0
hltv_match_2375392,2024-09-11 13:55:00+00:00,MOUZ,Imperial,,,team2,ESL Pro League Season 20,0
hltv_match_2375735,2024-09-11 14:30:00+00:00,500,MOLO,,,team2,ESEA Advanced Season 50 Europe,0
hltv_match_2375603,2024-09-11 16:30:00+00:00,FURIA fe,Atrix,,,team1,ESL Impact League Season 6 South America,0
hltv_match_2375593,2024-09-11 21:00:00+00:00,Akimbo,Aether,,,team1,CCT Season 2 North America Series 3,0
hltv_match_2375542,2024-09-12 04:00:00+00:00,B8,AMKAL,,,team2,YaLLa Compass Summer 2024,0
hltv_match_2375553,2024-09-12 04:00:00+00:00,SINNERS,FAVBET,,,team1,CCT Season 2 Europe Series 11,0
hltv_match_2375644,2024-09-12 04:30:00+00:00,ENCE Academy,RUBY,,,team2,CCT Season 2 Europe Series 12 Closed Qualifier,0
hltv_match_2375554,2024-09-12 07:00:00+00:00,SAW,Insilio,,,team2,CCT Season 2 Europe Series 11,0
hltv_match_2375396,2024-09-12 07:30:00+00:00,ATOX,Falcons,,,team2,ESL Pro League Season 20,0
hltv_match_2375397,2024-09-12 07:30:00+00:00,Liquid,Virtus.pro,,,team1,ESL Pro League Season 20,0
hltv_match_2375543,2024-09-12 07:45:00+00:00,Nemiga,Monte,,,team1,YaLLa Compass Summer 2024,0
hltv_match_2375555,2024-09-12 10:10:00+00:00,Zero Tenacity,EYEBALLERS,,,team1,CCT Season 2 Europe Series 11,0
hltv_match_2375395,2024-09-12 10:30:00+00:00,ENCE,RED Canids,,,team2,ESL Pro League Season 20,0
hltv_match_2375394,2024-09-12 10:30:00+00:00,Vitality,FURIA,,,team1,ESL Pro League Season 20,0
hltv_match_2375580,2024-09-12 13:00:00+00:00,Rebels,Betera,,,team2,ESL Challenger League Season 48 Europe,0
hltv_match_2375556,2024-09-12 13:25:00+00:00,PARIVISION,GUN5,,,team2,CCT Season 2 Europe Series 11,0
hltv_match_2375398,2024-09-12 13:30:00+00:00,BIG,fnatic,,,team1,ESL Pro League Season 20,0
hltv_match_2375452,2024-09-13 06:00:00+00:00,Johnny Speeds,Rebels,,,team2,Elisa Invitational Fall 2024,0
hltv_match_2375400,2024-09-13 07:30:00+00:00,Falcons,Virtus.pro,,,team2,ESL Pro League Season 20,0
hltv_match_2375401,2024-09-13 07:30:00+00:00,FURIA,RED Canids,,,team1,ESL Pro League Season 20,0
hltv_match_2375813,2024-09-13 07:30:00+00:00,UNiTY,Betclic,,,team2,United21 League Season 19,0
hltv_match_2375453,2024-09-13 09:00:00+00:00,3DMAX,Zero Tenacity,,,team2,Elisa Invitational Fall 2024,0
hltv_match_2375402,2024-09-13 10:30:00+00:00,Rooster,Astralis,,,team2,ESL Pro League Season 20,0
hltv_match_2375803,2024-09-13 12:00:00+00:00,HOTU,FAVBET,,,team2,ESEA Advanced Season 50 Europe,0
hltv_match_2375404,2024-09-13 13:30:00+00:00,ATOX,ENCE,,,team1,ESL Pro League Season 20,0
hltv_match_2375560,2024-09-13 13:30:00+00:00,Passion UA,ECSTATIC,,,team2,CCT Season 2 Europe Series 11,0
hltv_match_2375802,2024-09-13 14:00:00+00:00,CPH Wolves,MOLO,,,team1,ESEA Advanced Season 50 Europe,0
hltv_match_2375651,2024-09-13 14:25:00+00:00,Nexus,Alliance,,,team1,CCT Season 2 Europe Series 12 Closed Qualifier,0
hltv_match_2375405,2024-09-13 14:50:00+00:00,FURIA,Virtus.pro,,,team2,ESL Pro League Season 20,0
hltv_match_2375561,2024-09-14 04:00:00+00:00,Gaimin Gladiators,ECSTATIC,,,team1,CCT Season 2 Europe Series 11,0
hltv_match_2375808,2024-09-14 04:00:00+00:00,ECLOT,L&G,,,team1,United21 League Season 19,0
hltv_match_2375841,2024-09-14 04:10:00+00:00,Betclic,ENCE Academy,,,team1,European Pro League 2nd Division Season 15,0
hltv_match_2375845,2024-09-14 06:00:00+00:00,ARCRED,9INE,,,team2,FASTCUP CSGORUN Cup Season 1,0
hltv_match_2375454,2024-09-14 06:00:00+00:00,Rebels,Zero Tenacity,,,team1,Elisa Invitational Fall 2024,0
hltv_match_2375562,2024-09-14 07:25:00+00:00,SINNERS,GUN5,,,team1,CCT Season 2 Europe Series 11,0
hltv_match_2375407,2024-09-14 07:30:00+00:00,Falcons,RED Canids,,,team2,ESL Pro League Season 20,0
hltv_match_2375406,2024-09-14 07:30:00+00:00,fnatic,MOUZ,,,team2,ESL Pro League Season 20,0
hltv_match_2375455,2024-09-14 09:00:00+00:00,OG,Sashi,,,team2,Elisa Invitational Fall 2024,0
hltv_match_2375409,2024-09-14 10:30:00+00:00,ATOX,FURIA,,,team2,ESL Pro League Season 20,0
hltv_match_2375563,2024-09-14 10:35:00+00:00,GamerLegion,Zero Tenacity,,,team1,CCT Season 2 Europe Series 11,0
hltv_match_2375456,2024-09-14 13:00:00+00:00,Rebels,Sashi,,,team1,Elisa Invitational Fall 2024,0
hltv_match_2375655,2024-09-14 13:30:00+00:00,QUAZAR,Nexus,,,team2,CCT Season 2 Europe Series 12 Closed Qualifier,0
hltv_match_2375851,2024-09-14 13:45:00+00:00,ARCRED,9INE,,,team2,FASTCUP CSGORUN Cup Season 1,0
hltv_match_2375410,2024-09-14 14:00:00+00:00,Imperial,M80,,,team2,ESL Pro League Season 20,0
hltv_match_2375565,2024-09-15 05:30:00+00:00,Gaimin Gladiators,GamerLegion,,,team2,CCT Season 2 Europe Series 11,0
hltv_match_2375861,2024-09-15 06:00:00+00:00,K27,Johnny Speeds,,,team2,FASTCUP CSGORUN Cup Season 1,0
hltv_match_2375849,2024-09-15 07:05:00+00:00,L&G,Betclic,,,team1,United21 League Season 19,0
hltv_match_2375863,2024-09-15 07:30:00+00:00,Lazer Cats,kONO,,,team1,Lenovo LEGION Real Game Cup 2024,0
hltv_match_2375566,2024-09-15 09:00:00+00:00,Insilio,SINNERS,,,team2,CCT Season 2 Europe Series 11,0
hltv_match_2375412,2024-09-15 10:30:00+00:00,RED Canids,FURIA,,,team2,ESL Pro League Season 20,0
hltv_match_2375801,2024-09-15 10:30:00+00:00,ARCRED,Aurora Young Blud,,,team2,Winline Insight Season 5,0
hltv_match_2375658,2024-09-15 10:30:00+00:00,Lynn Vision,FAVBET,,,team2,CCT Season 2 Europe Series 12,0
hltv_match_2375567,2024-09-15 11:55:00+00:00,GamerLegion,SINNERS,,,team2,CCT Season 2 Europe Series 11,0
hltv_match_2375659,2024-09-15 12:50:00+00:00,CYBERSHOKE,CPH Wolves,,,team1,CCT Season 2 Europe Series 12,0
hltv_match_2375413,2024-09-15 13:30:00+00:00,Liquid,Vitality,,,team2,ESL Pro League Season 20,0
hltv_match_2375865,2024-09-15 13:45:00+00:00,Lazer Cats,Passion UA,,,team2,Lenovo LEGION Real Game Cup 2024,0
hltv_match_2375871,2024-09-16 06:30:00+00:00,CYBERSHOKE,WW,,,team1,FASTCUP CSGORUN Cup Season 1,0
hltv_match_2375944,2024-09-16 07:00:00+00:00,9INE,Metizport,,,team2,YaLLa Compass Summer 2024,0
hltv_match_2375661,2024-09-16 07:55:00+00:00,Passion UA,EYEBALLERS,,,team1,CCT Season 2 Europe Series 12,0
hltv_match_2375882,2024-09-16 09:35:00+00:00,kONO,L&G,,,team1,United21 League Season 19,0
hltv_match_2375872,2024-09-16 09:50:00+00:00,Nemiga,CYBERSHOKE,,,team1,FASTCUP CSGORUN Cup Season 1,0
hltv_match_2375874,2024-09-16 13:00:00+00:00,WW,CYBERSHOKE,,,team2,FASTCUP CSGORUN Cup Season 1,0
hltv_match_2375663,2024-09-16 13:30:00+00:00,Zero Tenacity,ECSTATIC,,,team1,CCT Season 2 Europe Series 12,0
hltv_match_2375755,2024-09-16 21:00:00+00:00,Mythic,InControl,,,team1,CCT Season 2 North America Series 3,0
hltv_match_2375825,2024-09-17 04:30:00+00:00,Lynn Vision,Nexus,,,team1,CCT Season 2 Europe Series 12,0
hltv_match_2375907,2024-09-17 05:00:00+00:00,QUAZAR,ENCE Academy,,,team1,CCT Season 2 Europe Series 13 Closed Qualifier,0
hltv_match_2375884,2024-09-17 06:30:00+00:00,ECLOT,kONO,,,team1,United21 League Season 19,0
hltv_match_2375415,2024-09-17 07:00:00+00:00,BIG,The MongolZ,,,team2,ESL Pro League Season 20,0
hltv_match_2375945,2024-09-17 07:00:00+00:00,Monte,EYEBALLERS,,,team1,YaLLa Compass Summer 2024,0
hltv_match_2375414,2024-09-17 07:00:00+00:00,Virtus.pro,HEROIC,,,team2,ESL Pro League Season 20,0
hltv_match_2375416,2024-09-17 10:15:00+00:00,Spirit,FURIA,,,team1,ESL Pro League Season 20,0
hltv_match_2375827,2024-09-17 10:30:00+00:00,ECSTATIC,EYEBALLERS,,,team1,CCT Season 2 Europe Series 12,0
hltv_match_2375910,2024-09-17 14:00:00+00:00,EYEBALLERS,K27,,,team2,CCT Season 2 Europe Series 13 Closed Qualifier,0
hltv_match_2375901,2024-09-17 14:30:00+00:00,CPH Wolves,FAVBET,,,team2,ESEA Advanced Season 50 Europe,0
hltv_match_2375886,2024-09-17 21:00:00+00:00,NRG,LAG,,,team1,ESL Challenger League Season 48 North America,0
hltv_match_2375887,2024-09-17 21:50:00+00:00,LAG,NRG,,,team2,ESL Challenger League Season 48 North America,0
hltv_match_2375419,2024-09-18 07:00:00+00:00,MIBR,HEROIC,,,team1,ESL Pro League Season 20,0
hltv_match_2375418,2024-09-18 07:00:00+00:00,Eternal Fire,The MongolZ,,,team1,ESL Pro League Season 20,0
hltv_match_2375830,2024-09-18 07:30:00+00:00,Passion UA,FAVBET,,,team1,CCT Season 2 Europe Series 12,0
hltv_match_2375946,2024-09-18 11:00:00+00:00,Nemiga,SINNERS,,,team1,YaLLa Compass Summer 2024,0
hltv_match_2375420,2024-09-18 11:15:00+00:00,Imperial,Spirit,,,team2,ESL Pro League Season 20,0
hltv_match_2375914,2024-09-18 14:15:00+00:00,WW,K27,,,team1,CCT Season 2 Europe Series 13 Closed Qualifier,0
hltv_match_2375819,2024-09-18 16:30:00+00:00,MIBR fe,CAPIVARAS,,,team1,ESL Impact League Season 6 South America,0
hltv_match_2374682,2024-09-18 17:30:00+00:00,BESTIA,paiN,,,team2,ESL Challenger League Season 48 South America,0
hltv_match_2374686,2024-09-18 18:30:00+00:00,paiN,BESTIA,,,team1,ESL Challenger League Season 48 South America,0
hltv_match_2375891,2024-09-18 21:00:00+00:00,NRG,Take Flyte,,,team1,ESL Challenger League Season 48 North America,0
hltv_match_2375894,2024-09-18 21:45:00+00:00,Take Flyte,NRG,,,team2,ESL Challenger League Season 48 North America,0
hltv_match_2375833,2024-09-19 04:30:00+00:00,EYEBALLERS,Nexus,,,team2,CCT Season 2 Europe Series 12,0
hltv_match_2375915,2024-09-19 05:00:00+00:00,HOTU,GenOne,,,team1,CCT Season 2 Europe Series 13 Closed Qualifier,0
hltv_match_2375957,2024-09-19 07:00:00+00:00,Sashi,Monte,,,team2,YaLLa Compass Summer 2024,0
hltv_match_2375952,2024-09-19 07:30:00+00:00,Johnny Speeds,Alliance,,,team1,European Pro League Season 19,0
hltv_match_2375422,2024-09-19 10:15:00+00:00,M80,MIBR,,,team2,ESL Pro League Season 20,0
hltv_match_2375835,2024-09-19 10:30:00+00:00,Zero Tenacity,FAVBET,,,team1,CCT Season 2 Europe Series 12,0
hltv_match_2375958,2024-09-19 10:35:00+00:00,9INE,SINNERS,,,team2,YaLLa Compass Summer 2024,0
hltv_match_2376020,2024-09-19 11:00:00+00:00,CYBERSHOKE,HOTU,,,team1,Winline Insight Season 5,0
hltv_match_2375423,2024-09-19 13:30:00+00:00,Vitality,Eternal Fire,,,team2,ESL Pro League Season 20,0
hltv_match_2375942,2024-09-19 14:50:00+00:00,Johnny Speeds,CYBERSHOKE,,,team1,FASTCUP CSGORUN Cup Season 1,0
hltv_match_2374610,2024-09-19 18:00:00+00:00,paiN,KRÜ,,,team1,ESL Challenger League Season 48 South America,0
hltv_match_2375896,2024-09-19 19:00:00+00:00,NRG,Wildcard,,,team1,ESL Challenger League Season 48 North America,0
hltv_match_2374614,2024-09-19 19:15:00+00:00,KRÜ,paiN,,,team2,ESL Challenger League Season 48 South America,0
hltv_match_2375897,2024-09-19 20:00:00+00:00,Wildcard,NRG,,,team2,ESL Challenger League Season 48 North America,0
hltv_match_2375898,2024-09-19 21:00:00+00:00,Legacy,LAG,,,team1,ESL Challenger League Season 48 North America,0
hltv_match_2375899,2024-09-19 22:00:00+00:00,LAG,Legacy,,,team2,ESL Challenger League Season 48 North America,0
hltv_match_2375919,2024-09-20 05:00:00+00:00,GenOne,Nexus,,,team1,CCT Season 2 Europe Series 13 Closed Qualifier,0
hltv_match_2375838,2024-09-20 07:50:00+00:00,Lynn Vision,ECSTATIC,,,team1,CCT Season 2 Europe Series 12,0
hltv_match_2375588,2024-09-20 09:00:00+00:00,Insilio,Rebels,,,team2,ESL Challenger League Season 48 Europe,0
hltv_match_2375902,2024-09-20 10:00:00+00:00,Spirit Academy,FAVBET,,,team1,ESEA Advanced Season 50 Europe,0
hltv_match_2376022,2024-09-20 10:00:00+00:00,Aurora Young Blud,Partizan,,,team2,Winline Insight Season 5,0
hltv_match_2375424,2024-09-20 10:15:00+00:00,Natus Vincere,Spirit,,,team1,ESL Pro League Season 20,0
hltv_match_2376048,2024-09-20 11:00:00+00:00,Nemiga,9INE,,,team2,FASTCUP CSGORUN Cup Season 1,0
hltv_match_2375759,2024-09-20 11:40:00+00:00,SINNERS,ECLOT,,,team1,Tipsport Fall Cup 2024 Finals,0
hltv_match_2375425,2024-09-20 13:30:00+00:00,G2,Liquid,,,team1,ESL Pro League Season 20,0
hltv_match_2375922,2024-09-20 14:00:00+00:00,CPH Wolves,RUBY,,,team2,CCT Season 2 Europe Series 13 Closed Qualifier,0
hltv_match_2376030,2024-09-20 17:00:00+00:00,Galorys,ODDIK,,,team2,ESL Challenger League Season 48 South America,0
hltv_match_2376031,2024-09-20 18:00:00+00:00,ODDIK,Galorys,,,team1,ESL Challenger League Season 48 South America,0
hltv_match_2375956,2024-09-21 07:00:00+00:00,Gaimin Gladiators,kONO,,,team1,European Pro League Season 19,0
hltv_match_2375924,2024-09-21 08:00:00+00:00,EYEBALLERS,K27,,,team1,CCT Season 2 Europe Series 13 Closed Qualifier,0
hltv_match_2375426,2024-09-21 10:15:00+00:00,MIBR,Eternal Fire,,,team2,ESL Pro League Season 20,0
hltv_match_2375925,2024-09-21 11:00:00+00:00,GenOne,HOTU,,,team2,CCT Season 2 Europe Series 13 Closed Qualifier,0
hltv_match_2376049,2024-09-21 11:00:00+00:00,Nemiga,CYBERSHOKE,,,team1,FASTCUP CSGORUN Cup Season 1,0
hltv_match_2375762,2024-09-21 12:45:00+00:00,UNiTY,SINNERS,,,team1,Tipsport Fall Cup 2024 Finals,0
hltv_match_2375999,2024-09-23 18:45:00+00:00,Mythic,Homyno,,,team1,CCT Season 2 North America Series 3,0
hltv_match_2376036,2024-09-23 19:45:00+00:00,FURIA fe,thekillaz fe,,,team1,Gamers Club Women Super Cup 2024,0
hltv_match_2376039,2024-09-23 20:45:00+00:00,MIBR fe,Atrix,,,team1,Gamers Club Women Super Cup 2024,0
hltv_match_2375964,2024-09-24 04:00:00+00:00,3DMAX,Zero Tenacity,,,team1,YaLLa Compass Summer 2024,0
hltv_match_2376170,2024-09-24 07:00:00+00:00,CPH Wolves,K27,,,team2,CCT Season 2 Europe Series 14 Closed Qualifier,0
hltv_match_2375965,2024-09-24 07:30:00+00:00,BIG,Monte,,,team2,YaLLa Compass Summer 2024,0
hltv_match_2376054,2024-09-24 08:00:00+00:00,9INE,Nemiga,,,team1,FASTCUP CSGORUN Cup Season 1,0
hltv_match_2376171,2024-09-24 10:45:00+00:00,HOTU,ENCE Academy,,,team2,CCT Season 2 Europe Series 14 Closed Qualifier,0
hltv_match_2375967,2024-09-24 13:00:00+00:00,Aurora,AMKAL,,,team1,YaLLa Compass Summer 2024,0
hltv_match_2376216,2024-09-24 13:00:00+00:00,Betclic,Monte,,,team2,ESL Challenger Katowice 2024 Poland Open Qualifier,0
hltv_match_2375784,2024-09-24 13:20:00+00:00,RED Canids,Fluxo,,,team1,CBCS Masters 2024,0
hltv_match_2376218,2024-09-24 13:55:00+00:00,Rebels,Monte,,,team2,ESL Challenger Katowice 2024 Poland Open Qualifier,0
hltv_match_2376172,2024-09-24 13:55:00+00:00,MOLO,RUBY,,,team2,CCT Season 2 Europe Series 14 Closed Qualifier,0
hltv_match_2376001,2024-09-24 15:30:00+00:00,Homyno,Aether,,,team2,CCT Season 2 North America Series 3,0
hltv_match_2376121,2024-09-24 18:00:00+00:00,paiN,Sharks,,,team1,ESL Challenger League Season 48 South America,0
hltv_match_2376122,2024-09-24 18:00:00+00:00,KRÜ,Fluxo,,,team1,ESL Challenger League Season 48 South America,0
hltv_match_2376120,2024-09-24 18:00:00+00:00,RED Canids,ODDIK,,,team2,ESL Challenger League Season 48 South America,0
hltv_match_2376127,2024-09-24 19:00:00+00:00,ODDIK,RED Canids,,,team2,ESL Challenger League Season 48 South America,0
hltv_match_2376129,2024-09-24 19:00:00+00:00,Fluxo,KRÜ,,,team2,ESL Challenger League Season 48 South America,0
hltv_match_2376128,2024-09-24 19:25:00+00:00,Sharks,paiN,,,team2,ESL Challenger League Season 48 South America,0
hltv_match_2375980,2024-09-25 04:30:00+00:00,SINNERS,CYBERSHOKE,,,team2,CCT Season 2 Europe Series 12,0
hltv_match_2376083,2024-09-25 05:55:00+00:00,Passion UA,WW,,,team1,CCT Season 2 Europe Series 13,0
hltv_match_2375765,2024-09-25 06:00:00+00:00,Natus Vincere,Falcons,,,team1,BLAST Premier Fall Final 2024,0
hltv_match_2376178,2024-09-25 07:20:00+00:00,HOTU,MOLO,,,team1,CCT Season 2 Europe Series 14 Closed Qualifier,0
hltv_match_2375981,2024-09-25 07:30:00+00:00,3DMAX,Zero Tenacity,,,team1,CCT Season 2 Europe Series 12,0
hltv_match_2375766,2024-09-25 08:00:00+00:00,G2,FaZe,,,team1,BLAST Premier Fall Final 2024,0
hltv_match_2376179,2024-09-25 10:00:00+00:00,Spirit Academy,K27,,,team1,CCT Season 2 Europe Series 14 Closed Qualifier,0
hltv_match_2375982,2024-09-25 10:30:00+00:00,BIG,ECSTATIC,,,team2,CCT Season 2 Europe Series 12,0
hltv_match_2375780,2024-09-25 11:10:00+00:00,MIBR,Sharks,,,team2,CBCS Masters 2024,0
hltv_match_2375767,2024-09-25 11:20:00+00:00,Vitality,Astralis,,,team1,BLAST Premier Fall Final 2024,0
hltv_match_2376180,2024-09-25 13:00:00+00:00,RUBY,ENCE Academy,,,team1,CCT Season 2 Europe Series 14 Closed Qualifier,0
hltv_match_2375768,2024-09-25 13:20:00+00:00,Spirit,Liquid,,,team2,BLAST Premier Fall Final 2024,0
hltv_match_2375781,2024-09-25 14:25:00+00:00,Imperial,BESTIA,,,team1,CBCS Masters 2024,0
hltv_match_2376151,2024-09-25 16:30:00+00:00,MIBR fe,thekillaz fe,,,team1,ESL Impact League Season 6 South America,0
hltv_match_2376138,2024-09-25 18:00:00+00:00,BESTIA,Imperial,,,team2,ESL Challenger League Season 48 South America,0
hltv_match_2376136,2024-09-25 18:00:00+00:00,Fluxo,RED Canids,,,team1,ESL Challenger League Season 48 South America,0
hltv_match_2376135,2024-09-25 18:30:00+00:00,ODDIK,paiN,,,team2,ESL Challenger League Season 48 South America,0
hltv_match_2376146,2024-09-25 18:45:00+00:00,Imperial,BESTIA,,,team2,ESL Challenger League Season 48 South America,0
hltv_match_2376144,2024-09-25 19:00:00+00:00,RED Canids,Fluxo,,,team2,ESL Challenger League Season 48 South America,0
hltv_match_2376143,2024-09-25 19:30:00+00:00,paiN,ODDIK,,,team1,ESL Challenger League Season 48 South America,0
hltv_match_2376160,2024-09-25 21:00:00+00:00,Legacy,Take Flyte,,,team1,ESL Challenger League Season 48 North America,0
hltv_match_2376159,2024-09-25 21:00:00+00:00,M80,NRG,,,team2,ESL Challenger League Season 48 North America,0
hltv_match_2376164,2024-09-25 22:00:00+00:00,NRG,M80,,,team2,ESL Challenger League Season 48 North America,0
hltv_match_2376165,2024-09-25 22:00:00+00:00,Take Flyte,Legacy,,,team2,ESL Challenger League Season 48 North America,0
hltv_match_2375968,2024-09-26 04:00:00+00:00,3DMAX,Monte,,,team1,YaLLa Compass Summer 2024,0
hltv_match_2375984,2024-09-26 04:30:00+00:00,B8,Insilio,,,team1,CCT Season 2 Europe Series 12,0
hltv_match_2375769,2024-09-26 06:00:00+00:00,Falcons,FaZe,,,team2,BLAST Premier Fall Final 2024,0
hltv_match_2375985,2024-09-26 07:30:00+00:00,Sangal,Passion UA,,,team1,CCT Season 2 Europe Series 12,0
hltv_match_2375770,2024-09-26 09:45:00+00:00,Natus Vincere,G2,,,team1,BLAST Premier Fall Final 2024,0
hltv_match_2376175,2024-09-26 10:00:00+00:00,EYEBALLERS,G2 Ares,,,team2,CCT Season 2 Europe Series 14 Closed Qualifier,0
hltv_match_2375785,2024-09-26 11:00:00+00:00,Sharks,Imperial,,,team2,CBCS Masters 2024,0
hltv_match_2375970,2024-09-26 11:20:00+00:00,3DMAX,Aurora,,,team1,YaLLa Compass Summer 2024,0
hltv_match_2375771,2024-09-26 11:50:00+00:00,Astralis,Spirit,,,team2,BLAST Premier Fall Final 2024,0
hltv_match_2376235,2024-09-26 12:00:00+00:00,RUSTEC,Nemiga,,,team2,ESL Challenger Katowice 2024 Europe Open Qualifier,0
hltv_match_2376233,2024-09-26 12:00:00+00:00,ARCRED,500,,,team1,ESL Challenger Katowice 2024 Europe Open Qualifier,0
hltv_match_2376234,2024-09-26 12:00:00+00:00,Betclic,Gaimin Gladiators,,,team1,ESL Challenger Katowice 2024 Europe Open Qualifier,0
hltv_match_2376236,2024-09-26 12:00:00+00:00,EYEBALLERS,GUN5,,,team2,ESL Challenger Katowice 2024 Europe Open Qualifier,0
hltv_match_2376238,2024-09-26 13:10:00+00:00,Fire Flux,B8,,,team2,ESL Challenger Katowice 2024 Europe Open Qualifier,0
hltv_match_2376239,2024-09-26 13:10:00+00:00,ARCRED,Betclic,,,team2,ESL Challenger Katowice 2024 Europe Open Qualifier,0
hltv_match_2376240,2024-09-26 13:15:00+00:00,Nemiga,GUN5,,,team1,ESL Challenger Katowice 2024 Europe Open Qualifier,0
hltv_match_2375987,2024-09-26 13:30:00+00:00,GamerLegion,CPH Wolves,,,team1,CCT Season 2 Europe Series 12,0
hltv_match_2375786,2024-09-26 14:30:00+00:00,MIBR,BESTIA,,,team2,CBCS Masters 2024,0
hltv_match_2375772,2024-09-26 14:45:00+00:00,Vitality,Liquid,,,team1,BLAST Premier Fall Final 2024,0
hltv_match_2375787,2024-09-26 17:30:00+00:00,Sharks,BESTIA,,,team2,CBCS Masters 2024,0
hltv_match_2376158,2024-09-26 19:30:00+00:00,FlyQuest RED,Lotus fe,,,team1,ESL Impact League Season 6 North America,0
hltv_match_2376242,2024-09-27 00:30:00+00:00,The Huns,IHC,,,team2,MESA Pro Series Fall 2024 Stage 1,0
hltv_match_2376241,2024-09-27 03:00:00+00:00,ATOX,Chinggis Warriors,,,team2,MESA Pro Series Fall 2024 Stage 1,0
hltv_match_2375988,2024-09-27 04:30:00+00:00,3DMAX,CYBERSHOKE,,,team1,CCT Season 2 Europe Series 12,0
hltv_match_2376243,2024-09-27 07:00:00+00:00,IHC,Chinggis Warriors,,,team1,MESA Pro Series Fall 2024 Stage 1,0
hltv_match_2375989,2024-09-27 07:50:00+00:00,B8,GamerLegion,,,team2,CCT Season 2 Europe Series 12,0
hltv_match_2376270,2024-09-27 09:30:00+00:00,3DMAX,Nemiga,,,team1,ESL Challenger Katowice 2024 Europe Closed Qualifier,0
hltv_match_2376271,2024-09-27 09:30:00+00:00,Alliance,9z,,,team2,ESL Challenger Katowice 2024 Europe Closed Qualifier,0
hltv_match_2376268,2024-09-27 09:30:00+00:00,SAW,Betclic,,,team1,ESL Challenger Katowice 2024 Europe Closed Qualifier,0
hltv_match_2376269,2024-09-27 09:45:00+00:00,B8,OG,,,team1,ESL Challenger Katowice 2024 Europe Closed Qualifier,0
hltv_match_2375773,2024-09-27 10:00:00+00:00,G2,Spirit,,,team1,BLAST Premier Fall Final 2024,0
hltv_match_2375990,2024-09-27 10:30:00+00:00,ECSTATIC,Aurora,,,team2,CCT Season 2 Europe Series 12,0
hltv_match_2376203,2024-09-27 11:20:00+00:00,Passion UA,CPH Wolves,,,team1,CCT Season 2 Europe Series 13,0
hltv_match_2376184,2024-09-27 13:00:00+00:00,G2 Ares,Nexus,,,team1,CCT Season 2 Europe Series 14 Closed Qualifier,0
hltv_match_2375774,2024-09-27 13:25:00+00:00,FaZe,Liquid,,,team1,BLAST Premier Fall Final 2024,0
hltv_match_2376273,2024-09-27 13:30:00+00:00,3DMAX,9z,,,team1,ESL Challenger Katowice 2024 Europe Closed Qualifier,0
hltv_match_2376275,2024-09-27 13:30:00+00:00,Nemiga,Alliance,,,team1,ESL Challenger Katowice 2024 Europe Closed Qualifier,0
hltv_match_2376272,2024-09-27 14:10:00+00:00,SAW,B8,,,team2,ESL Challenger Katowice 2024 Europe Closed Qualifier,0
hltv_match_2375991,2024-09-27 14:10:00+00:00,Sangal,BetBoom,,,team2,CCT Season 2 Europe Series 12,0
hltv_match_2376274,2024-09-27 14:15:00+00:00,Betclic,OG,,,team1,ESL Challenger Katowice 2024 Europe Closed Qualifier,0
hltv_match_2376317,2024-09-27 17:10:00+00:00,Bounty Hunters,Dusty Roots,,,team2,ESL Challenger Katowice 2024 South America Open Qualifier,0
hltv_match_2376323,2024-09-27 18:00:00+00:00,Legacy,BOSS,,,team1,ESL Challenger Katowice 2024 North America Open Qualifier,0
hltv_match_2376326,2024-09-27 19:10:00+00:00,Legacy,NRG,,,team1,ESL Challenger Katowice 2024 North America Open Qualifier,0
hltv_match_2376331,2024-09-27 19:20:00+00:00,Fluxo,Dusty Roots,,,team1,ESL Challenger Katowice 2024 South America Open Qualifier,0
hltv_match_2376345,2024-09-28 03:30:00+00:00,Passion UA,Gaimin Gladiators,,,team1,European Pro League Season 19,0
hltv_match_2376185,2024-09-28 04:00:00+00:00,CPH Wolves,K27,,,team1,CCT Season 2 Europe Series 14 Closed Qualifier,0
hltv_match_2376205,2024-09-28 05:00:00+00:00,CYBERSHOKE,FAVBET,,,team1,CCT Season 2 Europe Series 13,0
hltv_match_2375992,2024-09-28 06:30:00+00:00,BetBoom,3DMAX,,,team1,CCT Season 2 Europe Series 12,0
hltv_match_2376285,2024-09-28 06:40:00+00:00,Gaimin Gladiators,Nexus,,,team2,A1 Gaming League Season 9,0
hltv_match_2376186,2024-09-28 07:00:00+00:00,HOTU,ENCE Academy,,,team1,CCT Season 2 Europe Series 14 Closed Qualifier,0
hltv_match_2376277,2024-09-28 09:30:00+00:00,SAW,Nemiga,,,team1,ESL Challenger Katowice 2024 Europe Closed Qualifier,0
hltv_match_2376276,2024-09-28 09:30:00+00:00,9z,Betclic,,,team1,ESL Challenger Katowice 2024 Europe Closed Qualifier,0
hltv_match_2375993,2024-09-28 09:45:00+00:00,Aurora,GamerLegion,,,team2,CCT Season 2 Europe Series 12,0
hltv_match_2375775,2024-09-28 10:00:00+00:00,Vitality,G2,,,team2,BLAST Premier Fall Final 2024,0
hltv_match_2376287,2024-09-28 12:00:00+00:00,Johnny Speeds,ARCRED,,,team1,A1 Gaming League Season 9,0
hltv_match_2376188,2024-09-28 13:00:00+00:00,EYEBALLERS,Nexus,,,team1,CCT Season 2 Europe Series 14 Closed Qualifier,0
hltv_match_2376279,2024-09-28 13:30:00+00:00,9z,SAW,,,team2,ESL Challenger Katowice 2024 Europe Closed Qualifier,0
hltv_match_2376278,2024-09-28 13:30:00+00:00,B8,3DMAX,,,team1,ESL Challenger Katowice 2024 Europe Closed Qualifier,0
hltv_match_2375994,2024-09-28 13:35:00+00:00,BetBoom,GamerLegion,,,team1,CCT Season 2 Europe Series 12,0
hltv_match_2375776,2024-09-28 14:35:00+00:00,Natus Vincere,FaZe,,,team1,BLAST Premier Fall Final 2024,0
hltv_match_2376334,2024-09-28 15:30:00+00:00,Fluxo,RED Canids,,,team1,ESL Challenger Katowice 2024 South America Closed Qualifier,0
hltv_match_2376043,2024-09-28 17:00:00+00:00,MIBR fe,thekillaz fe,,,team1,Gamers Club Women Super Cup 2024,0
hltv_match_2376336,2024-09-28 19:30:00+00:00,paiN,RED Canids,,,team1,ESL Challenger Katowice 2024 South America Closed Qualifier,0
hltv_match_2373923,2024-09-28 21:00:00+00:00,M80,Take Flyte,,,team1,ESL Challenger League Season 48 North America,0
hltv_match_2376341,2024-09-28 21:30:00+00:00,Wildcard,Legacy,,,team1,ESL Challenger Katowice 2024 North America Closed Qualifier,0
hltv_match_2373927,2024-09-28 21:45:00+00:00,Take Flyte,M80,,,team2,ESL Challenger League Season 48 North America,0
hltv_match_2376400,2024-09-29 06:25:00+00:00,SKYFURY,L&G,,,team2,ROG Autumn Cup 2024,0
hltv_match_2376289,2024-09-29 06:30:00+00:00,Insilio,500,,,team1,A1 Gaming League Season 9,0
hltv_match_2376280,2024-09-29 09:30:00+00:00,SAW,3DMAX,,,team1,ESL Challenger Katowice 2024 Europe Closed Qualifier,0
hltv_match_2376191,2024-09-29 10:00:00+00:00,Spirit Academy,EYEBALLERS,,,team1,CCT Season 2 Europe Series 14 Closed Qualifier,0
hltv_match_2375777,2024-09-29 10:00:00+00:00,G2,Natus Vincere,,,team1,BLAST Premier Fall Final 2024,0
hltv_match_2376192,2024-09-29 13:00:00+00:00,G2 Ares,CPH Wolves,,,team1,CCT Season 2 Europe Series 14 Closed Qualifier,0
hltv_match_2376402,2024-09-29 14:00:00+00:00,L&G,kONO,,,team1,ROG Autumn Cup 2024,0
hltv_match_2376044,2024-09-29 15:10:00+00:00,FURIA fe,MIBR fe,,,team1,Gamers Club Women Super Cup 2024,0
hltv_match_2376004,2024-09-29 18:00:00+00:00,LAG,Akimbo,,,team1,CCT Season 2 North America Series 3,0
hltv_match_2376338,2024-09-29 19:30:00+00:00,Fluxo,paiN,,,team2,ESL Challenger Katowice 2024 South America Closed Qualifier,0
hltv_match_2376344,2024-09-29 21:30:00+00:00,Wildcard,Legacy,,,team2,ESL Challenger Katowice 2024 North America Closed Qualifier,0
hltv_match_2376193,2024-09-30 04:00:00+00:00,CYBERSHOKE,Spirit Academy,,,team2,CCT Season 2 Europe Series 14,0
hltv_match_2376367,2024-09-30 05:00:00+00:00,FlyQuest,Rooster,,,team1,ESL Challenger League Season 48 Oceania,0
hltv_match_2376368,2024-09-30 06:00:00+00:00,Rooster,FlyQuest,,,team2,ESL Challenger League Season 48 Oceania,0
hltv_match_2376247,2024-09-30 06:30:00+00:00,Passion UA,ECSTATIC,,,team1,CCT Season 2 Europe Series 13,0
hltv_match_2376404,2024-09-30 06:45:00+00:00,Gaimin Gladiators,Johnny Speeds,,,team1,European Pro League Season 19,0
hltv_match_2376195,2024-09-30 10:00:00+00:00,Monte,ECSTATIC,,,team1,CCT Season 2 Europe Series 14,0
hltv_match_2376387,2024-09-30 13:00:00+00:00,MOUZ NXT,Johnny Speeds,,,team2,Shuffle Masters Season 2,0
hltv_match_2374432,2024-09-30 18:00:00+00:00,Imperial,Fluxo,,,team2,ESL Challenger League Season 48 South America,0
hltv_match_2374436,2024-09-30 19:30:00+00:00,Fluxo,Imperial,,,team1,ESL Challenger League Season 48 South America,0
hltv_match_2376007,2024-09-30 21:15:00+00:00,BOSS,Mythic,,,team1,CCT Season 2 North America Series 3,0
hltv_match_2376198,2024-10-01 07:00:00+00:00,Zero Tenacity,FAVBET,,,team1,CCT Season 2 Europe Series 14,0
hltv_match_2376059,2024-10-01 07:00:00+00:00,HOTU,GUN5,,,team2,Winline Insight Season 5,0
hltv_match_2376388,2024-10-01 07:00:00+00:00,UNiTY,Partizan,,,team2,Shuffle Masters Season 2,0
hltv_match_2376392,2024-10-01 10:15:00+00:00,ECLOT,Alliance,,,team1,Shuffle Masters Season 2,0
hltv_match_2376199,2024-10-01 11:20:00+00:00,Passion UA,RUBY,,,team1,CCT Season 2 Europe Series 14,0
hltv_match_2376200,2024-10-01 13:20:00+00:00,Metizport,G2 Ares,,,team1,CCT Season 2 Europe Series 14,0
hltv_match_2374675,2024-10-01 14:00:00+00:00,Sharks,MIBR,,,team2,ESL Challenger League Season 48 South America,0
hltv_match_2375589,2024-10-01 14:00:00+00:00,GUN5,Betera,,,team1,ESL Challenger League Season 48 Europe,0
hltv_match_2376365,2024-10-01 14:00:00+00:00,Betclic,Rebels,,,team1,ESL Challenger League Season 48 Europe,0
hltv_match_2374679,2024-10-01 15:00:00+00:00,MIBR,Sharks,,,team2,ESL Challenger League Season 48 South America,0
hltv_match_2376444,2024-10-01 18:00:00+00:00,Imperial,Sharks,,,team2,ESL Challenger League Season 48 South America,0
hltv_match_2376442,2024-10-01 18:00:00+00:00,KRÜ,Galorys,,,team2,ESL Challenger League Season 48 South America,0
hltv_match_2376451,2024-10-01 18:55:00+00:00,Sharks,Imperial,,,team2,ESL Challenger League Season 48 South America,0
hltv_match_2376449,2024-10-01 19:20:00+00:00,Galorys,KRÜ,,,team2,ESL Challenger League Season 48 South America,0
hltv_match_2376420,2024-10-01 21:00:00+00:00,Mythic,LAG,,,team1,ESL Challenger League Season 48 North America,0
hltv_match_2376419,2024-10-01 21:00:00+00:00,Wildcard,BOSS,,,team1,ESL Challenger League Season 48 North America,0
hltv_match_2376417,2024-10-01 21:00:00+00:00,Legacy,NRG,,,team1,ESL Challenger League Season 48 North America,0
hltv_match_2376424,2024-10-01 21:50:00+00:00,BOSS,Wildcard,,,team2,ESL Challenger League Season 48 North America,0
hltv_match_2376422,2024-10-01 22:00:00+00:00,NRG,Legacy,,,team2,ESL Challenger League Season 48 North America,0
hltv_match_2376425,2024-10-01 22:00:00+00:00,LAG,Mythic,,,team2,ESL Challenger League Season 48 North America,0
hltv_match_2376380,2024-10-02 04:00:00+00:00,Gaimin Gladiators,HOTU,,,team2,YaLLa Compass Fall 2024 Contenders,0
hltv_match_2376061,2024-10-02 07:00:00+00:00,Partizan,Insilio,,,team1,Winline Insight Season 5,0
hltv_match_2376468,2024-10-02 07:30:00+00:00,CYBERSHOKE,G2 Ares,,,team1,CCT Season 2 Europe Series 14,0
hltv_match_2376469,2024-10-02 10:00:00+00:00,FAVBET,HOTU,,,team1,CCT Season 2 Europe Series 14,0
hltv_match_2376382,2024-10-02 10:00:00+00:00,CYBERSHOKE,500,,,team2,YaLLa Compass Fall 2024 Contenders,0
hltv_match_2376389,2024-10-02 10:00:00+00:00,Gaimin Gladiators,ENCE Academy,,,team2,Shuffle Masters Season 2,0
hltv_match_2376470,2024-10-02 13:00:00+00:00,ECSTATIC,RUBY,,,team1,CCT Season 2 Europe Series 14,0
hltv_match_2376381,2024-10-02 13:00:00+00:00,UNiTY,FAVBET,,,team1,YaLLa Compass Fall 2024 Contenders,0
hltv_match_2376366,2024-10-02 14:00:00+00:00,Betclic,Betera,,,team1,ESL Challenger League Season 48 Europe,0
hltv_match_2376483,2024-10-02 14:00:00+00:00,RED Canids,paiN,,,team1,ESL Challenger League Season 48 South America,0
hltv_match_2376484,2024-10-02 15:15:00+00:00,paiN,RED Canids,,,team1,ESL Challenger League Season 48 South America,0
hltv_match_2376358,2024-10-02 16:30:00+00:00,FURIA fe,MIBR fe,,,team1,ESL Impact League Season 6 South America,0
hltv_match_2376455,2024-10-02 18:00:00+00:00,Fluxo,paiN,,,team1,ESL Challenger League Season 48 South America,0
hltv_match_2376457,2024-10-02 18:00:00+00:00,Dusty Roots,KRÜ,,,team1,ESL Challenger League Season 48 South America,0
hltv_match_2376462,2024-10-02 19:00:00+00:00,paiN,Fluxo,,,team2,ESL Challenger League Season 48 South America,0
hltv_match_2376464,2024-10-02 19:15:00+00:00,KRÜ,Dusty Roots,,,team1,ESL Challenger League Season 48 South America,0
hltv_match_2376471,2024-10-03 04:00:00+00:00,GUN5,Passion UA,,,team2,CCT Season 2 Europe Series 14,0
hltv_match_2376383,2024-10-03 04:00:00+00:00,Insilio,WW,,,team2,YaLLa Compass Fall 2024 Contenders,0
hltv_match_2376253,2024-10-03 05:00:00+00:00,PARIVISION,Spirit Academy,,,team1,CCT Season 2 Europe Series 13,0
hltv_match_2376472,2024-10-03 07:00:00+00:00,Zero Tenacity,Metizport,,,team1,CCT Season 2 Europe Series 14,0
hltv_match_2376410,2024-10-03 07:00:00+00:00,Passion UA,Betclic,,,team1,European Pro League Season 19,0
hltv_match_2376396,2024-10-03 07:00:00+00:00,500,ECLOT,,,team1,Shuffle Masters Season 2,0
hltv_match_2376473,2024-10-03 10:25:00+00:00,Monte,Spirit Academy,,,team2,CCT Season 2 Europe Series 14,0
hltv_match_2376063,2024-10-03 10:50:00+00:00,Partizan,GUN5,,,team1,Winline Insight Season 5,0
hltv_match_2376394,2024-10-03 13:40:00+00:00,Johnny Speeds,Partizan,,,team1,Shuffle Masters Season 2,0
hltv_match_2376360,2024-10-03 16:30:00+00:00,thekillaz fe,CAPIVARAS,,,team1,ESL Impact League Season 6 South America,0
hltv_match_2376435,2024-10-03 21:00:00+00:00,Mythic,Take Flyte,,,team2,ESL Challenger League Season 48 North America,0
hltv_match_2376013,2024-10-03 21:05:00+00:00,NRG,BOSS,,,team2,CCT Season 2 North America Series 3,0
hltv_match_2376437,2024-10-03 21:50:00+00:00,Take Flyte,Mythic,,,team1,ESL Challenger League Season 48 North America,0
hltv_match_2376542,2024-10-04 03:45:00+00:00,IHC,ATOX,,,team2,MESA Pro Series Fall 2024 Stage 2,0
hltv_match_2376257,2024-10-04 05:30:00+00:00,Ninjas in Pyjamas,ECSTATIC,,,team2,CCT Season 2 Europe Series 13,0
hltv_match_2376476,2024-10-04 07:00:00+00:00,HOTU,RUBY,,,team1,CCT Season 2 Europe Series 14,0
hltv_match_2376258,2024-10-04 08:00:00+00:00,Aurora,Passion UA,,,team2,CCT Season 2 Europe Series 13,0
hltv_match_2376300,2024-10-04 10:30:00+00:00,BetBoom,FlyQuest,,,team2,ESL Challenger Atlanta 2024,0
hltv_match_2376301,2024-10-04 11:50:00+00:00,SAW,Rooster,,,team1,ESL Challenger Atlanta 2024,0
hltv_match_2375788,2024-10-04 12:45:00+00:00,paiN,BESTIA,,,team2,CBCS Masters 2024 Finals,0
hltv_match_2376478,2024-10-04 13:00:00+00:00,CYBERSHOKE,Metizport,,,team2,CCT Season 2 Europe Series 14,0
hltv_match_2376398,2024-10-04 13:00:00+00:00,500,ENCE Academy,,,team2,Shuffle Masters Season 2,0
hltv_match_2376302,2024-10-04 13:10:00+00:00,BIG,ODDIK,,,team1,ESL Challenger Atlanta 2024,0
hltv_match_2376303,2024-10-04 14:35:00+00:00,Wildcard,M80,,,team2,ESL Challenger Atlanta 2024,0
hltv_match_2375789,2024-10-04 16:00:00+00:00,Imperial,RED Canids,,,team2,CBCS Masters 2024 Finals,0
hltv_match_2376304,2024-10-04 16:10:00+00:00,FlyQuest,SAW,,,team1,ESL Challenger Atlanta 2024,0
hltv_match_2376305,2024-10-04 17:50:00+00:00,BIG,M80,,,team1,ESL Challenger Atlanta 2024,0
hltv_match_2373682,2024-10-04 18:00:00+00:00,MIBR,Fluxo,,,team1,ESL Challenger League Season 48 South America,0
hltv_match_2373690,2024-10-04 19:00:00+00:00,Fluxo,MIBR,,,team1,ESL Challenger League Season 48 South America,0
hltv_match_2376306,2024-10-04 19:15:00+00:00,ODDIK,Wildcard,,,team2,ESL Challenger Atlanta 2024,0
hltv_match_2376015,2024-10-04 21:00:00+00:00,Legacy,LAG,,,team1,CCT Season 2 North America Series 3,0
hltv_match_2376544,2024-10-04 23:45:00+00:00,SemperFi,Vantage,,,team1,eXTREMESLAND 2024 Oceania Closed Qualifier,0
hltv_match_2376548,2024-10-05 02:00:00+00:00,SemperFi,Mindfreak,,,team1,eXTREMESLAND 2024 Oceania Closed Qualifier,0
hltv_match_2376479,2024-10-05 04:00:00+00:00,GUN5,FAVBET,,,team1,CCT Season 2 Europe Series 14,0
hltv_match_2376261,2024-10-05 05:00:00+00:00,3DMAX,PARIVISION,,,team1,CCT Season 2 Europe Series 13,0
hltv_match_2376293,2024-10-05 06:30:00+00:00,CYBERSHOKE,ARCRED,,,team1,A1 Gaming League Season 9,0
hltv_match_2376399,2024-10-05 08:00:00+00:00,Johnny Speeds,ENCE Academy,,,team1,Shuffle Masters Season 2,0
hltv_match_2376481,2024-10-05 10:00:00+00:00,Zero Tenacity,Spirit Academy,,,team2,CCT Season 2 Europe Series 14,0
hltv_match_2376307,2024-10-05 10:30:00+00:00,BetBoom,Rooster,,,team1,ESL Challenger Atlanta 2024,0
hltv_match_2376552,2024-10-05 12:15:00+00:00,Natus Vincere,Vitality,,,team2,Showmatch CS,0
hltv_match_2375790,2024-10-05 12:30:00+00:00,BESTIA,RED Canids,,,team2,CBCS Masters 2024 Finals,0
hltv_match_2376308,2024-10-05 13:05:00+00:00,M80,Wildcard,,,team2,ESL Challenger Atlanta 2024,0
hltv_match_2376264,2024-10-05 14:00:00+00:00,B8,GamerLegion,,,team2,CCT Season 2 Europe Series 13,0
hltv_match_2376309,2024-10-05 16:30:00+00:00,SAW,BetBoom,,,team1,ESL Challenger Atlanta 2024,0
hltv_match_2376561,2024-10-06 05:30:00+00:00,CYBERSHOKE,HOTU,,,team1,CCT Season 2 Europe Series 14,0
hltv_match_2376607,2024-10-06 06:00:00+00:00,EYEBALLERS,Alliance,,,team1,Suicide Zero Charity Cup by Luddie 2024,0
hltv_match_2376297,2024-10-06 06:30:00+00:00,GUN5,ECSTATIC,,,team1,A1 Gaming League Season 9,0
hltv_match_2376265,2024-10-06 06:30:00+00:00,3DMAX,Passion UA,,,team2,CCT Season 2 Europe Series 13,0
hltv_match_2376529,2024-10-06 06:45:00+00:00,UNiTY,L&G,,,team2,United21 League Season 20,0
hltv_match_2376311,2024-10-06 10:00:00+00:00,FlyQuest,Wildcard,,,team1,ESL Challenger Atlanta 2024,0
hltv_match_2376299,2024-10-06 11:30:00+00:00,FAVBET,Insilio,,,team2,A1 Gaming League Season 9,0
hltv_match_2376609,2024-10-06 12:40:00+00:00,EYEBALLERS,Johnny Speeds,,,team2,Suicide Zero Charity Cup by Luddie 2024,0
hltv_match_2376310,2024-10-06 13:30:00+00:00,BIG,SAW,,,team1,ESL Challenger Atlanta 2024,0
hltv_match_2376267,2024-10-06 14:15:00+00:00,Passion UA,GamerLegion,,,team2,CCT Season 2 Europe Series 13,0
hltv_match_2376312,2024-10-06 17:15:00+00:00,FlyQuest,BIG,,,team1,ESL Challenger Atlanta 2024,0
hltv_match_2376119,2024-10-06 18:00:00+00:00,Imperial,MIBR,,,team1,ESL Challenger League Season 48 South America,0
hltv_match_2376126,2024-10-06 19:00:00+00:00,MIBR,Imperial,,,team1,ESL Challenger League Season 48 South America,0
hltv_match_2376553,2024-10-07 04:00:00+00:00,UNiTY,9INE,,,team1,YaLLa Compass Fall 2024 Contenders,0
hltv_match_2376564,2024-10-07 05:30:00+00:00,Monte,Metizport,,,team1,CCT Season 2 Europe Series 14,0
hltv_match_2376565,2024-10-07 08:50:00+00:00,Zero Tenacity,ECSTATIC,,,team1,CCT Season 2 Europe Series 14,0
hltv_match_2376222,2024-10-07 10:00:00+00:00,MOUZ,paiN,,,team1,IEM Rio 2024,0
hltv_match_2376221,2024-10-07 10:00:00+00:00,FaZe,FURIA,,,team2,IEM Rio 2024,0
hltv_match_2376219,2024-10-07 11:15:00+00:00,Natus Vincere,Imperial,,,team1,IEM Rio 2024,0
hltv_match_2376223,2024-10-07 12:10:00+00:00,Vitality,9z,,,team1,IEM Rio 2024,0
hltv_match_2376226,2024-10-07 12:15:00+00:00,G2,HEROIC,,,team2,IEM Rio 2024,0
hltv_match_2376224,2024-10-07 13:05:00+00:00,Virtus.pro,The MongolZ,,,team2,IEM Rio 2024,0
hltv_match_2376225,2024-10-07 13:30:00+00:00,Eternal Fire,Astralis,,,team2,IEM Rio 2024,0
hltv_match_2376489,2024-10-07 14:15:00+00:00,FURIA,MOUZ,,,team1,IEM Rio 2024,0
hltv_match_2376490,2024-10-07 14:50:00+00:00,FaZe,paiN,,,team1,IEM Rio 2024,0
hltv_match_2373663,2024-10-07 18:00:00+00:00,RED Canids,BESTIA,,,team2,ESL Challenger League Season 48 South America,0
hltv_match_2376491,2024-10-07 18:20:00+00:00,Natus Vincere,Liquid,,,team1,IEM Rio 2024,0
hltv_match_2373671,2024-10-07 19:10:00+00:00,BESTIA,RED Canids,,,team1,ESL Challenger League Season 48 South America,0
hltv_match_2376555,2024-10-08 04:00:00+00:00,ECLOT,WW,,,team1,YaLLa Compass Fall 2024 Contenders,0
hltv_match_2376568,2024-10-08 08:30:00+00:00,CYBERSHOKE,ECSTATIC,,,team1,CCT Season 2 Europe Series 14,0
hltv_match_2376493,2024-10-08 10:00:00+00:00,Vitality,The MongolZ,,,team1,IEM Rio 2024,0
hltv_match_2376494,2024-10-08 10:00:00+00:00,9z,Virtus.pro,,,team2,IEM Rio 2024,0
hltv_match_2376496,2024-10-08 12:40:00+00:00,G2,Eternal Fire,,,team2,IEM Rio 2024,0
hltv_match_2376495,2024-10-08 13:25:00+00:00,HEROIC,Astralis,,,team1,IEM Rio 2024,0
hltv_match_2374434,2024-10-08 14:00:00+00:00,MIBR,paiN,,,team2,ESL Challenger League Season 48 South America,0
hltv_match_2374438,2024-10-08 15:00:00+00:00,paiN,MIBR,,,team1,ESL Challenger League Season 48 South America,0
hltv_match_2376498,2024-10-08 15:00:00+00:00,FaZe,Liquid,,,team1,IEM Rio 2024,0
hltv_match_2376668,2024-10-08 18:00:00+00:00,KRÜ,MIBR,,,team2,ESL Challenger League Season 48 South America,0
hltv_match_2376663,2024-10-08 18:00:00+00:00,paiN,Imperial,,,team1,ESL Challenger League Season 48 South America,0
hltv_match_2376667,2024-10-08 18:00:00+00:00,RED Canids,Dusty Roots,,,team1,ESL Challenger League Season 48 South America,0
hltv_match_2376670,2024-10-08 19:00:00+00:00,Imperial,paiN,,,team1,ESL Challenger League Season 48 South America,0
hltv_match_2376675,2024-10-08 19:00:00+00:00,MIBR,KRÜ,,,team1,ESL Challenger League Season 48 South America,0
hltv_match_2376674,2024-10-08 19:00:00+00:00,Dusty Roots,RED Canids,,,team2,ESL Challenger League Season 48 South America,0
hltv_match_2376641,2024-10-08 21:00:00+00:00,M80,Legacy,,,team2,ESL Challenger League Season 48 North America,0
hltv_match_2376647,2024-10-08 21:55:00+00:00,Legacy,M80,,,team2,ESL Challenger League Season 48 North America,0
hltv_match_2376557,2024-10-09 04:00:00+00:00,HOTU,500,,,team2,YaLLa Compass Fall 2024 Contenders,0
hltv_match_2376499,2024-10-09 10:00:00+00:00,Virtus.pro,Astralis,,,team1,IEM Rio 2024,0
hltv_match_2376500,2024-10-09 10:00:00+00:00,The MongolZ,Eternal Fire,,,team1,IEM Rio 2024,0
hltv_match_2376502,2024-10-09 12:40:00+00:00,Vitality,HEROIC,,,team2,IEM Rio 2024,0
hltv_match_2376503,2024-10-09 12:55:00+00:00,FURIA,Natus Vincere,,,team1,IEM Rio 2024,0
hltv_match_2376504,2024-10-09 15:00:00+00:00,Virtus.pro,The MongolZ,,,team1,IEM Rio 2024,0
hltv_match_2376501,2024-10-09 15:00:00+00:00,FaZe,MOUZ,,,team2,IEM Rio 2024,0
hltv_match_2376680,2024-10-09 18:00:00+00:00,Dusty Roots,ODDIK,,,team2,ESL Challenger League Season 48 South America,0
hltv_match_2376676,2024-10-09 18:00:00+00:00,BESTIA,KRÜ,,,team1,ESL Challenger League Season 48 South America,0
hltv_match_2376682,2024-10-09 18:00:00+00:00,MIBR,RED Canids,,,team1,ESL Challenger League Season 48 South America,0
hltv_match_2376688,2024-10-09 18:50:00+00:00,ODDIK,Dusty Roots,,,team1,ESL Challenger League Season 48 South America,0
hltv_match_2376690,2024-10-09 19:00:00+00:00,RED Canids,MIBR,,,team2,ESL Challenger League Season 48 South America,0
hltv_match_2376684,2024-10-09 19:10:00+00:00,KRÜ,BESTIA,,,team2,ESL Challenger League Season 48 South America,0
hltv_match_2376652,2024-10-09 21:00:00+00:00,LAG,Take Flyte,,,team2,ESL Challenger League Season 48 North America,0
hltv_match_2376654,2024-10-09 21:00:00+00:00,M80,BOSS,,,team2,ESL Challenger League Season 48 North America,0
hltv_match_2376661,2024-10-09 22:10:00+00:00,BOSS,M80,,,team2,ESL Challenger League Season 48 North America,0
hltv_match_2376659,2024-10-09 22:45:00+00:00,Take Flyte,LAG,,,team2,ESL Challenger League Season 48 North America,0
hltv_match_2376570,2024-10-10 04:00:00+00:00,Aurora,Zero Tenacity,,,team1,CCT Season 2 Europe Series 14,0
hltv_match_2376559,2024-10-10 04:00:00+00:00,Insilio,FAVBET,,,team1,YaLLa Compass Fall 2024 Contenders,0
hltv_match_2376571,2024-10-10 07:00:00+00:00,fnatic,Metizport,,,team2,CCT Season 2 Europe Series 14,0
hltv_match_2376560,2024-10-10 07:25:00+00:00,CYBERSHOKE,Gaimin Gladiators,,,team2,YaLLa Compass Fall 2024 Contenders,0
hltv_match_2376572,2024-10-10 10:00:00+00:00,OG,Spirit Academy,,,team2,CCT Season 2 Europe Series 14,0
hltv_match_2376573,2024-10-10 13:25:00+00:00,3DMAX,CYBERSHOKE,,,team1,CCT Season 2 Europe Series 14,0
hltv_match_2376702,2024-10-11 07:00:00+00:00,Gaimin Gladiators,HOTU,,,team1,Winline Insight Season 6,0
hltv_match_2376575,2024-10-11 07:35:00+00:00,BetBoom,FAVBET,,,team2,CCT Season 2 Europe Series 14,0
hltv_match_2376505,2024-10-11 11:00:00+00:00,Virtus.pro,Natus Vincere,,,team2,IEM Rio 2024,0
hltv_match_2376714,2024-10-11 11:00:00+00:00,Betclic,Insomnia,,,team2,RTV Euro AGD Game Zone Masters 2024 Closed Qualifier,0
hltv_match_2376576,2024-10-11 11:40:00+00:00,GamerLegion,GUN5,,,team2,CCT Season 2 Europe Series 14,0
hltv_match_2376577,2024-10-11 13:40:00+00:00,SINNERS,Monte,,,team1,CCT Season 2 Europe Series 14,0
hltv_match_2376506,2024-10-11 14:15:00+00:00,Vitality,MOUZ,,,team2,IEM Rio 2024,0
hltv_match_2376578,2024-10-12 04:00:00+00:00,FAVBET,Passion UA,,,team1,CCT Season 2 Europe Series 14,0
hltv_match_2376704,2024-10-12 07:00:00+00:00,Sashi,Fire Flux,,,team1,Winline Insight Season 6,0
hltv_match_2376579,2024-10-12 07:40:00+00:00,Metizport,Aurora,,,team2,CCT Season 2 Europe Series 14,0
hltv_match_2376580,2024-10-12 10:10:00+00:00,3DMAX,Spirit Academy,,,team2,CCT Season 2 Europe Series 14,0
hltv_match_2376507,2024-10-12 11:00:00+00:00,HEROIC,Natus Vincere,,,team2,IEM Rio 2024,0
hltv_match_2376513,2024-10-12 11:50:00+00:00,500,CYBERSHOKE,,,team1,A1 Gaming League Season 9,0
hltv_match_2376581,2024-10-12 13:10:00+00:00,GUN5,SINNERS,,,team2,CCT Season 2 Europe Series 14,0
hltv_match_2376508,2024-10-12 14:50:00+00:00,FURIA,MOUZ,,,team2,IEM Rio 2024,0
hltv_match_2376515,2024-10-13 04:00:00+00:00,Nexus,ECSTATIC,,,team2,A1 Gaming League Season 9,0
hltv_match_2376582,2024-10-13 05:30:00+00:00,Spirit Academy,SINNERS,,,team1,CCT Season 2 Europe Series 14,0
hltv_match_2376583,2024-10-13 09:20:00+00:00,FAVBET,Aurora,,,team1,CCT Season 2 Europe Series 14,0
hltv_match_2376707,2024-10-13 10:30:00+00:00,9INE,CPH Wolves,,,team1,Winline Insight Season 6,0
hltv_match_2376518,2024-10-13 11:30:00+00:00,Insilio,Johnny Speeds,,,team1,A1 Gaming League Season 9,0
hltv_match_2376584,2024-10-13 12:25:00+00:00,Spirit Academy,FAVBET,,,team1,CCT Season 2 Europe Series 14,0
hltv_match_2376509,2024-10-13 13:00:00+00:00,Natus Vincere,MOUZ,,,team1,IEM Rio 2024,0
hltv_match_2376820,2024-10-14 07:00:00+00:00,UNiTY,500,,,team2,YaLLa Compass Fall 2024 Contenders,0
hltv_match_2376708,2024-10-14 10:00:00+00:00,ECLOT,Betclic,,,team1,Winline Insight Season 6,0
hltv_match_2376695,2024-10-15 02:30:00+00:00,ATOX,The QUBE,,,team1,MESA Pro Series Fall 2024 Finals,0
hltv_match_2376821,2024-10-15 04:00:00+00:00,GUN5,Gaimin Gladiators,,,team2,YaLLa Compass Fall 2024 Contenders,0
hltv_match_2376758,2024-10-15 09:00:00+00:00,IHC,ATOX,,,team2,ESL Challenger League Season 48 Asia-Pacific,0
hltv_match_2376743,2024-10-15 13:00:00+00:00,Sangal,Sashi,,,team1,ESL Challenger League Season 48 Europe,0
hltv_match_2376745,2024-10-15 13:00:00+00:00,Aurora,PARIVISION,,,team2,ESL Challenger League Season 48 Europe,0
hltv_match_2376786,2024-10-15 18:00:00+00:00,BESTIA,RED Canids,,,team2,ESL Challenger League Season 48 South America,0
hltv_match_2376788,2024-10-15 18:00:00+00:00,ODDIK,KRÜ,,,team1,ESL Challenger League Season 48 South America,0
hltv_match_2376805,2024-10-16 04:00:00+00:00,Fluxo,Aurora,,,team1,RES Regional Champions 2024,0
hltv_match_2376698,2024-10-16 05:30:00+00:00,ATOX,IHC,,,team2,MESA Pro Series Fall 2024 Finals,0
hltv_match_2376824,2024-10-16 07:00:00+00:00,Johnny Speeds,WW,,,team1,YaLLa Compass Fall 2024 Contenders,0
hltv_match_2376806,2024-10-16 07:35:00+00:00,Sangal,Nemiga,,,team1,RES Regional Champions 2024,0
hltv_match_2376731,2024-10-16 08:40:00+00:00,Ninjas in Pyjamas,B8,,,team2,Elisa Masters Espoo 2024,0
hltv_match_2376762,2024-10-16 09:00:00+00:00,Lynn Vision,ATOX,,,team2,ESL Challenger League Season 48 Asia-Pacific,0
hltv_match_2376734,2024-10-16 10:30:00+00:00,The MongolZ,B8,,,team1,Elisa Masters Espoo 2024,0
hltv_match_2376747,2024-10-16 13:00:00+00:00,SAW,Sangal,,,team2,ESL Challenger League Season 48 Europe,0
hltv_match_2376748,2024-10-16 13:20:00+00:00,Nemiga,3DMAX,,,team1,ESL Challenger League Season 48 Europe,0
hltv_match_2376749,2024-10-16 14:00:00+00:00,Sashi,PARIVISION,,,team1,ESL Challenger League Season 48 Europe,0
hltv_match_2376790,2024-10-16 18:00:00+00:00,MIBR,RED Canids,,,team1,ESL Challenger League Season 48 South America,0
hltv_match_2376791,2024-10-16 18:00:00+00:00,Imperial,Sharks,,,team1,ESL Challenger League Season 48 South America,0
hltv_match_2376792,2024-10-16 18:00:00+00:00,BESTIA,ODDIK,,,team1,ESL Challenger League Season 48 South America,0
hltv_match_2376777,2024-10-16 21:00:00+00:00,Wildcard,BOSS,,,team1,ESL Challenger League Season 48 North America,0
hltv_match_2376776,2024-10-16 21:00:00+00:00,M80,NRG,,,team1,ESL Challenger League Season 48 North America,0
hltv_match_2376825,2024-10-17 04:00:00+00:00,Insilio,9INE,,,team2,YaLLa Compass Fall 2024 Contenders,0
hltv_match_2376807,2024-10-17 04:00:00+00:00,Aurora,Nemiga,,,team2,RES Regional Champions 2024,0
hltv_match_2376885,2024-10-17 04:00:00+00:00,L&G,CPH Wolves,,,team2,European Pro League 2nd Division Season 16,0
hltv_match_2376732,2024-10-17 06:00:00+00:00,HEROIC,Rebels,,,team1,Elisa Masters Espoo 2024,0
hltv_match_2376733,2024-10-17 07:10:00+00:00,9z,ENCE,,,team2,Elisa Masters Espoo 2024,0
hltv_match_2376808,2024-10-17 07:50:00+00:00,Fluxo,Sangal,,,team2,RES Regional Champions 2024,0
hltv_match_2376765,2024-10-17 08:00:00+00:00,The Huns,Lynn Vision,,,team2,ESL Challenger League Season 48 Asia-Pacific,0
hltv_match_2376723,2024-10-17 10:00:00+00:00,ARCRED,Fire Flux,,,team2,Winline Insight Season 6,0
hltv_match_2376736,2024-10-17 10:00:00+00:00,HEROIC,ENCE,,,team1,Elisa Masters Espoo 2024,0
hltv_match_2376813,2024-10-17 12:30:00+00:00,PARIVISION,fnatic,,,team2,RES Regional Champions 2024,0
hltv_match_2376737,2024-10-17 12:45:00+00:00,Rebels,9z,,,team2,Elisa Masters Espoo 2024,0
hltv_match_2376751,2024-10-17 13:00:00+00:00,Sangal,Nemiga,,,team1,ESL Challenger League Season 48 Europe,0
hltv_match_2376752,2024-10-17 13:00:00+00:00,3DMAX,Sashi,,,team1,ESL Challenger League Season 48 Europe,0
hltv_match_2376794,2024-10-17 18:00:00+00:00,Imperial,RED Canids,,,team2,ESL Challenger League Season 48 South America,0
hltv_match_2376793,2024-10-17 18:00:00+00:00,paiN,MIBR,,,team1,ESL Challenger League Season 48 South America,0
hltv_match_2376780,2024-10-17 21:00:00+00:00,NRG,Wildcard,,,team1,ESL Challenger League Season 48 North America,0
hltv_match_2376779,2024-10-17 21:30:00+00:00,Legacy,M80,,,team2,ESL Challenger League Season 48 North America,0
hltv_match_2376700,2024-10-18 02:00:00+00:00,IHC,ATOX,,,team1,MESA Pro Series Fall 2024 Finals,0
hltv_match_2376801,2024-10-18 04:00:00+00:00,FlyQuest,Mindfreak,,,team1,ESL Challenger League Season 48 Oceania,0
hltv_match_2376809,2024-10-18 06:00:00+00:00,Nemiga,Fluxo,,,team1,RES Regional Champions 2024,0
hltv_match_2376725,2024-10-18 10:00:00+00:00,Aurora Young Blud,CPH Wolves,,,team2,Winline Insight Season 6,0
hltv_match_2376739,2024-10-18 12:00:00+00:00,ENCE,9z,,,team1,Elisa Masters Espoo 2024,0
hltv_match_2376754,2024-10-18 13:00:00+00:00,3DMAX,SAW,,,team1,ESL Challenger League Season 48 Europe,0
hltv_match_2376617,2024-10-18 13:30:00+00:00,Let Her Cook,NIP Impact,,,team1,ESL Impact League Season 6 Europe,0
hltv_match_2376626,2024-10-18 16:30:00+00:00,Atrix,thekillaz fe,,,team1,ESL Impact League Season 6 South America,0
hltv_match_2376796,2024-10-18 18:00:00+00:00,BESTIA,RED Canids,,,team1,ESL Challenger League Season 48 South America,0
hltv_match_2376815,2024-10-19 06:00:00+00:00,fnatic,Nemiga,,,team2,RES Regional Champions 2024,0
hltv_match_2376740,2024-10-19 09:30:00+00:00,The MongolZ,ENCE,,,team2,Elisa Masters Espoo 2024,0
hltv_match_2376727,2024-10-19 10:00:00+00:00,Gaimin Gladiators,9INE,,,team1,Winline Insight Season 6,0
hltv_match_2376621,2024-10-19 10:30:00+00:00,BIG EQUIPA,Let Her Cook,,,team1,ESL Impact League Season 6 Europe,0
hltv_match_2376755,2024-10-19 11:00:00+00:00,Nemiga,3DMAX,,,team1,ESL Challenger League Season 48 Europe,0
hltv_match_2376961,2024-10-19 12:00:00+00:00,INFURITY,Nordix,,,team1,Good Game League Fall 2024,0
hltv_match_2376741,2024-10-19 13:35:00+00:00,B8,HEROIC,,,team2,Elisa Masters Espoo 2024,0
hltv_match_2376797,2024-10-19 18:00:00+00:00,MIBR,BESTIA,,,team1,ESL Challenger League Season 48 South America,0
hltv_match_2376783,2024-10-19 22:00:00+00:00,Legacy,NRG,,,team2,ESL Challenger League Season 48 North America,0
hltv_match_2376804,2024-10-20 02:00:00+00:00,FlyQuest,Mindfreak,,,team1,ESL Challenger League Season 48 Oceania,0
hltv_match_2376955,2024-10-20 04:00:00+00:00,CPH Wolves,kONO,,,team2,European Pro League 2nd Division Season 16,0
hltv_match_2376892,2024-10-20 06:15:00+00:00,500,ECSTATIC,,,team1,A1 Gaming League Season 9,0
hltv_match_2376893,2024-10-20 09:45:00+00:00,Gaimin Gladiators,FAVBET,,,team2,A1 Gaming League Season 9,0
hltv_match_2376742,2024-10-20 10:45:00+00:00,ENCE,HEROIC,,,team1,Elisa Masters Espoo 2024,0
hltv_match_2376756,2024-10-20 11:00:00+00:00,Sangal,Nemiga,,,team1,ESL Challenger League Season 48 Europe,0
hltv_match_2376798,2024-10-20 15:30:00+00:00,paiN,MIBR,,,team1,ESL Challenger League Season 48 South America,0
hltv_match_2376784,2024-10-20 19:00:00+00:00,M80,NRG,,,team1,ESL Challenger League Season 48 North America,0
hltv_match_2376909,2024-10-21 04:00:00+00:00,9INE,HOTU,,,team1,YaLLa Compass Fall 2024 Contenders,0
hltv_match_2376844,2024-10-21 05:30:00+00:00,Falcons,3DMAX,,,team2,Thunderpick World Championship 2024,0
hltv_match_2376910,2024-10-21 07:55:00+00:00,Johnny Speeds,UNiTY,,,team1,YaLLa Compass Fall 2024 Contenders,0
hltv_match_2376845,2024-10-21 08:30:00+00:00,Virtus.pro,OG,,,team2,Thunderpick World Championship 2024,0
hltv_match_2376846,2024-10-21 12:10:00+00:00,Falcons,Virtus.pro,,,team2,Thunderpick World Championship 2024,0
hltv_match_2376847,2024-10-21 15:00:00+00:00,3DMAX,OG,,,team1,Thunderpick World Championship 2024,0
hltv_match_2377060,2024-10-22 04:00:00+00:00,Aurora Young Blud,CPH Wolves,,,team1,European Pro League 2nd Division Season 16,0
hltv_match_2376912,2024-10-22 08:10:00+00:00,GUN5,WW,,,team1,YaLLa Compass Fall 2024 Contenders,0
hltv_match_2376850,2024-10-22 08:30:00+00:00,9z,fnatic,,,team2,Thunderpick World Championship 2024,0
hltv_match_2376852,2024-10-22 14:30:00+00:00,The MongolZ,fnatic,,,team1,Thunderpick World Championship 2024,0
hltv_match_2376854,2024-10-23 05:30:00+00:00,HEROIC,Legacy,,,team1,Thunderpick World Championship 2024,0
hltv_match_2376914,2024-10-23 07:00:00+00:00,Gaimin Gladiators,ECLOT,,,team1,YaLLa Compass Fall 2024 Contenders,0
hltv_match_2376855,2024-10-23 09:25:00+00:00,Imperial,Ninjas in Pyjamas,,,team2,Thunderpick World Championship 2024,0
hltv_match_2376856,2024-10-23 13:10:00+00:00,Legacy,Imperial,,,team2,Thunderpick World Championship 2024,0
hltv_match_2376857,2024-10-23 16:30:00+00:00,HEROIC,Ninjas in Pyjamas,,,team1,Thunderpick World Championship 2024,0
hltv_match_2377063,2024-10-24 04:00:00+00:00,kONO,Aurora Young Blud,,,team2,European Pro League 2nd Division Season 16,0
hltv_match_2376859,2024-10-24 05:30:00+00:00,BIG,Aurora,,,team1,Thunderpick World Championship 2024,0
hltv_match_2377079,2024-10-24 06:30:00+00:00,L&G,WOPA,,,team1,United21 League Season 21,0
hltv_match_2376916,2024-10-24 07:00:00+00:00,GUN5,Insilio,,,team1,YaLLa Compass Fall 2024 Contenders,0
hltv_match_2376860,2024-10-24 08:30:00+00:00,M80,BESTIA,,,team2,Thunderpick World Championship 2024,0
hltv_match_2376917,2024-10-24 10:00:00+00:00,UNiTY,HOTU,,,team2,YaLLa Compass Fall 2024 Contenders,0
hltv_match_2376924,2024-10-24 10:00:00+00:00,Sashi,ECLOT,,,team1,Winline Insight Season 6,0
hltv_match_2376861,2024-10-24 11:30:00+00:00,Aurora,M80,,,team2,Thunderpick World Championship 2024,0
hltv_match_2376862,2024-10-24 14:30:00+00:00,BIG,BESTIA,,,team1,Thunderpick World Championship 2024,0
hltv_match_2377080,2024-10-25 04:00:00+00:00,GenOne,L&G,,,team2,United21 League Season 21,0
hltv_match_2377106,2024-10-25 04:00:00+00:00,Passion UA,9INE,,,team2,European Pro League Season 20,0
hltv_match_2376827,2024-10-25 06:00:00+00:00,Eternal Fire,B8,,,team2,ESL Challenger Katowice 2024,0
hltv_match_2376828,2024-10-25 07:30:00+00:00,Falcons,SAW,,,team2,ESL Challenger Katowice 2024,0
hltv_match_2376832,2024-10-25 08:45:00+00:00,Monte,paiN,,,team2,ESL Challenger Katowice 2024,0
hltv_match_2376848,2024-10-25 09:00:00+00:00,Virtus.pro,OG,,,team2,Thunderpick World Championship 2024,0
hltv_match_2376833,2024-10-25 10:00:00+00:00,MIBR,Legacy,,,team2,ESL Challenger Katowice 2024,0
hltv_match_2376829,2024-10-25 11:10:00+00:00,B8,SAW,,,team2,ESL Challenger Katowice 2024,0
hltv_match_2376858,2024-10-25 11:55:00+00:00,Imperial,Ninjas in Pyjamas,,,team1,Thunderpick World Championship 2024,0
hltv_match_2376834,2024-10-25 12:30:00+00:00,paiN,Legacy,,,team1,ESL Challenger Katowice 2024,0
hltv_match_2376835,2024-10-25 13:45:00+00:00,Monte,MIBR,,,team1,ESL Challenger Katowice 2024,0
hltv_match_2376863,2024-10-25 14:30:00+00:00,M80,BESTIA,,,team2,Thunderpick World Championship 2024,0
hltv_match_2377108,2024-10-26 04:00:00+00:00,GUN5,ECLOT,,,team1,European Pro League Season 20,0
hltv_match_2376864,2024-10-26 06:00:00+00:00,BIG,OG,,,team2,Thunderpick World Championship 2024,0
hltv_match_2376830,2024-10-26 06:30:00+00:00,Eternal Fire,Falcons,,,team1,ESL Challenger Katowice 2024,0
hltv_match_2376836,2024-10-26 08:55:00+00:00,Legacy,Monte,,,team2,ESL Challenger Katowice 2024,0
hltv_match_2376896,2024-10-26 09:00:00+00:00,Nexus,Johnny Speeds,,,team2,A1 Gaming League Season 9,0
hltv_match_2376865,2024-10-26 09:25:00+00:00,HEROIC,fnatic,,,team1,Thunderpick World Championship 2024,0
hltv_match_2377155,2024-10-26 11:00:00+00:00,EYEBALLERS,Lilmix,,,team1,Dust2 Sweden POWER Masters 3,0
hltv_match_2376866,2024-10-26 12:00:00+00:00,The MongolZ,Imperial,,,team1,Thunderpick World Championship 2024,0
hltv_match_2376831,2024-10-26 12:00:00+00:00,B8,Eternal Fire,,,team1,ESL Challenger Katowice 2024,0
hltv_match_2376867,2024-10-26 15:40:00+00:00,3DMAX,BESTIA,,,team1,Thunderpick World Championship 2024,0
hltv_match_2376957,2024-10-26 18:05:00+00:00,Fluxo,Sharks,,,team2,CBCS Invitational 2024,0
hltv_match_2377110,2024-10-27 05:00:00+00:00,SINNERS,Insilio,,,team1,European Pro League Season 20,0
hltv_match_2376923,2024-10-27 07:00:00+00:00,HOTU,9INE,,,team2,Winline Insight Season 6,0
hltv_match_2376837,2024-10-27 07:30:00+00:00,SAW,Monte,,,team1,ESL Challenger Katowice 2024,0
hltv_match_2376838,2024-10-27 10:10:00+00:00,paiN,B8,,,team2,ESL Challenger Katowice 2024,0
hltv_match_2377073,2024-10-27 11:55:00+00:00,Nexus,HyperSpirit,,,team1,jaxi League Showdown 2024 Finals,0
hltv_match_2377118,2024-10-27 12:00:00+00:00,Reveal,Wave,,,team2,Fragster League Season 6,0
hltv_match_2376839,2024-10-27 13:40:00+00:00,SAW,B8,,,team1,ESL Challenger Katowice 2024,0
hltv_match_2376958,2024-10-27 15:00:00+00:00,ODDIK,Sharks,,,team2,CBCS Invitational 2024,0
hltv_match_2377085,2024-10-28 05:00:00+00:00,Rebels,Gaimin Gladiators,,,team2,YaLLa Compass Fall 2024,0
hltv_match_2377086,2024-10-28 10:25:00+00:00,Zero Tenacity,ECLOT,,,team2,YaLLa Compass Fall 2024,0
hltv_match_2377094,2024-10-28 10:30:00+00:00,OG,500,,,team2,Hellcase Cup 11,0
hltv_match_2377173,2024-10-28 13:30:00+00:00,ShindeN,9z Academy,,,team1,CCT Season 2 South America Series 4,0
hltv_match_2377120,2024-10-28 14:15:00+00:00,Zero Tenacity,500,,,team2,Hellcase Cup 11,0
hltv_match_2377175,2024-10-28 19:30:00+00:00,Players,Yawara,,,team1,CCT Season 2 South America Series 4,0
hltv_match_2377088,2024-10-29 05:00:00+00:00,Sashi,GUN5,,,team2,YaLLa Compass Fall 2024,0
hltv_match_2377089,2024-10-29 08:00:00+00:00,SINNERS,HOTU,,,team2,YaLLa Compass Fall 2024,0
hltv_match_2377122,2024-10-29 10:30:00+00:00,Zero Tenacity,OG,,,team2,Hellcase Cup 11,0
hltv_match_2377090,2024-10-29 11:00:00+00:00,AMKAL,500,,,team2,YaLLa Compass Fall 2024,0
hltv_match_2377201,2024-10-29 12:00:00+00:00,Johnny Speeds,Rare Atom,,,team1,500 Casino Halloween Cup 2024,0
hltv_match_2377203,2024-10-29 13:15:00+00:00,Johnny Speeds,Gaimin Gladiators,,,team2,500 Casino Halloween Cup 2024,0
hltv_match_2376872,2024-10-30 02:00:00+00:00,Natus Vincere,Astralis,,,team2,BLAST Premier World Final 2024,0
hltv_match_2376873,2024-10-30 04:15:00+00:00,MOUZ,FaZe,,,team1,BLAST Premier World Final 2024,0
hltv_match_2377091,2024-10-30 05:00:00+00:00,OG,9INE,,,team2,YaLLa Compass Fall 2024,0
hltv_match_2376876,2024-10-30 06:45:00+00:00,G2,Liquid,,,team1,BLAST Premier World Final 2024,0
hltv_match_2377095,2024-10-30 07:00:00+00:00,Spirit Academy,Rare Atom,,,team1,Hellcase Cup 11,0
hltv_match_2376877,2024-10-30 09:40:00+00:00,Vitality,Spirit,,,team2,BLAST Premier World Final 2024,0
hltv_match_2377190,2024-10-30 11:00:00+00:00,Aurora Young Blud,ECLOT,,,team2,European Pro League Season 20,0
hltv_match_2377208,2024-10-30 13:20:00+00:00,ECSTATIC,Metizport,,,team2,500 Casino Halloween Cup 2024,0
hltv_match_2377181,2024-10-30 13:30:00+00:00,MIBR Academy,BESTIA Academy,,,team1,CCT Season 2 South America Series 4,0
hltv_match_2376874,2024-10-31 02:00:00+00:00,Natus Vincere,FaZe,,,team2,BLAST Premier World Final 2024,0
hltv_match_2377192,2024-10-31 05:00:00+00:00,Insilio,Rebels,,,team2,European Pro League Season 20,0
hltv_match_2376875,2024-10-31 05:15:00+00:00,Astralis,MOUZ,,,team1,BLAST Premier World Final 2024,0
hltv_match_2377124,2024-10-31 06:30:00+00:00,Rare Atom,CYBERSHOKE,,,team1,Hellcase Cup 11,0
hltv_match_2377214,2024-10-31 07:00:00+00:00,Fire Flux,CPH Wolves,,,team1,Winline Insight Season 6,0
hltv_match_2376878,2024-10-31 07:20:00+00:00,Liquid,Vitality,,,team2,BLAST Premier World Final 2024,0
hltv_match_2377125,2024-10-31 09:35:00+00:00,Spirit Academy,Rare Atom,,,team1,Hellcase Cup 11,0
hltv_match_2377184,2024-10-31 10:30:00+00:00,Players,GameHunters,,,team2,CCT Season 2 South America Series 4,0
hltv_match_2376879,2024-10-31 10:35:00+00:00,G2,Spirit,,,team1,BLAST Premier World Final 2024,0
hltv_match_2377232,2024-10-31 11:00:00+00:00,SINNERS,Rebels,,,team1,YaLLa Compass Fall 2024,0
hltv_match_2377243,2024-10-31 11:00:00+00:00,QUAZAR,1win,,,team2,Winline Pro League Season 2,0
hltv_match_2377211,2024-10-31 12:00:00+00:00,Gaimin Gladiators,ECSTATIC,,,team2,500 Casino Halloween Cup 2024,0
hltv_match_2377212,2024-10-31 12:00:00+00:00,Johnny Speeds,Metizport,,,team1,500 Casino Halloween Cup 2024,0
hltv_match_2377237,2024-10-31 14:00:00+00:00,500,GUN5,,,team2,YaLLa Compass Fall 2024,0
hltv_match_2377213,2024-10-31 15:30:00+00:00,ECSTATIC,Johnny Speeds,,,team1,500 Casino Halloween Cup 2024,0
hltv_match_2376881,2024-11-01 04:30:00+00:00,MOUZ,Vitality,,,team2,BLAST Premier World Final 2024,0
hltv_match_2376880,2024-11-01 07:10:00+00:00,FaZe,Spirit,,,team2,BLAST Premier World Final 2024,0
hltv_match_2377230,2024-11-01 08:00:00+00:00,Gaimin Gladiators,HOTU,,,team1,YaLLa Compass Fall 2024,0
hltv_match_2377235,2024-11-01 11:00:00+00:00,OG,Johnny Speeds,,,team2,YaLLa Compass Fall 2024,0
hltv_match_2377217,2024-11-01 11:00:00+00:00,HOTU,Aurora Young Blud,,,team2,Winline Insight Season 6,0
hltv_match_2377126,2024-11-01 13:10:00+00:00,Sashi,Insilio,,,team2,Hellcase Cup 11,0
hltv_match_2377250,2024-11-01 13:30:00+00:00,9z Academy,BESTIA Academy,,,team1,CCT Season 2 South America Series 4,0
hltv_match_2376883,2024-11-02 04:35:00+00:00,G2,Vitality,,,team1,BLAST Premier World Final 2024,0
hltv_match_2376768,2024-11-02 06:45:00+00:00,TYLOO,ATOX,,,team1,ESL Challenger League Season 48 Asia-Pacific Finals,0
hltv_match_2376882,2024-11-02 08:55:00+00:00,Astralis,Spirit,,,team2,BLAST Premier World Final 2024,0
hltv_match_2376899,2024-11-02 10:00:00+00:00,GUN5,ECSTATIC,,,team1,A1 Gaming League Season 9,0
hltv_match_2376868,2024-11-02 12:10:00+00:00,HEROIC,OG,,,team1,Thunderpick World Championship 2024 Finals,0
hltv_match_2377254,2024-11-02 13:30:00+00:00,MIBR Academy,paiN Academy,,,team1,CCT Season 2 South America Series 4,0
hltv_match_2376869,2024-11-02 15:55:00+00:00,3DMAX,The MongolZ,,,team2,Thunderpick World Championship 2024 Finals,0
hltv_match_2376769,2024-11-03 01:15:00+00:00,Lynn Vision,ATOX,,,team1,ESL Challenger League Season 48 Asia-Pacific Finals,0
hltv_match_2376770,2024-11-03 03:50:00+00:00,TYLOO,Lynn Vision,,,team1,ESL Challenger League Season 48 Asia-Pacific Finals,0
hltv_match_2376884,2024-11-03 04:00:00+00:00,G2,Spirit,,,team1,BLAST Premier World Final 2024,0
hltv_match_2377099,2024-11-03 06:00:00+00:00,SINNERS,ARCRED,,,team1,Hellcase Cup 11,0
hltv_match_2377239,2024-11-03 06:30:00+00:00,GUN5,ECLOT,,,team2,European Pro League Season 20,0
hltv_match_2376870,2024-11-03 08:00:00+00:00,OG,3DMAX,,,team2,Thunderpick World Championship 2024 Finals,0
hltv_match_2377302,2024-11-03 09:00:00+00:00,XPERION NXT,Arrow,,,team2,DACH Masters Season 2,0
hltv_match_2377100,2024-11-03 09:10:00+00:00,ECSTATIC,9INE,,,team1,Hellcase Cup 11,0
hltv_match_2377129,2024-11-03 11:20:00+00:00,SINNERS,ECSTATIC,,,team1,Hellcase Cup 11,0
hltv_match_2376871,2024-11-03 11:30:00+00:00,HEROIC,The MongolZ,,,team2,Thunderpick World Championship 2024 Finals,0
hltv_match_2376901,2024-11-03 12:05:00+00:00,Insilio,Johnny Speeds,,,team2,A1 Gaming League Season 9,0
hltv_match_2377270,2024-11-03 17:30:00+00:00,ShindeN,MIBR Academy,,,team1,CCT Season 2 South America Series 4,0
hltv_match_2377301,2024-11-03 18:00:00+00:00,Lotus fe,Shimmer,,,team2,ESL Impact Autumn 2024 Cash Cup 3 North America,0
hltv_match_2377295,2024-11-04 04:00:00+00:00,GUN5,ECLOT,,,team1,YaLLa Compass Fall 2024,0
hltv_match_2377296,2024-11-04 07:00:00+00:00,Zero Tenacity,500,,,team2,YaLLa Compass Fall 2024,0
hltv_match_2377130,2024-11-04 07:10:00+00:00,ARCRED,9INE,,,team2,Hellcase Cup 11,0
hltv_match_2377131,2024-11-04 09:35:00+00:00,ECSTATIC,9INE,,,team2,Hellcase Cup 11,0
hltv_match_2377297,2024-11-04 10:25:00+00:00,Johnny Speeds,HOTU,,,team1,YaLLa Compass Fall 2024,0
hltv_match_2377280,2024-11-05 04:00:00+00:00,SINNERS,ECLOT,,,team2,European Pro League Season 20,0
hltv_match_2377298,2024-11-05 07:00:00+00:00,Sashi,Rebels,,,team1,YaLLa Compass Fall 2024,0
hltv_match_2377133,2024-11-05 07:05:00+00:00,Aurora,9INE,,,team1,Hellcase Cup 11,0
hltv_match_2377299,2024-11-05 10:55:00+00:00,SINNERS,9INE,,,team1,YaLLa Compass Fall 2024,0
hltv_match_2377274,2024-11-05 15:15:00+00:00,MIBR Academy,Yawara,,,team1,CCT Season 2 South America Series 4,0
hltv_match_2377338,2024-11-06 04:00:00+00:00,Johnny Speeds,ECLOT,,,team2,YaLLa Compass Fall 2024,0
hltv_match_2377136,2024-11-06 04:00:00+00:00,Passion UA,500,,,team2,Hellcase Cup 11,0
hltv_match_2377339,2024-11-06 07:00:00+00:00,Zero Tenacity,HOTU,,,team1,YaLLa Compass Fall 2024,0
hltv_match_2377137,2024-11-06 08:55:00+00:00,Monte,Spirit Academy,,,team1,Hellcase Cup 11,0
hltv_match_2377304,2024-11-06 09:30:00+00:00,Fluxo,9z Academy,,,team1,CCT Season 2 South America Series 4,0
hltv_match_2377138,2024-11-06 10:50:00+00:00,PARIVISION,SINNERS,,,team1,Hellcase Cup 11,0
hltv_match_2377139,2024-11-06 14:00:00+00:00,BetBoom,OG,,,team2,Hellcase Cup 11,0
hltv_match_2377140,2024-11-07 04:00:00+00:00,Nemiga,PARIVISION,,,team1,Hellcase Cup 11,0
hltv_match_2377341,2024-11-07 04:00:00+00:00,SINNERS,500,,,team1,YaLLa Compass Fall 2024,0
hltv_match_2377223,2024-11-07 06:00:00+00:00,9INE,Gaimin Gladiators,,,team2,Winline Insight Season 6,0
hltv_match_2377141,2024-11-07 07:40:00+00:00,Monte,500,,,team2,Hellcase Cup 11,0
hltv_match_2377342,2024-11-07 07:45:00+00:00,Sashi,OG,,,team1,YaLLa Compass Fall 2024,0
hltv_match_2377343,2024-11-07 10:00:00+00:00,AMKAL,Gaimin Gladiators,,,team2,YaLLa Compass Fall 2024,0
hltv_match_2377101,2024-11-07 11:15:00+00:00,Alliance,EYEBALLERS,,,team1,Svenska Cupen 2024,0
hltv_match_2377311,2024-11-07 18:30:00+00:00,Sharks,MIBR Academy,,,team1,CCT Season 2 South America Series 4,0
hltv_match_2377329,2024-11-08 00:30:00+00:00,The Huns,IHC,,,team2,1xBet MESA Asia Series 1,0
hltv_match_2377344,2024-11-08 04:00:00+00:00,500,Sashi,,,team1,YaLLa Compass Fall 2024,0
hltv_match_2377144,2024-11-08 08:00:00+00:00,Nemiga,500,,,team1,Hellcase Cup 11,0
hltv_match_2377346,2024-11-08 10:00:00+00:00,AMKAL,9INE,,,team2,YaLLa Compass Fall 2024,0
hltv_match_2377103,2024-11-08 11:25:00+00:00,Ninjas in Pyjamas,Alliance,,,team1,Svenska Cupen 2024,0
hltv_match_2377313,2024-11-08 13:25:00+00:00,Sharks,GameHunters,,,team1,CCT Season 2 South America Series 4,0
hltv_match_2377104,2024-11-08 14:50:00+00:00,Johnny Speeds,Metizport,,,team2,Svenska Cupen 2024,0
hltv_match_2377314,2024-11-08 15:30:00+00:00,ODDIK,Players,,,team1,CCT Season 2 South America Series 4,0
hltv_match_2377288,2024-11-09 04:00:00+00:00,ECLOT,Rebels,,,team1,European Pro League Season 20,0
hltv_match_2377227,2024-11-09 07:15:00+00:00,Sashi,ECLOT,,,team2,Winline Insight Season 6,0
hltv_match_2377105,2024-11-09 11:00:00+00:00,Ninjas in Pyjamas,Metizport,,,team2,Svenska Cupen 2024,0
hltv_match_2377416,2024-11-09 11:00:00+00:00,ALLINNERS,AK BARS,,,team1,Nitro Fresh Contest Pro League Season 4,0
hltv_match_2376903,2024-11-09 12:00:00+00:00,Zero Tenacity,GUN5,,,team1,A1 Gaming League Season 9,0
hltv_match_2377317,2024-11-09 14:40:00+00:00,Fluxo,ODDIK,,,team1,CCT Season 2 South America Series 4,0
hltv_match_2377371,2024-11-09 17:30:00+00:00,RED Canids Academy,MIBR Academy,,,team2,Liga Gamers Club 2024 Serie A October Cup,0
hltv_match_2377318,2024-11-09 18:25:00+00:00,Sharks,Fluxo,,,team2,CCT Season 2 South America Series 4,0
hltv_match_2377347,2024-11-10 04:00:00+00:00,GUN5,9INE,,,team1,YaLLa Compass Fall 2024,0
hltv_match_2377361,2024-11-10 07:35:00+00:00,L&G,CPH Wolves,,,team1,United21 League Season 22,0
hltv_match_2377349,2024-11-10 10:00:00+00:00,SINNERS,ECLOT,,,team2,YaLLa Compass Fall 2024,0
hltv_match_2376904,2024-11-10 11:00:00+00:00,Monte,FAVBET,,,team1,A1 Gaming League Season 9,0
hltv_match_2377350,2024-11-10 13:05:00+00:00,Gaimin Gladiators,Zero Tenacity,,,team2,YaLLa Compass Fall 2024,0
hltv_match_2376905,2024-11-10 13:30:00+00:00,OG,Johnny Speeds,,,team2,A1 Gaming League Season 9,0
hltv_match_2377372,2024-11-10 17:00:00+00:00,Yawara,MIBR Academy,,,team1,Liga Gamers Club 2024 Serie A October Cup,0
hltv_match_2376926,2024-11-11 03:00:00+00:00,The MongolZ,Alter Ego,,,team1,Perfect World Shanghai Major 2024 Asia RMR,0
hltv_match_2377351,2024-11-11 04:00:00+00:00,BIG,GUN5,,,team2,YaLLa Compass Fall 2024,0
hltv_match_2377352,2024-11-11 07:30:00+00:00,ENCE,500,,,team2,YaLLa Compass Fall 2024,0
hltv_match_2377378,2024-11-11 10:00:00+00:00,Aurora Young Blud,BC.Game,,,team1,CCT Season 2 Europe Series 15 Closed Qualifier,0
hltv_match_2377353,2024-11-11 10:15:00+00:00,BetBoom,ECLOT,,,team1,YaLLa Compass Fall 2024,0
hltv_match_2377354,2024-11-11 13:45:00+00:00,Ninjas in Pyjamas,Zero Tenacity,,,team1,YaLLa Compass Fall 2024,0
hltv_match_2376967,2024-11-11 21:00:00+00:00,Alter Ego,Lynn Vision,,,team2,Perfect World Shanghai Major 2024 Asia RMR,0
hltv_match_2376931,2024-11-11 23:05:00+00:00,Liquid,Wildcard,,,team2,Perfect World Shanghai Major 2024 Americas RMR,0
hltv_match_2376930,2024-11-11 23:10:00+00:00,FURIA,Legacy,,,team2,Perfect World Shanghai Major 2024 Americas RMR,0
hltv_match_2376935,2024-11-12 01:30:00+00:00,M80,BOSS,,,team2,Perfect World Shanghai Major 2024 Americas RMR,0
hltv_match_2376934,2024-11-12 01:50:00+00:00,9z,RED Canids,,,team1,Perfect World Shanghai Major 2024 Americas RMR,0
hltv_match_2376936,2024-11-12 02:55:00+00:00,MIBR,KRÜ,,,team1,Perfect World Shanghai Major 2024 Americas RMR,0
hltv_match_2377355,2024-11-12 04:00:00+00:00,GUN5,500,,,team2,YaLLa Compass Fall 2024,0
hltv_match_2376974,2024-11-12 04:30:00+00:00,Legacy,9z,,,team2,Perfect World Shanghai Major 2024 Americas RMR,0
hltv_match_2376976,2024-11-12 05:30:00+00:00,Wildcard,paiN,,,team1,Perfect World Shanghai Major 2024 Americas RMR,0
hltv_match_2376979,2024-11-12 06:55:00+00:00,M80,RED Canids,,,team1,Perfect World Shanghai Major 2024 Americas RMR,0
hltv_match_2377380,2024-11-12 07:00:00+00:00,BC.Game,WW,,,team1,CCT Season 2 Europe Series 15 Closed Qualifier,0
hltv_match_2377356,2024-11-12 07:10:00+00:00,BetBoom,Ninjas in Pyjamas,,,team1,YaLLa Compass Fall 2024,0
hltv_match_2376980,2024-11-12 07:50:00+00:00,Imperial,MIBR,,,team2,Perfect World Shanghai Major 2024 Americas RMR,0
hltv_match_2376981,2024-11-12 08:20:00+00:00,Liquid,KRÜ,,,team1,Perfect World Shanghai Major 2024 Americas RMR,0
hltv_match_2377357,2024-11-12 10:25:00+00:00,500,BetBoom,,,team2,YaLLa Compass Fall 2024,0
hltv_match_2376983,2024-11-12 23:00:00+00:00,Legacy,M80,,,team2,Perfect World Shanghai Major 2024 Americas RMR,0
hltv_match_2376982,2024-11-12 23:00:00+00:00,FURIA,BOSS,,,team1,Perfect World Shanghai Major 2024 Americas RMR,0
hltv_match_2376984,2024-11-13 00:00:00+00:00,Liquid,BESTIA,,,team1,Perfect World Shanghai Major 2024 Americas RMR,0
hltv_match_2376985,2024-11-13 00:00:00+00:00,paiN,Imperial,,,team1,Perfect World Shanghai Major 2024 Americas RMR,0
hltv_match_2376986,2024-11-13 01:00:00+00:00,Wildcard,9z,,,team1,Perfect World Shanghai Major 2024 Americas RMR,0
hltv_match_2377383,2024-11-13 04:00:00+00:00,HOTU,WOPA,,,team2,CCT Season 2 Europe Series 15 Closed Qualifier,0
hltv_match_2376971,2024-11-13 06:00:00+00:00,FlyQuest,Lynn Vision,,,team1,Perfect World Shanghai Major 2024 Asia RMR,0
hltv_match_2377449,2024-11-13 08:00:00+00:00,Mindfreak,Metizport,,,team2,IESF World Championship 2024,0
hltv_match_2377388,2024-11-13 10:00:00+00:00,Alliance,GenOne,,,team2,CCT Season 2 Europe Series 15 Closed Qualifier,0
hltv_match_2376990,2024-11-13 23:00:00+00:00,9z,paiN,,,team2,Perfect World Shanghai Major 2024 Americas RMR,0
hltv_match_2376991,2024-11-13 23:00:00+00:00,BOSS,BESTIA,,,team2,Perfect World Shanghai Major 2024 Americas RMR,0
hltv_match_2376993,2024-11-14 02:00:00+00:00,Imperial,KRÜ,,,team1,Perfect World Shanghai Major 2024 Americas RMR,0
hltv_match_2376995,2024-11-14 05:00:00+00:00,Legacy,RED Canids,,,team2,Perfect World Shanghai Major 2024 Americas RMR,0
hltv_match_2376994,2024-11-14 05:00:00+00:00,Liquid,FURIA,,,team1,Perfect World Shanghai Major 2024 Americas RMR,0
hltv_match_2377472,2024-11-14 12:00:00+00:00,kONO,Nexus,,,team2,IESF World Championship 2024,0
hltv_match_2377391,2024-11-14 13:00:00+00:00,GenOne,Fire Flux,,,team2,CCT Season 2 Europe Series 15 Closed Qualifier,0
hltv_match_2376996,2024-11-14 21:00:00+00:00,BESTIA,M80,,,team2,Perfect World Shanghai Major 2024 Americas RMR,0
hltv_match_2376997,2024-11-15 00:55:00+00:00,Imperial,RED Canids,,,team1,Perfect World Shanghai Major 2024 Americas RMR,0
hltv_match_2376998,2024-11-15 03:50:00+00:00,9z,FURIA,,,team2,Perfect World Shanghai Major 2024 Americas RMR,0
hltv_match_2377387,2024-11-15 04:00:00+00:00,WOPA,HOTU,,,team2,CCT Season 2 Europe Series 15 Closed Qualifier,0
hltv_match_2377484,2024-11-15 06:00:00+00:00,The Huns,Kitsune,,,team1,IESF World Championship 2024,0
hltv_match_2377413,2024-11-15 06:30:00+00:00,L&G,GenOne,,,team1,United21 League Season 22,0
hltv_match_2376999,2024-11-15 07:00:00+00:00,M80,FURIA,,,team2,Perfect World Shanghai Major 2024 Americas RMR,0
hltv_match_2377392,2024-11-15 13:00:00+00:00,Alliance,GenOne,,,team2,CCT Season 2 Europe Series 15 Closed Qualifier,0
hltv_match_2377393,2024-11-16 04:00:00+00:00,Aurora Young Blud,HOTU,,,team1,CCT Season 2 Europe Series 15 Closed Qualifier,0
hltv_match_2377503,2024-11-16 08:00:00+00:00,Metizport,The Huns,,,team1,IESF World Championship 2024,0
hltv_match_2377538,2024-11-16 13:00:00+00:00,DUSTY,Þór,,,team1,Icelandic Esports League Season 9 Finals,0
hltv_match_2376938,2024-11-16 23:00:00+00:00,Natus Vincere,fnatic,,,team1,Perfect World Shanghai Major 2024 Europe RMR A,0
hltv_match_2376939,2024-11-16 23:00:00+00:00,Vitality,GamerLegion,,,team1,Perfect World Shanghai Major 2024 Europe RMR A,0
hltv_match_2376940,2024-11-17 00:10:00+00:00,MOUZ,Nemiga,,,team1,Perfect World Shanghai Major 2024 Europe RMR A,0
hltv_match_2376942,2024-11-17 01:10:00+00:00,SAW,SINNERS,,,team2,Perfect World Shanghai Major 2024 Europe RMR A,0
hltv_match_2376943,2024-11-17 01:25:00+00:00,Falcons,ECLOT,,,team1,Perfect World Shanghai Major 2024 Europe RMR A,0
hltv_match_2376944,2024-11-17 02:15:00+00:00,Sangal,Rebels,,,team1,Perfect World Shanghai Major 2024 Europe RMR A,0
hltv_match_2376945,2024-11-17 02:50:00+00:00,BetBoom,UNiTY,,,team1,Perfect World Shanghai Major 2024 Europe RMR A,0
hltv_match_2377513,2024-11-17 04:00:00+00:00,Metizport,Nexus,,,team2,IESF World Championship 2024,0
hltv_match_2377000,2024-11-17 04:30:00+00:00,Natus Vincere,SINNERS,,,team1,Perfect World Shanghai Major 2024 Europe RMR A,0
hltv_match_2377001,2024-11-17 04:30:00+00:00,GamerLegion,ECLOT,,,team2,Perfect World Shanghai Major 2024 Europe RMR A,0
hltv_match_2377002,2024-11-17 05:30:00+00:00,Vitality,BetBoom,,,team1,Perfect World Shanghai Major 2024 Europe RMR A,0
hltv_match_2377003,2024-11-17 05:40:00+00:00,fnatic,Rebels,,,team1,Perfect World Shanghai Major 2024 Europe RMR A,0
hltv_match_2377004,2024-11-17 06:30:00+00:00,MOUZ,Sangal,,,team1,Perfect World Shanghai Major 2024 Europe RMR A,0
hltv_match_2377006,2024-11-17 07:30:00+00:00,FaZe,Falcons,,,team1,Perfect World Shanghai Major 2024 Europe RMR A,0
hltv_match_2377007,2024-11-17 07:35:00+00:00,SAW,UNiTY,,,team1,Perfect World Shanghai Major 2024 Europe RMR A,0
hltv_match_2377543,2024-11-17 18:00:00+00:00,Shimmer,Lotus fe,,,team1,ESL Impact Autumn 2024 Cash Cup 4 North America,0
hltv_match_2377009,2024-11-17 23:00:00+00:00,SINNERS,ECLOT,,,team1,Perfect World Shanghai Major 2024 Europe RMR A,0
hltv_match_2377010,2024-11-18 00:00:00+00:00,Falcons,SAW,,,team2,Perfect World Shanghai Major 2024 Europe RMR A,0
hltv_match_2377011,2024-11-18 00:00:00+00:00,fnatic,BetBoom,,,team1,Perfect World Shanghai Major 2024 Europe RMR A,0
hltv_match_2377012,2024-11-18 01:00:00+00:00,Natus Vincere,MOUZ,,,team2,Perfect World Shanghai Major 2024 Europe RMR A,0
hltv_match_2377013,2024-11-18 01:00:00+00:00,Nemiga,Rebels,,,team1,Perfect World Shanghai Major 2024 Europe RMR A,0
hltv_match_2377014,2024-11-18 04:10:00+00:00,FaZe,Vitality,,,team2,Perfect World Shanghai Major 2024 Europe RMR A,0
hltv_match_2377015,2024-11-18 05:45:00+00:00,GamerLegion,UNiTY,,,team1,Perfect World Shanghai Major 2024 Europe RMR A,0
hltv_match_2377545,2024-11-18 12:30:00+00:00,Players,paiN Academy,,,team1,CCT Season 2 South America Series 5,0
hltv_match_2377017,2024-11-18 21:00:00+00:00,Sangal,ECLOT,,,team2,Perfect World Shanghai Major 2024 Europe RMR A,0
hltv_match_2377019,2024-11-19 00:00:00+00:00,BetBoom,Nemiga,,,team1,Perfect World Shanghai Major 2024 Europe RMR A,0
hltv_match_2377018,2024-11-19 00:15:00+00:00,Natus Vincere,SAW,,,team1,Perfect World Shanghai Major 2024 Europe RMR A,0
hltv_match_2377020,2024-11-19 03:00:00+00:00,FaZe,fnatic,,,team1,Perfect World Shanghai Major 2024 Europe RMR A,0
hltv_match_2377021,2024-11-19 03:00:00+00:00,Falcons,GamerLegion,,,team2,Perfect World Shanghai Major 2024 Europe RMR A,0
hltv_match_2377549,2024-11-19 12:30:00+00:00,MIBR Academy,BESTIA Academy,,,team1,CCT Season 2 South America Series 5,0
hltv_match_2377022,2024-11-19 21:00:00+00:00,SAW,BetBoom,,,team2,Perfect World Shanghai Major 2024 Europe RMR A,0
hltv_match_2377023,2024-11-20 00:00:00+00:00,fnatic,ECLOT,,,team1,Perfect World Shanghai Major 2024 Europe RMR A,0
hltv_match_2377562,2024-11-20 01:30:00+00:00,Chinggis Warriors,ATOX,,,team2,1xBet MESA Asia Series 2,0
hltv_match_2377563,2024-11-20 02:30:00+00:00,IHC,ATOX,,,team2,1xBet MESA Asia Series 2,0
hltv_match_2377024,2024-11-20 03:45:00+00:00,SINNERS,GamerLegion,,,team2,Perfect World Shanghai Major 2024 Europe RMR A,0
hltv_match_2377026,2024-11-20 08:25:00+00:00,BetBoom,GamerLegion,,,team2,Perfect World Shanghai Major 2024 Europe RMR A,0
hltv_match_2377554,2024-11-20 15:35:00+00:00,9z Academy,BESTIA Academy,,,team1,CCT Season 2 South America Series 5,0
hltv_match_2376947,2024-11-20 23:00:00+00:00,Spirit,B8,,,team1,Perfect World Shanghai Major 2024 Europe RMR B,0
hltv_match_2376946,2024-11-20 23:30:00+00:00,G2,Ninjas in Pyjamas,,,team1,Perfect World Shanghai Major 2024 Europe RMR B,0
hltv_match_2376949,2024-11-21 00:00:00+00:00,Virtus.pro,Passion UA,,,team2,Perfect World Shanghai Major 2024 Europe RMR B,0
hltv_match_2376948,2024-11-21 00:25:00+00:00,Eternal Fire,Aurora,,,team1,Perfect World Shanghai Major 2024 Europe RMR B,0
hltv_match_2376950,2024-11-21 01:25:00+00:00,HEROIC,PARIVISION,,,team1,Perfect World Shanghai Major 2024 Europe RMR B,0
hltv_match_2377566,2024-11-21 01:30:00+00:00,The Huns,Just Swing,,,team2,1xBet MESA Asia Series 2,0
hltv_match_2376952,2024-11-21 02:30:00+00:00,BIG,Sashi,,,team1,Perfect World Shanghai Major 2024 Europe RMR B,0
hltv_match_2377028,2024-11-21 04:45:00+00:00,Ninjas in Pyjamas,PARIVISION,,,team1,Perfect World Shanghai Major 2024 Europe RMR B,0
hltv_match_2377027,2024-11-21 04:45:00+00:00,Spirit,Passion UA,,,team2,Perfect World Shanghai Major 2024 Europe RMR B,0
hltv_match_2377030,2024-11-21 06:10:00+00:00,B8,Aurora,,,team2,Perfect World Shanghai Major 2024 Europe RMR B,0
hltv_match_2377031,2024-11-21 07:10:00+00:00,Eternal Fire,3DMAX,,,team2,Perfect World Shanghai Major 2024 Europe RMR B,0
hltv_match_2377032,2024-11-21 07:10:00+00:00,Astralis,Sashi,,,team2,Perfect World Shanghai Major 2024 Europe RMR B,0
hltv_match_2377033,2024-11-21 08:50:00+00:00,HEROIC,BIG,,,team2,Perfect World Shanghai Major 2024 Europe RMR B,0
hltv_match_2377258,2024-11-21 09:00:00+00:00,Alliance,Johnny Speeds,,,team2,Svenska Elitserien Fall 2024 Finals,0
hltv_match_2377556,2024-11-21 09:30:00+00:00,GameHunters,2070,,,team1,CCT Season 2 South America Series 5,0
hltv_match_2377559,2024-11-21 18:40:00+00:00,MIBR Academy,Yawara,,,team1,CCT Season 2 South America Series 5,0
hltv_match_2377035,2024-11-21 23:00:00+00:00,Spirit,Aurora,,,team1,Perfect World Shanghai Major 2024 Europe RMR B,0
hltv_match_2377037,2024-11-22 00:00:00+00:00,HEROIC,Ninjas in Pyjamas,,,team1,Perfect World Shanghai Major 2024 Europe RMR B,0
hltv_match_2377038,2024-11-22 00:00:00+00:00,Eternal Fire,Sashi,,,team2,Perfect World Shanghai Major 2024 Europe RMR B,0
hltv_match_2377039,2024-11-22 01:00:00+00:00,Passion UA,BIG,,,team2,Perfect World Shanghai Major 2024 Europe RMR B,0
hltv_match_2377041,2024-11-22 04:10:00+00:00,G2,3DMAX,,,team2,Perfect World Shanghai Major 2024 Europe RMR B,0
hltv_match_2377610,2024-11-22 04:15:00+00:00,Gaimin Gladiators,Betclic,,,team2,European Pro League 2nd Division Season 17,0
hltv_match_2377042,2024-11-22 04:20:00+00:00,Astralis,B8,,,team1,Perfect World Shanghai Major 2024 Europe RMR B,0
hltv_match_2377570,2024-11-22 04:30:00+00:00,IHC,The Huns,,,team1,1xBet MESA Asia Series 2,0
hltv_match_2377541,2024-11-22 07:00:00+00:00,NIP Impact,BIG EQUIPA,,,team2,ESL Impact League Season 6 Finals,0
hltv_match_2377575,2024-11-22 12:10:00+00:00,BIG EQUIPA,FURIA fe,,,team2,ESL Impact League Season 6 Finals,0
hltv_match_2377625,2024-11-22 20:55:00+00:00,Fluxo,Sharks,,,team1,Desafio Brasileiro de Esports 2024 Finals,0
hltv_match_2377043,2024-11-22 23:00:00+00:00,Sashi,Virtus.pro,,,team2,Perfect World Shanghai Major 2024 Europe RMR B,0
hltv_match_2377045,2024-11-23 02:00:00+00:00,Passion UA,HEROIC,,,team2,Perfect World Shanghai Major 2024 Europe RMR B,0
hltv_match_2377572,2024-11-23 02:40:00+00:00,Just Swing,IHC,,,team1,1xBet MESA Asia Series 2,0
hltv_match_2377048,2024-11-23 05:00:00+00:00,Eternal Fire,Astralis,,,team2,Perfect World Shanghai Major 2024 Europe RMR B,0
hltv_match_2377573,2024-11-23 05:00:00+00:00,ATOX,Just Swing,,,team1,1xBet MESA Asia Series 2,0
hltv_match_2377047,2024-11-23 05:00:00+00:00,G2,Spirit,,,team1,Perfect World Shanghai Major 2024 Europe RMR B,0
hltv_match_2377613,2024-11-23 06:30:00+00:00,BC.Game,GenOne,,,team1,European Pro League 2nd Division Season 17,0
hltv_match_2377578,2024-11-23 08:15:00+00:00,BIG EQUIPA,NIP Impact,,,team1,ESL Impact League Season 6 Finals,0
hltv_match_2377587,2024-11-23 09:30:00+00:00,Players,2070,,,team1,CCT Season 2 South America Series 5,0
hltv_match_2377335,2024-11-23 09:50:00+00:00,ECLOT,BRUTE,,,team1,Tipsport MČR 2024,0
hltv_match_2376907,2024-11-23 11:30:00+00:00,ENCE,Zero Tenacity,,,team1,A1 Gaming League Season 9,0
hltv_match_2377262,2024-11-23 11:45:00+00:00,Johnny Speeds,Alliance,,,team1,Svenska Elitserien Fall 2024 Finals,0
hltv_match_2377588,2024-11-23 12:30:00+00:00,9z Academy,Yawara,,,team2,CCT Season 2 South America Series 5,0
hltv_match_2377050,2024-11-24 00:10:00+00:00,Astralis,Passion UA,,,team2,Perfect World Shanghai Major 2024 Europe RMR B,0
hltv_match_2377051,2024-11-24 03:00:00+00:00,Spirit,Sashi,,,team1,Perfect World Shanghai Major 2024 Europe RMR B,0
hltv_match_2377580,2024-11-24 04:00:00+00:00,Imperial Valkyries,BIG EQUIPA,,,team1,ESL Impact League Season 6 Finals,0
hltv_match_2377053,2024-11-24 07:00:00+00:00,Ninjas in Pyjamas,Spirit,,,team2,Perfect World Shanghai Major 2024 Europe RMR B,0
hltv_match_2377337,2024-11-24 07:40:00+00:00,UNiTY,ECLOT,,,team2,Tipsport MČR 2024,0
hltv_match_2376908,2024-11-24 09:00:00+00:00,Monte,ENCE,,,team2,A1 Gaming League Season 9,0
hltv_match_2377582,2024-11-24 10:30:00+00:00,Imperial Valkyries,FURIA fe,,,team1,ESL Impact League Season 6 Finals,0
hltv_match_2377602,2024-11-24 14:30:00+00:00,9z Academy,paiN Academy,,,team2,CCT Season 2 South America Series 5,0
hltv_match_2377617,2024-11-25 04:00:00+00:00,L&G,BC.Game,,,team2,European Pro League 2nd Division Season 17,0
hltv_match_2377616,2024-11-25 07:15:00+00:00,Betclic,Aurora Young Blud,,,team2,European Pro League 2nd Division Season 17,0
hltv_match_2377604,2024-11-25 11:30:00+00:00,ShindeN,2070,,,team2,CCT Season 2 South America Series 5,0
hltv_match_2377628,2024-11-25 12:00:00+00:00,9INE,Insilio,,,team2,Chicken.GG Cup 2024,0
hltv_match_2377643,2024-11-25 12:05:00+00:00,Gaimin Gladiators,Fire Flux,,,team1,Galaxy Battle 4,0
hltv_match_2377605,2024-11-25 14:30:00+00:00,Players,Yawara,,,team1,CCT Season 2 South America Series 5,0
hltv_match_2377618,2024-11-26 04:00:00+00:00,Gaimin Gladiators,L&G,,,team1,European Pro League 2nd Division Season 17,0
hltv_match_2377630,2024-11-26 11:00:00+00:00,WOPA,9INE,,,team1,Chicken.GG Cup 2024,0
hltv_match_2377740,2024-11-26 12:00:00+00:00,1win,Arrow,,,team1,ESEA Advanced Season 51 Europe,0
hltv_match_2377631,2024-11-26 14:30:00+00:00,Insilio,WOPA,,,team2,Chicken.GG Cup 2024,0
hltv_match_2377739,2024-11-26 14:30:00+00:00,UNiTY,Nexus,,,team2,ESEA Advanced Season 51 Europe,0
hltv_match_2377609,2024-11-26 17:30:00+00:00,Yawara,paiN Academy,,,team1,CCT Season 2 South America Series 5,0
hltv_match_2377620,2024-11-27 04:00:00+00:00,Gaimin Gladiators,Betclic,,,team1,European Pro League 2nd Division Season 17,0
hltv_match_2377621,2024-11-27 06:55:00+00:00,BC.Game,Aurora Young Blud,,,team1,European Pro League 2nd Division Season 17,0
hltv_match_2377742,2024-11-27 11:00:00+00:00,Partizan,Lazer Cats,,,team1,ESEA Advanced Season 51 Europe,0
hltv_match_2377632,2024-11-27 11:00:00+00:00,GUN5,Betclic,,,team2,Chicken.GG Cup 2024,0
hltv_match_2377634,2024-11-27 13:15:00+00:00,Betclic,Gaimin Gladiators,,,team1,Chicken.GG Cup 2024,0
hltv_match_2377651,2024-11-27 19:05:00+00:00,Fluxo,Yawara,,,team1,CCT Season 2 South America Series 5,0
hltv_match_2377622,2024-11-28 04:00:00+00:00,Aurora Young Blud,Gaimin Gladiators,,,team2,European Pro League 2nd Division Season 17,0
hltv_match_2377748,2024-11-28 09:00:00+00:00,CPH Wolves,1win,,,team1,ESEA Advanced Season 51 Europe,0
hltv_match_2377652,2024-11-28 09:30:00+00:00,Dusty Roots,GameHunters,,,team1,CCT Season 2 South America Series 5,0
hltv_match_2377747,2024-11-28 12:00:00+00:00,FAVBET,Nexus,,,team1,ESEA Advanced Season 51 Europe,0
hltv_match_2377745,2024-11-28 12:30:00+00:00,500,BC.Game,,,team1,ESEA Advanced Season 51 Europe,0
hltv_match_2377653,2024-11-28 12:30:00+00:00,Sharks,2070,,,team1,CCT Season 2 South America Series 5,0
hltv_match_2377636,2024-11-28 13:10:00+00:00,Gaimin Gladiators,GUN5,,,team1,Chicken.GG Cup 2024,0
hltv_match_2377623,2024-11-29 04:00:00+00:00,BC.Game,Gaimin Gladiators,,,team1,European Pro League 2nd Division Season 17,0
hltv_match_2377756,2024-11-29 06:45:00+00:00,kONO,BC.Game,,,team2,United21 League Season 23,0
hltv_match_2377750,2024-11-29 11:00:00+00:00,CYBERSHOKE,Partizan,,,team1,ESEA Advanced Season 51 Europe,0
hltv_match_2377778,2024-11-29 13:35:00+00:00,Imperial Valkyries,MIBR fe,,,team1,FERJEE Rainhas do Clutch 2024 Finals,0
hltv_match_2377638,2024-11-29 14:30:00+00:00,WOPA,Betclic,,,team2,Chicken.GG Cup 2024,0
hltv_match_2377659,2024-11-29 18:45:00+00:00,ODDIK,Players,,,team1,CCT Season 2 South America Series 5,0
hltv_match_2377664,2024-11-29 22:25:00+00:00,Virtus.pro,MIBR,,,team2,Perfect World Shanghai Major 2024 Opening Stage,0
hltv_match_2377663,2024-11-29 22:25:00+00:00,FURIA,GamerLegion,,,team2,Perfect World Shanghai Major 2024 Opening Stage,0
hltv_match_2377667,2024-11-30 00:25:00+00:00,BIG,Passion UA,,,team1,Perfect World Shanghai Major 2024 Opening Stage,0
hltv_match_2377668,2024-11-30 00:55:00+00:00,fnatic,Wildcard,,,team2,Perfect World Shanghai Major 2024 Opening Stage,0
hltv_match_2377669,2024-11-30 01:30:00+00:00,The MongolZ,Rare Atom,,,team1,Perfect World Shanghai Major 2024 Opening Stage,0
hltv_match_2377670,2024-11-30 02:05:00+00:00,paiN,Imperial,,,team1,Perfect World Shanghai Major 2024 Opening Stage,0
hltv_match_2377672,2024-11-30 03:55:00+00:00,BIG,FlyQuest,,,team2,Perfect World Shanghai Major 2024 Opening Stage,0
hltv_match_2377784,2024-11-30 04:10:00+00:00,GUN5,BC.Game,,,team1,European Pro League Season 21,0
hltv_match_2377674,2024-11-30 04:50:00+00:00,The MongolZ,MIBR,,,team1,Perfect World Shanghai Major 2024 Opening Stage,0
hltv_match_2377676,2024-11-30 05:50:00+00:00,Virtus.pro,Rare Atom,,,team1,Perfect World Shanghai Major 2024 Opening Stage,0
hltv_match_2377675,2024-11-30 05:55:00+00:00,Liquid,Wildcard,,,team1,Perfect World Shanghai Major 2024 Opening Stage,0
hltv_match_2377785,2024-11-30 06:30:00+00:00,Aurora Young Blud,GenOne,,,team1,European Pro League Season 21,0
hltv_match_2377758,2024-11-30 06:30:00+00:00,Betclic,kONO,,,team1,United21 League Season 23,0
hltv_match_2377678,2024-11-30 06:50:00+00:00,Imperial,FURIA,,,team2,Perfect World Shanghai Major 2024 Opening Stage,0
hltv_match_2377677,2024-11-30 07:00:00+00:00,paiN,GamerLegion,,,team2,Perfect World Shanghai Major 2024 Opening Stage,0
hltv_match_2377773,2024-11-30 07:00:00+00:00,Nexus,Lazer Cats,,,team1,ESEA Advanced Season 51 Europe,0
hltv_match_2377768,2024-11-30 07:00:00+00:00,FAVBET,CPH Wolves,,,team2,ESEA Advanced Season 51 Europe,0
hltv_match_2377771,2024-11-30 11:00:00+00:00,1win,GenOne,,,team2,ESEA Advanced Season 51 Europe,0
hltv_match_2377793,2024-11-30 11:30:00+00:00,Partizan,UNiTY,,,team1,ESEA Advanced Season 51 Europe,0
hltv_match_2377769,2024-11-30 12:00:00+00:00,Fire Flux,CYBERSHOKE,,,team2,ESEA Advanced Season 51 Europe,0
hltv_match_2377639,2024-11-30 12:00:00+00:00,Gaimin Gladiators,Betclic,,,team1,Chicken.GG Cup 2024,0
hltv_match_2377777,2024-11-30 14:00:00+00:00,RED Canids Academy,Players,,,team1,Liga Gamers Club 2024 Serie A November Cup,0
hltv_match_2377661,2024-11-30 14:30:00+00:00,Sharks,ODDIK,,,team2,CCT Season 2 South America Series 5,0
hltv_match_2377770,2024-11-30 14:30:00+00:00,L&G,Nuclear TigeRES,,,team1,ESEA Advanced Season 51 Europe,0
hltv_match_2377781,2024-11-30 16:40:00+00:00,Imperial Valkyries,FURIA fe,,,team1,FERJEE Rainhas do Clutch 2024 Finals,0
hltv_match_2377662,2024-11-30 17:45:00+00:00,Fluxo,ODDIK,,,team1,CCT Season 2 South America Series 5,0
hltv_match_2377680,2024-11-30 22:00:00+00:00,MIBR,Passion UA,,,team2,Perfect World Shanghai Major 2024 Opening Stage,0
hltv_match_2377679,2024-11-30 22:00:00+00:00,BIG,Virtus.pro,,,team1,Perfect World Shanghai Major 2024 Opening Stage,0
hltv_match_2377681,2024-11-30 23:00:00+00:00,FURIA,Wildcard,,,team1,Perfect World Shanghai Major 2024 Opening Stage,0
hltv_match_2377684,2024-12-01 00:10:00+00:00,Liquid,FlyQuest,,,team1,Perfect World Shanghai Major 2024 Opening Stage,0
hltv_match_2377683,2024-12-01 00:30:00+00:00,Rare Atom,fnatic,,,team1,Perfect World Shanghai Major 2024 Opening Stage,0
hltv_match_2377685,2024-12-01 03:40:00+00:00,The MongolZ,GamerLegion,,,team1,Perfect World Shanghai Major 2024 Opening Stage,0
hltv_match_2377767,2024-12-01 10:00:00+00:00,500,Spirit Academy,,,team2,ESEA Advanced Season 51 Europe,0
hltv_match_2377774,2024-12-01 10:30:00+00:00,BC.Game,kONO,,,team1,ESEA Advanced Season 51 Europe,0
hltv_match_2377783,2024-12-01 16:30:00+00:00,Imperial Valkyries,FURIA fe,,,team2,FERJEE Rainhas do Clutch 2024 Finals,0
hltv_match_2377807,2024-12-01 17:15:00+00:00,Shimmer,Lotus fe,,,team1,ESL Impact Autumn 2024 Cash Cup 5 North America,0
hltv_match_2377688,2024-12-01 22:00:00+00:00,BIG,FURIA,,,team2,Perfect World Shanghai Major 2024 Opening Stage,0
hltv_match_2377687,2024-12-01 22:00:00+00:00,Rare Atom,MIBR,,,team2,Perfect World Shanghai Major 2024 Opening Stage,0
hltv_match_2377689,2024-12-02 01:10:00+00:00,FlyQuest,paiN,,,team2,Perfect World Shanghai Major 2024 Opening Stage,0
hltv_match_2377691,2024-12-02 04:00:00+00:00,GamerLegion,Passion UA,,,team1,Perfect World Shanghai Major 2024 Opening Stage,0
hltv_match_2377692,2024-12-02 04:15:00+00:00,Wildcard,Virtus.pro,,,team1,Perfect World Shanghai Major 2024 Opening Stage,0
hltv_match_2377822,2024-12-02 05:30:00+00:00,FORZE Reload,BC.Game,,,team1,Exort Series 5,0
hltv_match_2377806,2024-12-02 12:00:00+00:00,CYBERSHOKE,L&G,,,team2,ESEA Advanced Season 51 Europe,0
hltv_match_2377820,2024-12-02 12:00:00+00:00,Spirit Academy,CPH Wolves,,,team2,ESEA Advanced Season 51 Europe,0
hltv_match_2377834,2024-12-02 14:50:00+00:00,Partizan,Arrow,,,team1,ESEA Advanced Season 51 Europe,0
hltv_match_2377694,2024-12-03 01:05:00+00:00,MIBR,FlyQuest,,,team1,Perfect World Shanghai Major 2024 Opening Stage,0
hltv_match_2377763,2024-12-03 04:00:00+00:00,GenOne,BC.Game,,,team1,United21 League Season 23,0
hltv_match_2377790,2024-12-03 04:00:00+00:00,Sashi,9INE,,,team1,European Pro League Season 21,0
hltv_match_2377695,2024-12-03 04:00:00+00:00,Wildcard,Passion UA,,,team1,Perfect World Shanghai Major 2024 Opening Stage,0
hltv_match_2377791,2024-12-03 06:30:00+00:00,Alliance,EYEBALLERS,,,team1,European Pro League Season 21,0
hltv_match_2377398,2024-12-03 07:00:00+00:00,Spirit Academy,Insilio,,,team1,CCT Season 2 Europe Series 15,0
hltv_match_2377399,2024-12-03 10:00:00+00:00,ECSTATIC,CYBERSHOKE,,,team1,CCT Season 2 Europe Series 15,0
hltv_match_2377838,2024-12-03 13:30:00+00:00,500,Partizan,,,team1,ESEA Advanced Season 51 Europe,0
hltv_match_2377833,2024-12-03 14:30:00+00:00,Nuclear TigeRES,GenOne,,,team2,ESEA Advanced Season 51 Europe,0
hltv_match_2377846,2024-12-04 00:45:00+00:00,ATOX,IHC,,,team2,1xBet MESA Asia Series 3,0
hltv_match_2377847,2024-12-04 02:00:00+00:00,Just Swing,NomadS,,,team1,1xBet MESA Asia Series 3,0
hltv_match_2377848,2024-12-04 03:25:00+00:00,IHC,Just Swing,,,team1,1xBet MESA Asia Series 3,0
hltv_match_2377808,2024-12-04 04:00:00+00:00,GenOne,BC.Game,,,team1,European Pro League Season 21,0
hltv_match_2377401,2024-12-04 04:00:00+00:00,9INE,Aurora Young Blud,,,team1,CCT Season 2 Europe Series 15,0
hltv_match_2377849,2024-12-04 04:25:00+00:00,ATOX,NomadS,,,team1,1xBet MESA Asia Series 3,0
hltv_match_2377857,2024-12-04 05:30:00+00:00,Just Swing,ATOX,,,team2,1xBet MESA Asia Series 3,0
hltv_match_2377809,2024-12-04 08:00:00+00:00,GUN5,Aurora Young Blud,,,team1,European Pro League Season 21,0
hltv_match_2377835,2024-12-04 10:00:00+00:00,CPH Wolves,L&G,,,team2,ESEA Advanced Season 51 Europe,0
hltv_match_2377873,2024-12-04 14:30:00+00:00,GenOne,Fire Flux,,,team2,ESEA Advanced Season 51 Europe,0
hltv_match_2377697,2024-12-04 22:00:00+00:00,Natus Vincere,Liquid,,,team1,Perfect World Shanghai Major 2024,0
hltv_match_2377696,2024-12-04 22:00:00+00:00,G2,The MongolZ,,,team2,Perfect World Shanghai Major 2024,0
hltv_match_2377699,2024-12-04 23:05:00+00:00,Spirit,FURIA,,,team2,Perfect World Shanghai Major 2024,0
hltv_match_2377698,2024-12-04 23:10:00+00:00,Vitality,GamerLegion,,,team1,Perfect World Shanghai Major 2024,0
hltv_match_2377700,2024-12-05 00:05:00+00:00,MOUZ,paiN,,,team1,Perfect World Shanghai Major 2024,0
hltv_match_2377701,2024-12-05 00:10:00+00:00,FaZe,Wildcard,,,team1,Perfect World Shanghai Major 2024,0
hltv_match_2377702,2024-12-05 01:00:00+00:00,HEROIC,BIG,,,team1,Perfect World Shanghai Major 2024,0
hltv_match_2377703,2024-12-05 01:10:00+00:00,3DMAX,MIBR,,,team2,Perfect World Shanghai Major 2024,0
hltv_match_2377705,2024-12-05 03:15:00+00:00,Vitality,FURIA,,,team1,Perfect World Shanghai Major 2024,0
hltv_match_2377704,2024-12-05 03:25:00+00:00,Liquid,GamerLegion,,,team1,Perfect World Shanghai Major 2024,0
hltv_match_2377794,2024-12-05 04:00:00+00:00,FAVBET,CYBERSHOKE,,,team1,CCT Season 2 Europe Series 15,0
hltv_match_2377766,2024-12-05 04:15:00+00:00,GenOne,BC.Game,,,team2,United21 League Season 23,0
hltv_match_2377706,2024-12-05 04:30:00+00:00,Spirit,Wildcard,,,team1,Perfect World Shanghai Major 2024,0
hltv_match_2377707,2024-12-05 04:30:00+00:00,MOUZ,The MongolZ,,,team2,Perfect World Shanghai Major 2024,0
hltv_match_2377708,2024-12-05 05:35:00+00:00,Natus Vincere,MIBR,,,team2,Perfect World Shanghai Major 2024,0
hltv_match_2377709,2024-12-05 05:50:00+00:00,G2,BIG,,,team1,Perfect World Shanghai Major 2024,0
hltv_match_2377711,2024-12-05 06:45:00+00:00,3DMAX,paiN,,,team1,Perfect World Shanghai Major 2024,0
hltv_match_2377710,2024-12-05 06:50:00+00:00,FaZe,HEROIC,,,team2,Perfect World Shanghai Major 2024,0
hltv_match_2377795,2024-12-05 07:00:00+00:00,Metizport,Fire Flux,,,team1,CCT Season 2 Europe Series 15,0
hltv_match_2377796,2024-12-05 10:00:00+00:00,Gaimin Gladiators,Aurora Young Blud,,,team2,CCT Season 2 Europe Series 15,0
hltv_match_2377874,2024-12-05 10:00:00+00:00,CYBERSHOKE,500,,,team2,ESEA Advanced Season 51 Europe,0
hltv_match_2377875,2024-12-05 12:00:00+00:00,Spirit Academy,Fire Flux,,,team2,ESEA Advanced Season 51 Europe,0
hltv_match_2377712,2024-12-05 22:00:00+00:00,Natus Vincere,Spirit,,,team2,Perfect World Shanghai Major 2024,0
hltv_match_2377713,2024-12-05 22:00:00+00:00,FURIA,Liquid,,,team2,Perfect World Shanghai Major 2024,0
hltv_match_2377714,2024-12-05 23:00:00+00:00,G2,3DMAX,,,team1,Perfect World Shanghai Major 2024,0
hltv_match_2377715,2024-12-05 23:00:00+00:00,MOUZ,FaZe,,,team2,Perfect World Shanghai Major 2024,0
hltv_match_2377716,2024-12-06 00:10:00+00:00,GamerLegion,Wildcard,,,team1,Perfect World Shanghai Major 2024,0
hltv_match_2377717,2024-12-06 00:25:00+00:00,Vitality,MIBR,,,team1,Perfect World Shanghai Major 2024,0
hltv_match_2377719,2024-12-06 03:00:00+00:00,BIG,paiN,,,team2,Perfect World Shanghai Major 2024,0
hltv_match_2377718,2024-12-06 03:10:00+00:00,The MongolZ,HEROIC,,,team1,Perfect World Shanghai Major 2024,0
hltv_match_2377918,2024-12-06 05:05:00+00:00,IHC,Chinggis Warriors,,,team2,1xBet MESA Asia Series 3,0
hltv_match_2377856,2024-12-06 08:30:00+00:00,ATOX,Chinggis Warriors,,,team1,1xBet MESA Asia Series 3,0
hltv_match_2377841,2024-12-06 10:00:00+00:00,FAVBET,L&G,,,team1,LEGION UPEA National League 2024,0
hltv_match_2377876,2024-12-06 11:30:00+00:00,500,Fire Flux,,,team1,ESEA Advanced Season 51 Europe,0
hltv_match_2377721,2024-12-06 22:00:00+00:00,G2,FaZe,,,team1,Perfect World Shanghai Major 2024,0
hltv_match_2377720,2024-12-06 22:00:00+00:00,MOUZ,3DMAX,,,team1,Perfect World Shanghai Major 2024,0
hltv_match_2377723,2024-12-07 01:00:00+00:00,Natus Vincere,GamerLegion,,,team1,Perfect World Shanghai Major 2024,0
hltv_match_2377722,2024-12-07 01:00:00+00:00,MIBR,Liquid,,,team2,Perfect World Shanghai Major 2024,0
hltv_match_2377814,2024-12-07 04:00:00+00:00,9INE,EYEBALLERS,,,team1,European Pro League Season 21,0
hltv_match_2377879,2024-12-07 04:00:00+00:00,Gaimin Gladiators,Fire Flux,,,team2,CCT Season 2 Europe Series 15,0
hltv_match_2377724,2024-12-07 04:00:00+00:00,Spirit,HEROIC,,,team1,Perfect World Shanghai Major 2024,0
hltv_match_2377725,2024-12-07 04:00:00+00:00,FURIA,paiN,,,team1,Perfect World Shanghai Major 2024,0
hltv_match_2377815,2024-12-07 06:30:00+00:00,Sashi,Alliance,,,team1,European Pro League Season 21,0
hltv_match_2377882,2024-12-07 13:00:00+00:00,ECSTATIC,Aurora Young Blud,,,team2,CCT Season 2 Europe Series 15,0
hltv_match_2377877,2024-12-07 13:00:00+00:00,CPH Wolves,500,,,team2,ESEA Advanced Season 51 Europe,0
hltv_match_2377938,2024-12-07 16:00:00+00:00,Sharks,Take Flyte,,,team1,Fragadelphia 18,0
hltv_match_2377726,2024-12-07 22:05:00+00:00,MIBR,MOUZ,,,team2,Perfect World Shanghai Major 2024,0
hltv_match_2377961,2024-12-07 22:05:00+00:00,BOSS,NRG,,,team2,Fragadelphia 18,0
hltv_match_2377727,2024-12-08 01:00:00+00:00,HEROIC,Natus Vincere,,,team1,Perfect World Shanghai Major 2024,0
hltv_match_2377728,2024-12-08 04:10:00+00:00,FaZe,FURIA,,,team1,Perfect World Shanghai Major 2024,0
hltv_match_2377817,2024-12-08 06:30:00+00:00,9INE,Alliance,,,team1,European Pro League Season 21,0
hltv_match_2377971,2024-12-08 09:00:00+00:00,Nii Kerge,M1Z,,,team1,kleverr Meistriliiga Season 1 Finals,0
hltv_match_2377878,2024-12-08 12:00:00+00:00,L&G,500,,,team2,ESEA Advanced Season 51 Europe,0
hltv_match_2377964,2024-12-08 16:00:00+00:00,Sharks,NRG,,,team2,Fragadelphia 18,0
hltv_match_2377968,2024-12-08 19:00:00+00:00,Sharks,BOSS,,,team1,Fragadelphia 18,0
hltv_match_2377969,2024-12-08 21:15:00+00:00,NRG,Sharks,,,team1,Fragadelphia 18,0
hltv_match_2377818,2024-12-09 04:00:00+00:00,GenOne,Aurora Young Blud,,,team2,European Pro League Season 21,0
hltv_match_2377819,2024-12-09 06:30:00+00:00,Gaimin Gladiators,Betclic,,,team2,European Pro League Season 21,0
hltv_match_2377888,2024-12-09 08:30:00+00:00,FAVBET,Fire Flux,,,team2,CCT Season 2 Europe Series 15,0
hltv_match_2377859,2024-12-09 11:00:00+00:00,Monte,GUN5,,,team1,500 Casino Christmas Cup 2024,0
hltv_match_2377860,2024-12-09 13:30:00+00:00,Sashi,Aurora,,,team2,500 Casino Christmas Cup 2024,0
hltv_match_2377942,2024-12-10 04:00:00+00:00,GUN5,9INE,,,team1,European Pro League Season 21,0
hltv_match_2377890,2024-12-10 05:30:00+00:00,Metizport,Aurora Young Blud,,,team2,CCT Season 2 Europe Series 15,0
hltv_match_2377891,2024-12-10 08:45:00+00:00,9INE,Insilio,,,team1,CCT Season 2 Europe Series 15,0
hltv_match_2377861,2024-12-10 11:00:00+00:00,Monte,Aurora,,,team1,500 Casino Christmas Cup 2024,0
hltv_match_2377975,2024-12-10 14:00:00+00:00,FAVBET,Fire Flux,,,team1,ESL Challenger League Season 48 Europe Relegation,0
hltv_match_2377977,2024-12-10 14:00:00+00:00,L&G,CYBERSHOKE,,,team2,ESL Challenger League Season 48 Europe Relegation,0
hltv_match_2377862,2024-12-10 14:35:00+00:00,GUN5,Sashi,,,team1,500 Casino Christmas Cup 2024,0
hltv_match_2377984,2024-12-10 21:00:00+00:00,Take Flyte,Wanted Goons,,,team1,ESL Challenger League Season 48 North America Relegation,0
hltv_match_2377893,2024-12-11 05:30:00+00:00,Metizport,Insilio,,,team1,CCT Season 2 Europe Series 15,0
hltv_match_2377945,2024-12-11 06:30:00+00:00,Sashi,Aurora Young Blud,,,team1,European Pro League Season 21,0
hltv_match_2377894,2024-12-11 08:50:00+00:00,ECSTATIC,Fire Flux,,,team1,CCT Season 2 Europe Series 15,0
hltv_match_2377979,2024-12-11 13:00:00+00:00,Insilio,CYBERSHOKE,,,team2,ESL Challenger League Season 48 Europe Relegation,0
hltv_match_2377863,2024-12-11 14:00:00+00:00,Aurora,GUN5,,,team2,500 Casino Christmas Cup 2024,0
hltv_match_2377978,2024-12-11 14:00:00+00:00,JiJieHao,FAVBET,,,team1,ESL Challenger League Season 48 Europe Relegation,0
hltv_match_2377729,2024-12-12 01:00:00+00:00,The MongolZ,MOUZ,,,team2,Perfect World Shanghai Major 2024,0
hltv_match_2377896,2024-12-12 04:00:00+00:00,B8,ECSTATIC,,,team2,CCT Season 2 Europe Series 15,0
hltv_match_2377730,2024-12-12 04:30:00+00:00,Spirit,Liquid,,,team1,Perfect World Shanghai Major 2024,0
hltv_match_2377947,2024-12-12 07:35:00+00:00,Betclic,Aurora Young Blud,,,team2,European Pro League Season 21,0
hltv_match_2377898,2024-12-12 10:15:00+00:00,GUN5,Aurora Young Blud,,,team2,CCT Season 2 Europe Series 15,0
hltv_match_2377982,2024-12-12 10:30:00+00:00,Insilio,Fire Flux,,,team2,ESL Challenger League Season 48 Europe Relegation,0
hltv_match_2377864,2024-12-12 11:00:00+00:00,ECLOT,ECSTATIC,,,team1,500 Casino Christmas Cup 2024,0
hltv_match_2377989,2024-12-12 14:00:00+00:00,9z Academy,2070,,,team2,Liga Gamers Club 2024 Serie A December Cup,0
hltv_match_2377990,2024-12-12 17:00:00+00:00,RED Canids Academy,Players,,,team2,Liga Gamers Club 2024 Serie A December Cup,0
hltv_match_2377988,2024-12-12 21:00:00+00:00,Wanted Goons,Take Flyte,,,team2,ESL Challenger League Season 48 North America Relegation,0
hltv_match_2377731,2024-12-13 01:00:00+00:00,G2,HEROIC,,,team1,Perfect World Shanghai Major 2024,0
hltv_match_2377900,2024-12-13 04:00:00+00:00,SINNERS,Spirit Academy,,,team2,CCT Season 2 Europe Series 15,0
hltv_match_2377732,2024-12-13 05:25:00+00:00,Vitality,FaZe,,,team2,Perfect World Shanghai Major 2024,0
hltv_match_2377901,2024-12-13 07:00:00+00:00,Monte,Metizport,,,team2,CCT Season 2 Europe Series 15,0
hltv_match_2377867,2024-12-13 13:05:00+00:00,ECSTATIC,SINNERS,,,team1,500 Casino Christmas Cup 2024,0
hltv_match_2377994,2024-12-13 14:00:00+00:00,Betera,Fire Flux,,,team2,ESL Challenger League Season 48 Europe Relegation,0
hltv_match_2377996,2024-12-13 14:00:00+00:00,Rebels,FAVBET,,,team2,ESL Challenger League Season 48 Europe Relegation,0
hltv_match_2377995,2024-12-13 14:00:00+00:00,Spirit Academy,JiJieHao,,,team1,ESL Challenger League Season 48 Europe Relegation,0
hltv_match_2377997,2024-12-13 14:00:00+00:00,CPH Wolves,CYBERSHOKE,,,team1,ESL Challenger League Season 48 Europe Relegation,0
hltv_match_2377991,2024-12-13 15:55:00+00:00,2070,Players,,,team2,Liga Gamers Club 2024 Serie A December Cup,0
hltv_match_2378004,2024-12-13 21:00:00+00:00,LAG,Take Flyte,,,team2,ESL Challenger League Season 48 North America Relegation,0
hltv_match_2377733,2024-12-14 01:00:00+00:00,MOUZ,Spirit,,,team2,Perfect World Shanghai Major 2024,0
hltv_match_2377904,2024-12-14 04:00:00+00:00,Spirit Academy,Aurora Young Blud,,,team1,CCT Season 2 Europe Series 15,0
hltv_match_2377950,2024-12-14 04:00:00+00:00,9INE,Sashi,,,team2,European Pro League Season 21,0
hltv_match_2377734,2024-12-14 05:35:00+00:00,G2,FaZe,,,team2,Perfect World Shanghai Major 2024,0
hltv_match_2377905,2024-12-14 07:00:00+00:00,ECSTATIC,Zero Tenacity,,,team1,CCT Season 2 Europe Series 15,0
hltv_match_2377906,2024-12-14 10:00:00+00:00,Metizport,9INE,,,team2,CCT Season 2 Europe Series 15,0
hltv_match_2377998,2024-12-14 10:30:00+00:00,Spirit Academy,Fire Flux,,,team1,ESL Challenger League Season 48 Europe Relegation,0
hltv_match_2377868,2024-12-14 12:00:00+00:00,ECLOT,ECSTATIC,,,team1,500 Casino Christmas Cup 2024,0
hltv_match_2377992,2024-12-14 12:15:00+00:00,BIG,Arrow,,,team2,DACH Masters Season 2 Finals,0
hltv_match_2377907,2024-12-14 13:00:00+00:00,ENCE,AMKAL,,,team1,CCT Season 2 Europe Series 15,0
hltv_match_2378001,2024-12-14 14:00:00+00:00,Rebels,CYBERSHOKE,,,team2,ESL Challenger League Season 48 Europe Relegation,0
hltv_match_2377999,2024-12-14 14:00:00+00:00,FAVBET,CPH Wolves,,,team2,ESL Challenger League Season 48 Europe Relegation,0
hltv_match_2378000,2024-12-14 14:05:00+00:00,JiJieHao,Betera,,,team2,ESL Challenger League Season 48 Europe Relegation,0
hltv_match_2377952,2024-12-15 04:00:00+00:00,Sashi,Aurora Young Blud,,,team2,European Pro League Season 21,0
hltv_match_2377735,2024-12-15 04:25:00+00:00,Spirit,FaZe,,,team1,Perfect World Shanghai Major 2024,0
hltv_match_2377908,2024-12-15 05:30:00+00:00,ECSTATIC,9INE,,,team1,CCT Season 2 Europe Series 15,0
hltv_match_2377909,2024-12-15 08:30:00+00:00,ENCE,Spirit Academy,,,team2,CCT Season 2 Europe Series 15,0
hltv_match_2377925,2024-12-15 10:00:00+00:00,aimclub,Nexus,,,team1,LEGION Romanian Esports League Season 4 Finals,0
hltv_match_2377910,2024-12-15 11:30:00+00:00,ECSTATIC,Spirit Academy,,,team2,CCT Season 2 Europe Series 15,0
hltv_match_2378003,2024-12-15 14:00:00+00:00,Fire Flux,CYBERSHOKE,,,team2,ESL Challenger League Season 48 Europe Relegation,0
hltv_match_2378002,2024-12-15 14:00:00+00:00,FAVBET,Betera,,,team1,ESL Challenger League Season 48 Europe Relegation,0
hltv_match_2378056,2024-12-15 19:30:00+00:00,Shimmer,Lotus fe,,,team1,ESL Impact Autumn 2024 Cash Cup 6 North America,0
hltv_match_2377954,2024-12-16 05:00:00+00:00,Aurora Young Blud,GUN5,,,team2,European Pro League Season 21,0
hltv_match_2377869,2024-12-16 11:00:00+00:00,Monte,ECLOT,,,team2,500 Casino Christmas Cup 2024,0
hltv_match_2378032,2024-12-16 12:10:00+00:00,9z Academy,ShindeN,,,team2,Frost and Fire South America Season 1 Closed Qualifier,0
hltv_match_2378039,2024-12-17 09:00:00+00:00,GameHunters,2070,,,team1,Frost and Fire South America Season 1 Closed Qualifier,0
hltv_match_2377871,2024-12-17 13:00:00+00:00,ECLOT,GUN5,,,team2,500 Casino Christmas Cup 2024,0
hltv_match_2378074,2024-12-18 10:20:00+00:00,UNiTY,Insilio,,,team2,Skin.Club Christmas Cup 2024,0
hltv_match_2378075,2024-12-18 12:00:00+00:00,Nexus,Insilio,,,team1,Skin.Club Christmas Cup 2024,0
hltv_match_2378045,2024-12-18 15:10:00+00:00,ShindeN,Fake do Biru,,,team1,Frost and Fire South America Season 1 Closed Qualifier,0
hltv_match_2378100,2024-12-19 05:30:00+00:00,AMKAL,BC.Game,,,team1,Exort Series 6,0
hltv_match_2378101,2024-12-19 08:30:00+00:00,K27,FORZE Reload,,,team2,Exort Series 6,0
hltv_match_2378048,2024-12-19 12:20:00+00:00,2070,9z Academy,,,team2,Frost and Fire South America Season 1 Closed Qualifier,0
hltv_match_2378077,2024-12-19 13:00:00+00:00,Insilio,UNiTY,,,team2,Skin.Club Christmas Cup 2024,0
hltv_match_2378104,2024-12-20 08:30:00+00:00,AMKAL,FORZE Reload,,,team1,Exort Series 6,0
hltv_match_2378079,2024-12-20 10:30:00+00:00,9INE,Betclic,,,team1,Skin.Club Christmas Cup 2024,0
hltv_match_2378080,2024-12-20 12:00:00+00:00,500,9INE,,,team2,Skin.Club Christmas Cup 2024,0
hltv_match_2378051,2024-12-20 12:00:00+00:00,GameHunters,Fake do Biru,,,team2,Frost and Fire South America Season 1 Closed Qualifier,0
hltv_match_2378067,2024-12-21 04:00:00+00:00,kONO,WOPA,,,team2,European Pro League 2nd Division Season 18,0
hltv_match_2378053,2024-12-21 09:00:00+00:00,Players,9z Academy,,,team2,Frost and Fire South America Season 1 Closed Qualifier,0
hltv_match_2378082,2024-12-21 11:45:00+00:00,500,Betclic,,,team2,Skin.Club Christmas Cup 2024,0
hltv_match_2378084,2024-12-22 07:00:00+00:00,UNiTY,9INE,,,team2,Skin.Club Christmas Cup 2024,0
hltv_match_2378083,2024-12-22 09:30:00+00:00,Nexus,Betclic,,,team2,Skin.Club Christmas Cup 2024,0
hltv_match_2378108,2024-12-22 12:00:00+00:00,Metizport,Zero Tenacity,,,team1,Wildz Invitational Season 1,0
hltv_match_2378085,2024-12-22 12:00:00+00:00,9INE,Betclic,,,team1,Skin.Club Christmas Cup 2024,0
hltv_match_2378096,2024-12-23 04:00:00+00:00,ENCE Academy,kONO,,,team2,United21 League Season 24,0
hltv_match_2378098,2024-12-24 06:30:00+00:00,ENCE Academy,WOPA,,,team2,United21 League Season 24,0
hltv_match_2378099,2024-12-25 06:45:00+00:00,kONO,WOPA,,,team1,United21 League Season 24,0
hltv_match_2378135,2024-12-26 23:00:00+00:00,IHC,Eruption,,,team2,1xBet MESA Asia Series 2024 Finals,0
hltv_match_2378136,2024-12-27 01:00:00+00:00,Chinggis Warriors,The Huns,,,team2,1xBet MESA Asia Series 2024 Finals,0
hltv_match_2378137,2024-12-27 02:20:00+00:00,ATOX,Eruption,,,team2,1xBet MESA Asia Series 2024 Finals,0
hltv_match_2378138,2024-12-27 05:15:00+00:00,Rare Atom,The Huns,,,team1,1xBet MESA Asia Series 2024 Finals,0
hltv_match_2378120,2024-12-27 10:00:00+00:00,ECSTATIC,Insilio,,,team1,Frost and Fire Europe Season 1 Closed Qualifier,0
hltv_match_2378139,2024-12-27 22:30:00+00:00,IHC,The Huns,,,team2,1xBet MESA Asia Series 2024 Finals,0
hltv_match_2378140,2024-12-28 01:30:00+00:00,Chinggis Warriors,ATOX,,,team2,1xBet MESA Asia Series 2024 Finals,0
hltv_match_2378141,2024-12-28 03:45:00+00:00,The Huns,ATOX,,,team2,1xBet MESA Asia Series 2024 Finals,0
hltv_match_2378142,2024-12-28 06:40:00+00:00,Eruption,Rare Atom,,,team1,1xBet MESA Asia Series 2024 Finals,0
hltv_match_2378123,2024-12-28 07:10:00+00:00,WOPA,EYEBALLERS,,,team2,Frost and Fire Europe Season 1 Closed Qualifier,0
hltv_match_2378143,2024-12-29 00:30:00+00:00,ATOX,Rare Atom,,,team1,1xBet MESA Asia Series 2024 Finals,0
hltv_match_2378144,2024-12-29 03:30:00+00:00,Eruption,ATOX,,,team2,1xBet MESA Asia Series 2024 Finals,0
hltv_match_2378131,2025-01-03 07:00:00+00:00,9INE,EYEBALLERS,,,team1,Frost and Fire Europe Season 1 Closed Qualifier,0
hltv_match_2378148,2025-01-04 13:00:00+00:00,GenOne,EYEBALLERS,,,team1,Frost and Fire Europe Season 1 Closed Qualifier,0
hltv_match_2378153,2025-01-04 18:10:00+00:00,Shimmer,Lotus fe,,,team1,ESL Impact Winter 2025 Cash Cup 1 North America,0
hltv_match_2378152,2025-01-05 13:00:00+00:00,ECSTATIC,kONO,,,team2,Frost and Fire Europe Season 1 Closed Qualifier,0
hltv_match_2378155,2025-01-06 10:10:00+00:00,BRUTE,EYEBALLERS,,,team2,Frost and Fire Europe Season 1 Closed Qualifier,0
hltv_match_2378158,2025-01-07 10:00:00+00:00,ECSTATIC,GenOne,,,team2,Frost and Fire Europe Season 1 Closed Qualifier,0
hltv_match_2378164,2025-01-09 05:00:00+00:00,GenOne,ECSTATIC,,,team1,Frost and Fire Europe Season 1,0
hltv_match_2378167,2025-01-09 14:15:00+00:00,9INE,EYEBALLERS,,,team2,Frost and Fire Europe Season 1,0
hltv_match_2378177,2025-01-09 15:00:00+00:00,Fake do Biru,GameHunters,,,team1,Frost and Fire South America Season 1,0
hltv_match_2378200,2025-01-10 02:30:00+00:00,Rare Atom,GATERON,,,team1,XSE Pro League 2025,0
hltv_match_2378168,2025-01-10 05:00:00+00:00,SINNERS,kONO,,,team1,Frost and Fire Europe Season 1,0
hltv_match_2378201,2025-01-10 05:20:00+00:00,Lynn Vision,JiJieHao,,,team1,XSE Pro League 2025,0
hltv_match_2378180,2025-01-10 12:00:00+00:00,Fake do Biru,Dusty Roots,,,team2,Frost and Fire South America Season 1,0
hltv_match_2378171,2025-01-10 14:00:00+00:00,Wildcard,Insilio,,,team1,Frost and Fire Europe Season 1,0
hltv_match_2378182,2025-01-10 18:00:00+00:00,ShindeN,Legacy,,,team2,Frost and Fire South America Season 1,0
hltv_match_2378220,2025-01-11 05:55:00+00:00,Rare Atom,Lynn Vision,,,team1,XSE Pro League 2025,0
hltv_match_2378173,2025-01-11 11:35:00+00:00,SINNERS,Wildcard,,,team2,Frost and Fire Europe Season 1,0
hltv_match_2378184,2025-01-11 17:15:00+00:00,Dusty Roots,Legacy,,,team2,Frost and Fire South America Season 1,0
hltv_match_2378222,2025-01-12 06:00:00+00:00,Rare Atom,ATOX,,,team1,XSE Pro League 2025,0
hltv_match_2378185,2025-01-12 16:00:00+00:00,BESTIA,Legacy,,,team1,Frost and Fire South America Season 1,0
hltv_match_2378186,2025-01-13 04:00:00+00:00,Sashi,Zero Tenacity,,,team2,YaLLa Compass Winter 2025 Contenders,0
hltv_match_2378187,2025-01-13 07:00:00+00:00,SINNERS,Partizan,,,team2,YaLLa Compass Winter 2025 Contenders,0
hltv_match_2378249,2025-01-14 03:45:00+00:00,TYLOO,SemperFi,,,team1,ZOWIE eXTREMESLAND Asia Open 2024,0
hltv_match_2378204,2025-01-14 06:00:00+00:00,FlyQuest,MIBR,,,team1,BLAST Bounty 2025 Season 1,0
hltv_match_2378334,2025-01-14 06:30:00+00:00,WOPA,ENCE Academy,,,team1,European Pro League 2nd Division Season 19,0
hltv_match_2378189,2025-01-14 07:10:00+00:00,OG,BC.Game,,,team1,YaLLa Compass Winter 2025 Contenders,0
hltv_match_2378205,2025-01-14 08:20:00+00:00,3DMAX,HEROIC,,,team2,BLAST Bounty 2025 Season 1,0
hltv_match_2378333,2025-01-14 09:35:00+00:00,GenOne,WOPA,,,team1,United21 League Season 25,0
hltv_match_2378360,2025-01-14 10:00:00+00:00,CYBERSHOKE,EYEBALLERS,,,team2,CCT Season 2 Europe Series 16 Closed Qualifier,0
hltv_match_2378367,2025-01-14 13:30:00+00:00,MIBR fe,ShindeN,,,team2,CCT Season 2 South America Series 6,0
hltv_match_2378207,2025-01-14 14:00:00+00:00,Spirit,fnatic,,,team1,BLAST Bounty 2025 Season 1,0
hltv_match_2378383,2025-01-14 21:00:00+00:00,InControl,Akimbo,,,team2,CCT Season 2 North America Series 4,0
hltv_match_2378190,2025-01-15 04:00:00+00:00,9INE,ECSTATIC,,,team1,YaLLa Compass Winter 2025 Contenders,0
hltv_match_2378208,2025-01-15 06:00:00+00:00,Astralis,Wildcard,,,team1,BLAST Bounty 2025 Season 1,0
hltv_match_2378191,2025-01-15 07:00:00+00:00,GUN5,Betclic,,,team2,YaLLa Compass Winter 2025 Contenders,0
hltv_match_2378209,2025-01-15 08:20:00+00:00,SAW,BIG,,,team2,BLAST Bounty 2025 Season 1,0
hltv_match_2378335,2025-01-15 09:30:00+00:00,GenOne,BC.Game,,,team2,European Pro League 2nd Division Season 19,0
hltv_match_2378370,2025-01-15 10:30:00+00:00,Dusty Roots,Bounty Hunters,,,team2,CCT Season 2 South America Series 6,0
hltv_match_2378210,2025-01-15 10:45:00+00:00,Falcons,ENCE,,,team1,BLAST Bounty 2025 Season 1,0
hltv_match_2378401,2025-01-15 13:30:00+00:00,EYEBALLERS,BC.Game,,,team1,CCT Season 2 Europe Series 16 Closed Qualifier,0
hltv_match_2378211,2025-01-15 13:40:00+00:00,Vitality,Metizport,,,team1,BLAST Bounty 2025 Season 1,0
hltv_match_2378373,2025-01-15 19:30:00+00:00,Players,2070,,,team2,CCT Season 2 South America Series 6,0
hltv_match_2378296,2025-01-15 22:00:00+00:00,Rare Atom,Chinggis Warriors,,,team1,ZOWIE eXTREMESLAND Asia Open 2024,0
hltv_match_2378362,2025-01-16 04:00:00+00:00,AMKAL,Ninjas in Pyjamas,,,team2,CCT Season 2 Europe Series 16 Closed Qualifier,0
hltv_match_2378338,2025-01-16 04:00:00+00:00,ENCE Academy,GenOne,,,team2,European Pro League 2nd Division Season 19,0
hltv_match_2378351,2025-01-16 06:55:00+00:00,CPH Wolves,GenOne,,,team1,United21 League Season 25,0
hltv_match_2378213,2025-01-16 08:25:00+00:00,Eternal Fire,Fluxo,,,team1,BLAST Bounty 2025 Season 1,0
hltv_match_2378364,2025-01-16 10:35:00+00:00,CPH Wolves,GenOne,,,team1,CCT Season 2 Europe Series 16 Closed Qualifier,0
hltv_match_2378214,2025-01-16 10:40:00+00:00,FaZe,M80,,,team1,BLAST Bounty 2025 Season 1,0
hltv_match_2378365,2025-01-16 13:00:00+00:00,WOPA,Rebels,,,team2,CCT Season 2 Europe Series 16 Closed Qualifier,0
hltv_match_2378215,2025-01-16 13:45:00+00:00,Natus Vincere,Imperial Valkyries,,,team1,BLAST Bounty 2025 Season 1,0
hltv_match_2378376,2025-01-16 16:50:00+00:00,Dusty Roots,GameHunters,,,team2,CCT Season 2 South America Series 6,0
hltv_match_2378302,2025-01-16 22:00:00+00:00,TYLOO,IHC,,,team1,ZOWIE eXTREMESLAND Asia Open 2024,0
hltv_match_2378303,2025-01-16 23:30:00+00:00,SemperFi,IHC,,,team1,ZOWIE eXTREMESLAND Asia Open 2024,0
hltv_match_2378305,2025-01-17 03:30:00+00:00,JiJieHao,ATOX,,,team1,ZOWIE eXTREMESLAND Asia Open 2024,0
hltv_match_2378402,2025-01-17 04:00:00+00:00,AMKAL,BIG EQUIPA,,,team1,CCT Season 2 Europe Series 16 Closed Qualifier,0
hltv_match_2378340,2025-01-17 04:00:00+00:00,WOPA,BC.Game,,,team1,European Pro League 2nd Division Season 19,0
hltv_match_2378216,2025-01-17 06:00:00+00:00,paiN,GamerLegion,,,team1,BLAST Bounty 2025 Season 1,0
hltv_match_2378403,2025-01-17 07:30:00+00:00,GenOne,WOPA,,,team2,CCT Season 2 Europe Series 16 Closed Qualifier,0
hltv_match_2378217,2025-01-17 09:30:00+00:00,FURIA,Nemiga,,,team1,BLAST Bounty 2025 Season 1,0
hltv_match_2378355,2025-01-17 10:00:00+00:00,CPH Wolves,ENCE Academy,,,team1,United21 League Season 25,0
hltv_match_2378218,2025-01-17 13:00:00+00:00,MOUZ,BetBoom,,,team2,BLAST Bounty 2025 Season 1,0
hltv_match_2378405,2025-01-17 13:00:00+00:00,CPH Wolves,Rebels,,,team2,CCT Season 2 Europe Series 16 Closed Qualifier,0
hltv_match_2378219,2025-01-17 17:00:00+00:00,G2,B8,,,team1,BLAST Bounty 2025 Season 1,0
hltv_match_2378309,2025-01-18 04:00:00+00:00,TYLOO,ATOX,,,team2,ZOWIE eXTREMESLAND Asia Open 2024,0
hltv_match_2378226,2025-01-18 06:00:00+00:00,HEROIC,Liquid,,,team1,BLAST Bounty 2025 Season 1,0
hltv_match_2378310,2025-01-18 07:00:00+00:00,JiJieHao,SemperFi,,,team1,ZOWIE eXTREMESLAND Asia Open 2024,0
hltv_match_2378227,2025-01-18 09:25:00+00:00,paiN,FaZe,,,team1,BLAST Bounty 2025 Season 1,0
hltv_match_2378407,2025-01-18 10:00:00+00:00,CYBERSHOKE,BC.Game,,,team1,CCT Season 2 Europe Series 16 Closed Qualifier,0
hltv_match_2378230,2025-01-18 12:20:00+00:00,FlyQuest,Spirit,,,team2,BLAST Bounty 2025 Season 1,0
hltv_match_2378409,2025-01-18 13:50:00+00:00,WOPA,CPH Wolves,,,team2,CCT Season 2 Europe Series 16 Closed Qualifier,0
hltv_match_2378229,2025-01-18 14:10:00+00:00,Astralis,Natus Vincere,,,team2,BLAST Bounty 2025 Season 1,0
hltv_match_2378391,2025-01-18 21:00:00+00:00,Aether,Lotus fe,,,team1,CCT Season 2 North America Series 4,0
hltv_match_2378312,2025-01-19 00:55:00+00:00,ATOX,JiJieHao,,,team1,ZOWIE eXTREMESLAND Asia Open 2024,0
hltv_match_2378410,2025-01-19 04:00:00+00:00,Ninjas in Pyjamas,CYBERSHOKE,,,team2,CCT Season 2 Europe Series 16 Closed Qualifier,0
hltv_match_2378224,2025-01-19 06:00:00+00:00,Eternal Fire,Falcons,,,team1,BLAST Bounty 2025 Season 1,0
hltv_match_2378480,2025-01-19 06:00:00+00:00,Alliance,Lilmix,,,team1,Subway Suberior League Winter 2025,0
hltv_match_2378411,2025-01-19 07:00:00+00:00,EYEBALLERS,AMKAL,,,team2,CCT Season 2 Europe Series 16 Closed Qualifier,0
hltv_match_2378223,2025-01-19 08:40:00+00:00,FURIA,BetBoom,,,team2,BLAST Bounty 2025 Season 1,0
hltv_match_2378344,2025-01-19 09:15:00+00:00,GenOne,BC.Game,,,team2,European Pro League 2nd Division Season 19,0
hltv_match_2378481,2025-01-19 10:00:00+00:00,EYEBALLERS,Johnny Speeds,,,team2,Subway Suberior League Winter 2025,0
hltv_match_2378412,2025-01-19 10:10:00+00:00,Fire Flux,CPH Wolves,,,team1,CCT Season 2 Europe Series 16 Closed Qualifier,0
hltv_match_2378433,2025-01-19 10:30:00+00:00,MIBR fe,Bounty Hunters,,,team2,CCT Season 2 South America Series 6,0
hltv_match_2378228,2025-01-19 12:30:00+00:00,Virtus.pro,Vitality,,,team2,BLAST Bounty 2025 Season 1,0
hltv_match_2378482,2025-01-19 12:30:00+00:00,Alliance,Johnny Speeds,,,team2,Subway Suberior League Winter 2025,0
hltv_match_2378225,2025-01-19 14:35:00+00:00,BIG,G2,,,team2,BLAST Bounty 2025 Season 1,0
hltv_match_2378392,2025-01-19 18:00:00+00:00,InControl,Revel,,,team1,CCT Season 2 North America Series 4,0
hltv_match_2378472,2025-01-20 04:00:00+00:00,Spirit Academy,ESC,,,team1,CCT Season 2 Europe Series 16,0
hltv_match_2378357,2025-01-20 04:00:00+00:00,CPH Wolves,ENCE Academy,,,team1,United21 League Season 25,0
hltv_match_2378194,2025-01-20 04:00:00+00:00,M80,Nexus,,,team1,ICE Invitational 2025,0
hltv_match_2378195,2025-01-20 05:30:00+00:00,Sashi,500,,,team2,ICE Invitational 2025,0
hltv_match_2378473,2025-01-20 07:00:00+00:00,fnatic,OG,,,team1,CCT Season 2 Europe Series 16,0
hltv_match_2378346,2025-01-20 07:00:00+00:00,WOPA,BC.Game,,,team2,European Pro League 2nd Division Season 19,0
hltv_match_2378196,2025-01-20 08:00:00+00:00,M80,500,,,team2,ICE Invitational 2025,0
hltv_match_2378197,2025-01-20 09:30:00+00:00,Nexus,Sashi,,,team2,ICE Invitational 2025,0
hltv_match_2378474,2025-01-20 10:00:00+00:00,Monte,PARIVISION,,,team1,CCT Season 2 Europe Series 16,0
hltv_match_2378475,2025-01-20 13:00:00+00:00,9INE,CYBERSHOKE,,,team2,CCT Season 2 Europe Series 16,0
hltv_match_2378466,2025-01-21 04:00:00+00:00,9INE,Partizan,,,team2,YaLLa Compass Winter 2025 Contenders,0
hltv_match_2378476,2025-01-21 04:00:00+00:00,Aurora,Rebels,,,team1,CCT Season 2 Europe Series 16,0
hltv_match_2378198,2025-01-21 04:00:00+00:00,M80,Sashi,,,team1,ICE Invitational 2025,0
hltv_match_2378477,2025-01-21 07:00:00+00:00,SINNERS,AMKAL,,,team2,CCT Season 2 Europe Series 16,0
hltv_match_2378199,2025-01-21 07:45:00+00:00,500,M80,,,team1,ICE Invitational 2025,0
hltv_match_2378490,2025-01-21 08:00:00+00:00,THE,NomadS,,,team2,ESL Challenger League Season 49 Asia-Pacific,0
hltv_match_2378491,2025-01-21 08:00:00+00:00,Rare Atom,The Huns,,,team2,ESL Challenger League Season 49 Asia-Pacific,0
hltv_match_2378486,2025-01-21 08:00:00+00:00,Lynn Vision,Chinggis Warriors,,,team1,ESL Challenger League Season 49 Asia-Pacific,0
hltv_match_2378489,2025-01-21 08:00:00+00:00,harizma,TYLOO,,,team2,ESL Challenger League Season 49 Asia-Pacific,0
hltv_match_2378496,2025-01-21 08:50:00+00:00,NomadS,THE,,,team1,ESL Challenger League Season 49 Asia-Pacific,0
hltv_match_2378497,2025-01-21 08:55:00+00:00,The Huns,Rare Atom,,,team1,ESL Challenger League Season 49 Asia-Pacific,0
hltv_match_2378492,2025-01-21 09:00:00+00:00,Chinggis Warriors,Lynn Vision,,,team2,ESL Challenger League Season 49 Asia-Pacific,0
hltv_match_2378495,2025-01-21 09:00:00+00:00,TYLOO,harizma,,,team1,ESL Challenger League Season 49 Asia-Pacific,0
hltv_match_2378484,2025-01-21 14:00:00+00:00,PARIVISION,SINNERS,,,team2,ESL Challenger League Season 49 Europe,0
hltv_match_2378483,2025-01-21 14:00:00+00:00,CYBERSHOKE,Betera,,,team2,ESL Challenger League Season 49 Europe,0
hltv_match_2378449,2025-01-21 16:30:00+00:00,ShindeN,GameHunters,,,team1,CCT Season 2 South America Series 6,0
hltv_match_2378658,2025-01-22 04:00:00+00:00,SINNERS,PARIVISION,,,team1,CCT Season 2 Europe Series 16,0
hltv_match_2378543,2025-01-22 05:00:00+00:00,Rooster,Mindfreak,,,team1,ESL Challenger League Season 49 Oceania,0
hltv_match_2378548,2025-01-22 06:00:00+00:00,Mindfreak,Rooster,,,team2,ESL Challenger League Season 49 Oceania,0
hltv_match_2378699,2025-01-22 06:30:00+00:00,ECLOT,GenOne,,,team2,European Pro League Season 22,0
hltv_match_2378501,2025-01-22 08:00:00+00:00,Rare Atom,The QUBE,,,team1,ESL Challenger League Season 49 Asia-Pacific,0
hltv_match_2378503,2025-01-22 08:00:00+00:00,Just Swing,NomadS,,,team1,ESL Challenger League Season 49 Asia-Pacific,0
hltv_match_2378502,2025-01-22 08:00:00+00:00,FengDa,harizma,,,team2,ESL Challenger League Season 49 Asia-Pacific,0
hltv_match_2378498,2025-01-22 08:00:00+00:00,Chinggis Warriors,TYLOO,,,team1,ESL Challenger League Season 49 Asia-Pacific,0
hltv_match_2378508,2025-01-22 08:50:00+00:00,The QUBE,Rare Atom,,,team2,ESL Challenger League Season 49 Asia-Pacific,0
hltv_match_2378510,2025-01-22 08:55:00+00:00,NomadS,Just Swing,,,team1,ESL Challenger League Season 49 Asia-Pacific,0
hltv_match_2378505,2025-01-22 09:00:00+00:00,TYLOO,Chinggis Warriors,,,team1,ESL Challenger League Season 49 Asia-Pacific,0
hltv_match_2378509,2025-01-22 09:20:00+00:00,harizma,FengDa,,,team2,ESL Challenger League Season 49 Asia-Pacific,0
hltv_match_2378663,2025-01-22 10:30:00+00:00,Monte,Fire Flux,,,team2,CCT Season 2 Europe Series 16,0
hltv_match_2378661,2025-01-22 13:00:00+00:00,OG,ESC,,,team1,CCT Season 2 Europe Series 16,0
hltv_match_2378667,2025-01-22 14:00:00+00:00,B8,Spirit Academy,,,team2,ESL Challenger League Season 49 Europe,0
hltv_match_2378671,2025-01-22 14:00:00+00:00,FAVBET,Rebels,,,team1,ESL Challenger League Season 49 Europe,0
hltv_match_2378452,2025-01-22 16:30:00+00:00,ShindeN,Bounty Hunters,,,team2,CCT Season 2 South America Series 6,0
hltv_match_2378577,2025-01-22 21:00:00+00:00,InControl,Akimbo,,,team2,ESL Challenger League Season 49 North America,0
hltv_match_2378438,2025-01-22 21:00:00+00:00,Lotus fe,Revel,,,team2,CCT Season 2 North America Series 4,0
hltv_match_2378583,2025-01-22 22:00:00+00:00,Akimbo,InControl,,,team1,ESL Challenger League Season 49 North America,0
hltv_match_2378700,2025-01-23 04:00:00+00:00,Aurora,Insilio,,,team1,European Pro League Season 22,0
hltv_match_2378662,2025-01-23 04:00:00+00:00,Spirit Academy,CYBERSHOKE,,,team1,CCT Season 2 Europe Series 16,0
hltv_match_2378701,2025-01-23 06:50:00+00:00,Alliance,Leo,,,team1,European Pro League Season 22,0
hltv_match_2378660,2025-01-23 07:30:00+00:00,Sashi,Rebels,,,team2,CCT Season 2 Europe Series 16,0
hltv_match_2378514,2025-01-23 08:00:00+00:00,The QUBE,Just Swing,,,team2,ESL Challenger League Season 49 Asia-Pacific,0
hltv_match_2378518,2025-01-23 08:00:00+00:00,THE,FengDa,,,team2,ESL Challenger League Season 49 Asia-Pacific,0
hltv_match_2378515,2025-01-23 08:00:00+00:00,harizma,The Huns,,,team2,ESL Challenger League Season 49 Asia-Pacific,0
hltv_match_2378516,2025-01-23 08:00:00+00:00,TYLOO,NomadS,,,team1,ESL Challenger League Season 49 Asia-Pacific,0
hltv_match_2378523,2025-01-23 08:45:00+00:00,NomadS,TYLOO,,,team2,ESL Challenger League Season 49 Asia-Pacific,0
hltv_match_2378522,2025-01-23 09:00:00+00:00,The Huns,harizma,,,team1,ESL Challenger League Season 49 Asia-Pacific,0
hltv_match_2378521,2025-01-23 09:00:00+00:00,Just Swing,The QUBE,,,team1,ESL Challenger League Season 49 Asia-Pacific,0
hltv_match_2378525,2025-01-23 09:00:00+00:00,FengDa,THE,,,team2,ESL Challenger League Season 49 Asia-Pacific,0
hltv_match_2378664,2025-01-23 10:00:00+00:00,fnatic,AMKAL,,,team2,CCT Season 2 Europe Series 16,0
hltv_match_2378457,2025-01-23 10:00:00+00:00,Spirit,HEROIC,,,team1,BLAST Bounty 2025 Season 1 Finals,0
hltv_match_2378454,2025-01-23 13:00:00+00:00,G2,BetBoom,,,team1,BLAST Bounty 2025 Season 1 Finals,0
hltv_match_2378665,2025-01-23 13:00:00+00:00,ECSTATIC,Aurora,,,team1,CCT Season 2 Europe Series 16,0
hltv_match_2378673,2025-01-23 14:00:00+00:00,Betera,Nemiga,,,team1,ESL Challenger League Season 49 Europe,0
hltv_match_2378672,2025-01-23 14:00:00+00:00,500,Sashi,,,team2,ESL Challenger League Season 49 Europe,0
hltv_match_2378674,2025-01-23 14:00:00+00:00,Fire Flux,CYBERSHOKE,,,team1,ESL Challenger League Season 49 Europe,0
hltv_match_2378677,2025-01-23 14:00:00+00:00,SINNERS,Monte,,,team1,ESL Challenger League Season 49 Europe,0
hltv_match_2378675,2025-01-23 14:00:00+00:00,CPH Wolves,PARIVISION,,,team2,ESL Challenger League Season 49 Europe,0
hltv_match_2378632,2025-01-23 18:00:00+00:00,KRÜ,GameHunters,,,team1,ESL Challenger League Season 49 South America,0
hltv_match_2378638,2025-01-23 19:00:00+00:00,GameHunters,KRÜ,,,team2,ESL Challenger League Season 49 South America,0
hltv_match_2378586,2025-01-23 21:00:00+00:00,BOSS,InControl,,,team1,ESL Challenger League Season 49 North America,0
hltv_match_2378440,2025-01-23 21:10:00+00:00,Mythic,regain,,,team1,CCT Season 2 North America Series 4,0
hltv_match_2378592,2025-01-23 22:00:00+00:00,BOSS,InControl,,,team1,ESL Challenger League Season 49 North America,0
hltv_match_2378706,2025-01-24 04:00:00+00:00,9INE,PARIVISION,,,team2,CCT Season 2 Europe Series 16,0
hltv_match_2378730,2025-01-24 05:00:00+00:00,ECSTATIC,CPH Wolves,,,team2,CCT Season 2 Europe Series 17 Closed Qualifier,0
hltv_match_2378707,2025-01-24 07:00:00+00:00,Sashi,ESC,,,team1,CCT Season 2 Europe Series 16,0
hltv_match_2378531,2025-01-24 08:00:00+00:00,The Huns,THE,,,team2,ESL Challenger League Season 49 Asia-Pacific,0
hltv_match_2378532,2025-01-24 08:00:00+00:00,Just Swing,TYLOO,,,team2,ESL Challenger League Season 49 Asia-Pacific,0
hltv_match_2378528,2025-01-24 08:00:00+00:00,FengDa,Lynn Vision,,,team2,ESL Challenger League Season 49 Asia-Pacific,0
hltv_match_2378536,2025-01-24 08:45:00+00:00,Lynn Vision,FengDa,,,team1,ESL Challenger League Season 49 Asia-Pacific,0
hltv_match_2378539,2025-01-24 09:00:00+00:00,THE,The Huns,,,team2,ESL Challenger League Season 49 Asia-Pacific,0
hltv_match_2378540,2025-01-24 09:15:00+00:00,TYLOO,Just Swing,,,team1,ESL Challenger League Season 49 Asia-Pacific,0
hltv_match_2378708,2025-01-24 10:00:00+00:00,Aurora,OG,,,team2,CCT Season 2 Europe Series 16,0
hltv_match_2378678,2025-01-24 10:00:00+00:00,Sashi,Fire Flux,,,team2,ESL Challenger League Season 49 Europe,0
hltv_match_2378456,2025-01-24 10:00:00+00:00,Vitality,Eternal Fire,,,team2,BLAST Bounty 2025 Season 1 Finals,0
hltv_match_2378709,2025-01-24 13:00:00+00:00,Monte,CYBERSHOKE,,,team1,CCT Season 2 Europe Series 16,0
hltv_match_2378455,2025-01-24 13:15:00+00:00,Natus Vincere,paiN,,,team1,BLAST Bounty 2025 Season 1 Finals,0
hltv_match_2378680,2025-01-24 14:00:00+00:00,ARCRED,B8,,,team2,ESL Challenger League Season 49 Europe,0
hltv_match_2378679,2025-01-24 14:00:00+00:00,Spirit Academy,Zero Tenacity,,,team2,ESL Challenger League Season 49 Europe,0
hltv_match_2378733,2025-01-24 14:00:00+00:00,Betclic,Fire Flux,,,team2,CCT Season 2 Europe Series 17 Closed Qualifier,0
hltv_match_2378685,2025-01-24 14:00:00+00:00,Nemiga,500,,,team1,ESL Challenger League Season 49 Europe,0
hltv_match_2378683,2025-01-24 14:00:00+00:00,Rebels,GUN5,,,team1,ESL Challenger League Season 49 Europe,0
hltv_match_2378649,2025-01-24 18:00:00+00:00,Yawara,Fluxo,,,team2,ESL Challenger League Season 49 South America,0
hltv_match_2378656,2025-01-24 19:00:00+00:00,Fluxo,Yawara,,,team1,ESL Challenger League Season 49 South America,0
hltv_match_2378711,2025-01-25 07:00:00+00:00,fnatic,Rebels,,,team1,CCT Season 2 Europe Series 16,0
hltv_match_2378458,2025-01-25 10:00:00+00:00,G2,Eternal Fire,,,team2,BLAST Bounty 2025 Season 1 Finals,0
hltv_match_2378712,2025-01-25 10:30:00+00:00,ECSTATIC,Fire Flux,,,team1,CCT Season 2 Europe Series 16,0
hltv_match_2378713,2025-01-25 13:00:00+00:00,Spirit Academy,AMKAL,,,team1,CCT Season 2 Europe Series 16,0
hltv_match_2378459,2025-01-25 14:05:00+00:00,Natus Vincere,Spirit,,,team2,BLAST Bounty 2025 Season 1 Finals,0
hltv_match_2378740,2025-01-25 14:40:00+00:00,CPH Wolves,kONO,,,team1,CCT Season 2 Europe Series 17 Closed Qualifier,0
hltv_match_2378714,2025-01-26 05:00:00+00:00,HAVU,ECLOT,,,team2,European Pro League Season 22,0
hltv_match_2378734,2025-01-26 05:00:00+00:00,Aurora,Ninjas in Pyjamas,,,team1,CCT Season 2 Europe Series 17 Closed Qualifier,0
hltv_match_2378771,2025-01-26 07:00:00+00:00,Sashi,CYBERSHOKE,,,team1,CCT Season 2 Europe Series 16,0
hltv_match_2378726,2025-01-26 08:00:00+00:00,harizma,Rare Atom,,,team2,ESL Challenger League Season 49 Asia-Pacific,0
hltv_match_2378735,2025-01-26 08:20:00+00:00,FAVBET,UNiTY,,,team1,CCT Season 2 Europe Series 17 Closed Qualifier,0
hltv_match_2378727,2025-01-26 08:40:00+00:00,Rare Atom,harizma,,,team2,ESL Challenger League Season 49 Asia-Pacific,0
hltv_match_2378460,2025-01-26 10:00:00+00:00,Eternal Fire,Spirit,,,team2,BLAST Bounty 2025 Season 1 Finals,0
hltv_match_2378736,2025-01-26 11:40:00+00:00,Zero Tenacity,AMKAL,,,team2,CCT Season 2 Europe Series 17 Closed Qualifier,0
hltv_match_2378773,2025-01-26 13:10:00+00:00,PARIVISION,Rebels,,,team1,CCT Season 2 Europe Series 16,0
hltv_match_2378764,2025-01-26 21:30:00+00:00,Mythic,Akimbo,,,team2,CCT Season 2 North America Series 4,0
hltv_match_2378716,2025-01-27 04:00:00+00:00,Insilio,Leo,,,team1,European Pro League Season 22,0
hltv_match_2378742,2025-01-27 05:00:00+00:00,Ninjas in Pyjamas,UNiTY,,,team1,CCT Season 2 Europe Series 17 Closed Qualifier,0
hltv_match_2378774,2025-01-27 07:00:00+00:00,SINNERS,OG,,,team1,CCT Season 2 Europe Series 16,0
hltv_match_2378717,2025-01-27 07:10:00+00:00,Aurora,Alliance,,,team1,European Pro League Season 22,0
hltv_match_2378792,2025-01-27 08:00:00+00:00,Chinggis Warriors,FengDa,,,team2,ESL Challenger League Season 49 Asia-Pacific,0
hltv_match_2378793,2025-01-27 08:50:00+00:00,FengDa,Chinggis Warriors,,,team2,ESL Challenger League Season 49 Asia-Pacific,0
hltv_match_2378775,2025-01-27 10:45:00+00:00,Monte,AMKAL,,,team2,CCT Season 2 Europe Series 16,0
hltv_match_2378744,2025-01-27 11:20:00+00:00,Aurora,FAVBET,,,team2,CCT Season 2 Europe Series 17 Closed Qualifier,0
hltv_match_2378846,2025-01-27 14:00:00+00:00,CPH Wolves,Monte,,,team2,ESL Challenger League Season 49 Europe,0
hltv_match_2378844,2025-01-27 14:00:00+00:00,Betera,Fire Flux,,,team1,ESL Challenger League Season 49 Europe,0
hltv_match_2378847,2025-01-27 14:00:00+00:00,PARIVISION,JiJieHao,,,team1,ESL Challenger League Season 49 Europe,0
hltv_match_2378845,2025-01-27 14:00:00+00:00,500,CYBERSHOKE,,,team1,ESL Challenger League Season 49 Europe,0
hltv_match_2378802,2025-01-27 18:00:00+00:00,GameHunters,Fluxo,,,team2,ESL Challenger League Season 49 South America,0
hltv_match_2378807,2025-01-27 18:45:00+00:00,Fluxo,GameHunters,,,team1,ESL Challenger League Season 49 South America,0
hltv_match_2378848,2025-01-27 21:00:00+00:00,NRG,BOSS,,,team2,ESL Challenger League Season 49 North America,0
hltv_match_2378854,2025-01-27 22:25:00+00:00,BOSS,NRG,,,team2,ESL Challenger League Season 49 North America,0
hltv_match_2378746,2025-01-28 05:00:00+00:00,ECSTATIC,kONO,,,team1,CCT Season 2 Europe Series 17 Closed Qualifier,0
hltv_match_2378796,2025-01-28 08:00:00+00:00,Lynn Vision,The Huns,,,team1,ESL Challenger League Season 49 Asia-Pacific,0
hltv_match_2378797,2025-01-28 09:00:00+00:00,The Huns,Lynn Vision,,,team1,ESL Challenger League Season 49 Asia-Pacific,0
hltv_match_2378778,2025-01-28 10:00:00+00:00,Sashi,PARIVISION,,,team2,CCT Season 2 Europe Series 16,0
hltv_match_2378748,2025-01-28 11:00:00+00:00,Ninjas in Pyjamas,Aurora,,,team1,CCT Season 2 Europe Series 17 Closed Qualifier,0
hltv_match_2378779,2025-01-28 13:00:00+00:00,OG,Fire Flux,,,team1,CCT Season 2 Europe Series 16,0
hltv_match_2378881,2025-01-28 14:00:00+00:00,JiJieHao,CPH Wolves,,,team2,ESL Challenger League Season 49 Europe,0
hltv_match_2378880,2025-01-28 14:00:00+00:00,GUN5,Aurora,,,team1,ESL Challenger League Season 49 Europe,0
hltv_match_2378878,2025-01-28 14:00:00+00:00,Zero Tenacity,B8,,,team2,ESL Challenger League Season 49 Europe,0
hltv_match_2378882,2025-01-28 15:05:09+00:00,BetBoom,AMKAL,,,team2,CCT Season 2 Europe Series 16,0
hltv_match_2378769,2025-01-28 18:00:00+00:00,InControl,Mythic,,,team2,CCT Season 2 North America Series 4,0
hltv_match_2378808,2025-01-28 18:00:00+00:00,RED Canids,Yawara,,,team1,ESL Challenger League Season 49 South America,0
hltv_match_2378810,2025-01-28 18:00:00+00:00,KRÜ,Bounty Hunters,,,team1,ESL Challenger League Season 49 South America,0
hltv_match_2378814,2025-01-28 19:00:00+00:00,Yawara,RED Canids,,,team2,ESL Challenger League Season 49 South America,0
hltv_match_2378816,2025-01-28 19:10:00+00:00,Bounty Hunters,KRÜ,,,team2,ESL Challenger League Season 49 South America,0
hltv_match_2378419,2025-01-29 04:30:00+00:00,paiN,Virtus.pro,,,team1,IEM Katowice 2025 Play-in,0
hltv_match_2378417,2025-01-29 04:30:00+00:00,3DMAX,FlyQuest,,,team1,IEM Katowice 2025 Play-in,0
hltv_match_2378750,2025-01-29 05:00:00+00:00,AMKAL,ECSTATIC,,,team2,CCT Season 2 Europe Series 17 Closed Qualifier,0
hltv_match_2378918,2025-01-29 05:30:00+00:00,K27,Fire Flux,,,team1,Exort Series 7,0
hltv_match_2378721,2025-01-29 06:30:00+00:00,CPH Wolves,WOPA,,,team1,European Pro League Season 22,0
hltv_match_2378420,2025-01-29 07:00:00+00:00,SAW,GamerLegion,,,team2,IEM Katowice 2025 Play-in,0
hltv_match_2378418,2025-01-29 07:00:00+00:00,Astralis,MIBR,,,team2,IEM Katowice 2025 Play-in,0
hltv_match_2378751,2025-01-29 08:00:00+00:00,FAVBET,Betclic,,,team2,CCT Season 2 Europe Series 17 Closed Qualifier,0
hltv_match_2378421,2025-01-29 09:35:00+00:00,Wildcard,BIG,,,team1,IEM Katowice 2025 Play-in,0
hltv_match_2378422,2025-01-29 10:15:00+00:00,Imperial Valkyries,FURIA,,,team2,IEM Katowice 2025 Play-in,0
hltv_match_2378415,2025-01-29 12:55:00+00:00,Liquid,HEROIC,,,team2,IEM Katowice 2025 Play-in,0
hltv_match_2378888,2025-01-29 13:20:00+00:00,ENCE,OG,,,team1,CCT Season 2 Europe Series 16,0
hltv_match_2378753,2025-01-29 14:00:00+00:00,Fire Flux,Ninjas in Pyjamas,,,team1,CCT Season 2 Europe Series 17 Closed Qualifier,0
hltv_match_2378648,2025-01-29 17:00:00+00:00,ODDIK,RED Canids,,,team2,ESL Challenger League Season 49 South America,0
hltv_match_2378655,2025-01-29 18:25:00+00:00,RED Canids,ODDIK,,,team1,ESL Challenger League Season 49 South America,0
hltv_match_2378883,2025-01-30 07:00:00+00:00,B8,fnatic,,,team1,CCT Season 2 Europe Series 16,0
hltv_match_2378688,2025-01-30 07:30:00+00:00,Virtus.pro,SAW,,,team1,IEM Katowice 2025 Play-in,0
hltv_match_2378692,2025-01-30 07:30:00+00:00,paiN,GamerLegion,,,team2,IEM Katowice 2025 Play-in,0
hltv_match_2378691,2025-01-30 10:00:00+00:00,3DMAX,MIBR,,,team1,IEM Katowice 2025 Play-in,0
hltv_match_2378687,2025-01-30 10:00:00+00:00,FlyQuest,Astralis,,,team2,IEM Katowice 2025 Play-in,0
hltv_match_2378884,2025-01-30 10:10:00+00:00,Passion UA,SINNERS,,,team2,CCT Season 2 Europe Series 16,0
hltv_match_2378689,2025-01-30 12:30:00+00:00,BIG,Imperial Valkyries,,,team1,IEM Katowice 2025 Play-in,0
hltv_match_2378885,2025-01-30 13:00:00+00:00,GUN5,ECSTATIC,,,team2,CCT Season 2 Europe Series 16,0
hltv_match_2378690,2025-01-30 13:10:00+00:00,Eternal Fire,HEROIC,,,team1,IEM Katowice 2025 Play-in,0
hltv_match_2378827,2025-01-30 13:30:00+00:00,Fluxo,Bounty Hunters,,,team2,CCT Season 2 South America Series 6,0
hltv_match_2378725,2025-01-31 06:30:00+00:00,Insilio,Alliance,,,team2,European Pro League Season 22,0
hltv_match_2378693,2025-01-31 07:30:00+00:00,Wildcard,FURIA,,,team2,IEM Katowice 2025 Play-in,0
hltv_match_2378697,2025-01-31 10:00:00+00:00,BIG,HEROIC,,,team1,IEM Katowice 2025 Play-in,0
hltv_match_2378696,2025-01-31 10:45:00+00:00,Virtus.pro,MIBR,,,team1,IEM Katowice 2025 Play-in,0
hltv_match_2378694,2025-01-31 12:30:00+00:00,Liquid,Wildcard,,,team1,IEM Katowice 2025 Play-in,0
hltv_match_2378695,2025-01-31 12:50:00+00:00,paiN,Astralis,,,team2,IEM Katowice 2025 Play-in,0
hltv_match_2378889,2025-01-31 13:00:00+00:00,Metizport,Spirit Academy,,,team2,CCT Season 2 Europe Series 16,0
hltv_match_2378962,2025-01-31 14:00:00+00:00,RED Canids Academy,paiN Academy,,,team1,Liga Gamers Club 2025 Serie A January Cup,0
hltv_match_2378831,2025-01-31 14:10:00+00:00,Imperial,Legacy,,,team1,CCT Season 2 South America Series 6,0
hltv_match_2378832,2025-01-31 16:30:00+00:00,Sharks,BESTIA,,,team1,CCT Season 2 South America Series 6,0
hltv_match_2378833,2025-01-31 20:10:00+00:00,Bounty Hunters,RED Canids,,,team1,CCT Season 2 South America Series 6,0
hltv_match_2378890,2025-02-01 04:00:00+00:00,ENCE,ECSTATIC,,,team1,CCT Season 2 Europe Series 16,0
hltv_match_2378754,2025-02-01 05:00:00+00:00,fnatic,OG,,,team1,CCT Season 2 Europe Series 17,0
hltv_match_2378891,2025-02-01 07:00:00+00:00,Monte,AMKAL,,,team1,CCT Season 2 Europe Series 16,0
hltv_match_2378781,2025-02-01 07:30:00+00:00,Falcons,Eternal Fire,,,team2,IEM Katowice 2025,0
hltv_match_2378782,2025-02-01 07:30:00+00:00,Vitality,3DMAX,,,team1,IEM Katowice 2025,0
hltv_match_2378892,2025-02-01 10:00:00+00:00,B8,SINNERS,,,team2,CCT Season 2 Europe Series 16,0
hltv_match_2378780,2025-02-01 10:00:00+00:00,G2,Virtus.pro,,,team2,IEM Katowice 2025,0
hltv_match_2378783,2025-02-01 10:00:00+00:00,FaZe,BIG,,,team1,IEM Katowice 2025,0
hltv_match_2378786,2025-02-01 12:40:00+00:00,MOUZ,GamerLegion,,,team2,IEM Katowice 2025,0
hltv_match_2378893,2025-02-01 13:00:00+00:00,PARIVISION,Spirit Academy,,,team1,CCT Season 2 Europe Series 16,0
hltv_match_2378785,2025-02-01 13:05:00+00:00,Natus Vincere,FURIA,,,team1,IEM Katowice 2025,0
hltv_match_2378834,2025-02-01 13:30:00+00:00,Bounty Hunters,Imperial,,,team2,CCT Season 2 South America Series 6,0
hltv_match_2378969,2025-02-01 18:00:00+00:00,Lotus fe,Ghost,,,team2,ESL Impact League Season 7 North America Open Qualifier 1,0
hltv_match_2378758,2025-02-02 05:00:00+00:00,B8,Sashi,,,team1,CCT Season 2 Europe Series 17,0
hltv_match_2378894,2025-02-02 06:00:00+00:00,ENCE,Monte,,,team2,CCT Season 2 Europe Series 16,0
hltv_match_2378928,2025-02-02 07:00:00+00:00,CPH Wolves,ECLOT,,,team2,European Pro League Season 22,0
hltv_match_2378784,2025-02-02 07:30:00+00:00,Spirit,Astralis,,,team1,IEM Katowice 2025,0
hltv_match_2378787,2025-02-02 07:30:00+00:00,The MongolZ,Liquid,,,team1,IEM Katowice 2025,0
hltv_match_2378759,2025-02-02 08:00:00+00:00,500,Betclic,,,team2,CCT Season 2 Europe Series 17,0
hltv_match_2378927,2025-02-02 09:00:00+00:00,ENCE Academy,Alliance,,,team2,European Pro League Season 22,0
hltv_match_2378895,2025-02-02 09:30:00+00:00,PARIVISION,SINNERS,,,team1,CCT Season 2 Europe Series 16,0
hltv_match_2378898,2025-02-02 10:00:00+00:00,Falcons,G2,,,team2,IEM Katowice 2025,0
hltv_match_2378897,2025-02-02 10:45:00+00:00,Eternal Fire,Virtus.pro,,,team2,IEM Katowice 2025,0
hltv_match_2378760,2025-02-02 11:10:00+00:00,9INE,Fire Flux,,,team2,CCT Season 2 Europe Series 17,0
hltv_match_2378899,2025-02-02 13:10:00+00:00,Vitality,FaZe,,,team1,IEM Katowice 2025,0
hltv_match_2378896,2025-02-02 13:15:00+00:00,Monte,PARIVISION,,,team2,CCT Season 2 Europe Series 16,0
hltv_match_2378761,2025-02-02 14:00:00+00:00,Spirit Academy,ECSTATIC,,,team1,CCT Season 2 Europe Series 17,0
hltv_match_2378900,2025-02-02 14:25:00+00:00,3DMAX,BIG,,,team1,IEM Katowice 2025,0
hltv_match_2378970,2025-02-03 04:00:00+00:00,Alliance,ESC,,,team2,United21 League Season 26,0
hltv_match_2378971,2025-02-03 06:30:00+00:00,FAVBET,ENCE Academy,,,team1,United21 League Season 26,0
hltv_match_2378904,2025-02-03 07:30:00+00:00,GamerLegion,The MongolZ,,,team2,IEM Katowice 2025,0
hltv_match_2378902,2025-02-03 07:30:00+00:00,MOUZ,Liquid,,,team2,IEM Katowice 2025,0
hltv_match_2378955,2025-02-03 08:00:00+00:00,500,9INE,,,team1,CCT Season 2 Europe Series 17,0
hltv_match_2378973,2025-02-03 09:30:00+00:00,Leo,kONO,,,team2,United21 League Season 26,0
hltv_match_2378901,2025-02-03 10:00:00+00:00,FURIA,Astralis,,,team2,IEM Katowice 2025,0
hltv_match_2378903,2025-02-03 10:00:00+00:00,Natus Vincere,Spirit,,,team1,IEM Katowice 2025,0
hltv_match_2378906,2025-02-03 13:35:00+00:00,Eternal Fire,3DMAX,,,team1,IEM Katowice 2025,0
hltv_match_2378905,2025-02-03 13:45:00+00:00,G2,FaZe,,,team2,IEM Katowice 2025,0
hltv_match_2378957,2025-02-03 14:20:00+00:00,Monte,Sashi,,,team1,CCT Season 2 Europe Series 17,0
hltv_match_2378942,2025-02-03 21:00:00+00:00,Marsborne,Akimbo,,,team1,CCT Season 2 North America Series 4,0
hltv_match_2378932,2025-02-04 06:30:00+00:00,ECLOT,Alliance,,,team1,European Pro League Season 22,0
hltv_match_2378908,2025-02-04 07:30:00+00:00,Liquid,Spirit,,,team2,IEM Katowice 2025,0
hltv_match_2378907,2025-02-04 07:30:00+00:00,GamerLegion,Astralis,,,team1,IEM Katowice 2025,0
hltv_match_2378959,2025-02-04 08:00:00+00:00,fnatic,Betclic,,,team1,CCT Season 2 Europe Series 17,0
hltv_match_2378910,2025-02-04 10:00:00+00:00,Virtus.pro,Vitality,,,team2,IEM Katowice 2025,0
hltv_match_2378909,2025-02-04 10:00:00+00:00,Eternal Fire,FaZe,,,team1,IEM Katowice 2025,0
hltv_match_2378960,2025-02-04 11:10:00+00:00,SINNERS,Alliance,,,team2,CCT Season 2 Europe Series 17,0
hltv_match_2378992,2025-02-04 12:05:00+00:00,Aurora,Ninjas in Pyjamas,,,team1,CCT Season 2 Europe Series 18 Closed Qualifier,0
hltv_match_2378912,2025-02-04 12:30:00+00:00,The MongolZ,Natus Vincere,,,team2,IEM Katowice 2025,0
hltv_match_2378911,2025-02-04 12:45:00+00:00,GamerLegion,Spirit,,,team2,IEM Katowice 2025,0
hltv_match_2378961,2025-02-04 14:00:00+00:00,B8,Fire Flux,,,team1,CCT Season 2 Europe Series 17,0
hltv_match_2379018,2025-02-05 04:00:00+00:00,Imperial Valkyries,PARIVISION,,,team2,RES Showdown 1 Closed Qualifier,0
hltv_match_2378933,2025-02-05 04:00:00+00:00,GenOne,Alliance,,,team2,European Pro League Season 22,0
hltv_match_2379020,2025-02-05 05:00:00+00:00,SAW,BC.Game,,,team2,RES Showdown 1 Closed Qualifier,0
hltv_match_2379015,2025-02-05 05:00:00+00:00,ECLOT,ENCE,,,team2,RES Showdown 1 Closed Qualifier,0
hltv_match_2379016,2025-02-05 05:00:00+00:00,BetBoom,Ninjas in Pyjamas,,,team1,RES Showdown 1 Closed Qualifier,0
hltv_match_2379019,2025-02-05 05:00:00+00:00,Nemiga,B8,,,team2,RES Showdown 1 Closed Qualifier,0
hltv_match_2379017,2025-02-05 05:00:00+00:00,Metizport,Passion UA,,,team2,RES Showdown 1 Closed Qualifier,0
hltv_match_2379014,2025-02-05 05:00:00+00:00,Nexus,9INE,,,team2,RES Showdown 1 Closed Qualifier,0
hltv_match_2378934,2025-02-05 06:30:00+00:00,ENCE Academy,Aurora,,,team2,European Pro League Season 22,0
hltv_match_2378983,2025-02-05 06:30:00+00:00,Leo,GenOne,,,team1,United21 League Season 26,0
hltv_match_2379061,2025-02-05 08:00:00+00:00,Metizport,Ninjas in Pyjamas,,,team2,RES Showdown 1 Closed Qualifier,0
hltv_match_2379060,2025-02-05 08:00:00+00:00,Passion UA,BetBoom,,,team1,RES Showdown 1 Closed Qualifier,0
hltv_match_2379064,2025-02-05 08:00:00+00:00,500,BC.Game,,,team2,RES Showdown 1 Closed Qualifier,0
hltv_match_2379058,2025-02-05 08:30:00+00:00,9INE,ENCE,,,team2,RES Showdown 1 Closed Qualifier,0
hltv_match_2379059,2025-02-05 08:30:00+00:00,Nexus,ECLOT,,,team2,RES Showdown 1 Closed Qualifier,0
hltv_match_2379062,2025-02-05 08:45:00+00:00,PARIVISION,B8,,,team2,RES Showdown 1 Closed Qualifier,0
hltv_match_2378982,2025-02-05 09:00:00+00:00,Alliance,ENCE Academy,,,team2,United21 League Season 26,0
hltv_match_2379012,2025-02-05 10:00:00+00:00,Aurora,UNiTY,,,team1,CCT Season 2 Europe Series 18 Closed Qualifier,0
hltv_match_2379091,2025-02-05 12:00:00+00:00,Imperial,Fake do Biru,,,team1,ACE South American Masters Spring 2025 Closed Qualifier,0
hltv_match_2379093,2025-02-05 12:00:00+00:00,BESTIA,Bounty Hunters,,,team2,ACE South American Masters Spring 2025 Closed Qualifier,0
hltv_match_2379013,2025-02-05 13:30:00+00:00,kONO,Zero Tenacity,,,team1,CCT Season 2 Europe Series 18 Closed Qualifier,0
hltv_match_2378977,2025-02-05 14:00:00+00:00,SINNERS,OG,,,team2,CCT Season 2 Europe Series 17,0
hltv_match_2379100,2025-02-05 16:15:00+00:00,Bounty Hunters,ODDIK,,,team2,ACE South American Masters Spring 2025 Closed Qualifier,0
hltv_match_2379102,2025-02-05 16:25:00+00:00,9z,RED Canids,,,team2,ACE South American Masters Spring 2025 Closed Qualifier,0
hltv_match_2379115,2025-02-06 02:00:00+00:00,Rooster,Vantage,,,team2,EPL World Series Oceania Season 1,0
hltv_match_2378935,2025-02-06 04:00:00+00:00,Alliance,Aurora,,,team2,European Pro League Season 22,0
hltv_match_2378984,2025-02-06 04:00:00+00:00,ESC,FAVBET,,,team2,United21 League Season 26,0
hltv_match_2379066,2025-02-06 05:00:00+00:00,ECLOT,9INE,,,team2,RES Showdown 1 Closed Qualifier,0
hltv_match_2379069,2025-02-06 05:00:00+00:00,SAW,500,,,team2,RES Showdown 1 Closed Qualifier,0
hltv_match_2379068,2025-02-06 05:00:00+00:00,Nemiga,PARIVISION,,,team2,RES Showdown 1 Closed Qualifier,0
hltv_match_2379067,2025-02-06 05:00:00+00:00,Ninjas in Pyjamas,BetBoom,,,team2,RES Showdown 1 Closed Qualifier,0
hltv_match_2378978,2025-02-06 05:00:00+00:00,Monte,Betclic,,,team2,CCT Season 2 Europe Series 17,0
hltv_match_2378997,2025-02-06 07:00:00+00:00,CYBERSHOKE,AMKAL,,,team2,CCT Season 2 Europe Series 18 Closed Qualifier,0
hltv_match_2378998,2025-02-06 10:00:00+00:00,Betclic,CPH Wolves,,,team2,CCT Season 2 Europe Series 18 Closed Qualifier,0
hltv_match_2379047,2025-02-06 11:30:00+00:00,FAVBET,Betclic,,,team2,CCT Season 2 Europe Series 18 Closed Qualifier,0
hltv_match_2379103,2025-02-06 12:00:00+00:00,KRÜ,Fake do Biru,,,team2,ACE South American Masters Spring 2025 Closed Qualifier,0
hltv_match_2378980,2025-02-06 12:20:00+00:00,B8,Alliance,,,team1,CCT Season 2 Europe Series 17,0
hltv_match_2378981,2025-02-06 14:45:00+00:00,fnatic,Spirit Academy,,,team1,CCT Season 2 Europe Series 17,0
hltv_match_2379108,2025-02-06 16:00:00+00:00,Bounty Hunters,BESTIA,,,team2,ACE South American Masters Spring 2025 Closed Qualifier,0
hltv_match_2379169,2025-02-07 02:00:00+00:00,Chinggis Warriors,Eruption,,,team2,BLAST Rising Asia Spring 2025 Closed Qualifier,0
hltv_match_2379046,2025-02-07 04:00:00+00:00,Alliance,CYBERSHOKE,,,team2,CCT Season 2 Europe Series 18 Closed Qualifier,0
hltv_match_2378986,2025-02-07 04:00:00+00:00,ENCE Academy,kONO,,,team1,United21 League Season 26,0
hltv_match_2379073,2025-02-07 05:00:00+00:00,BC.Game,500,,,team2,RES Showdown 1 Closed Qualifier,0
hltv_match_2379072,2025-02-07 05:00:00+00:00,B8,PARIVISION,,,team2,RES Showdown 1 Closed Qualifier,0
hltv_match_2379071,2025-02-07 06:00:00+00:00,Passion UA,BetBoom,,,team1,RES Showdown 1 Closed Qualifier,0
hltv_match_2379022,2025-02-07 06:30:00+00:00,Monte,SINNERS,,,team2,CCT Season 2 Europe Series 17,0
hltv_match_2378987,2025-02-07 07:25:00+00:00,Leo,ESC,,,team2,United21 League Season 26,0
hltv_match_2379070,2025-02-07 08:00:00+00:00,ENCE,9INE,,,team2,RES Showdown 1 Closed Qualifier,0
hltv_match_2378913,2025-02-07 09:45:00+00:00,The MongolZ,Eternal Fire,,,team1,IEM Katowice 2025,0
hltv_match_2379112,2025-02-07 12:00:00+00:00,ODDIK,BESTIA,,,team2,ACE South American Masters Spring 2025 Closed Qualifier,0
hltv_match_2378914,2025-02-07 13:20:00+00:00,Virtus.pro,Spirit,,,team2,IEM Katowice 2025,0
hltv_match_2379211,2025-02-07 18:15:00+00:00,paiN Academy,KRÜ,,,team2,IEM Dallas 2025 South America Open Qualifier,0
hltv_match_2379212,2025-02-07 18:25:00+00:00,Galorys,2070,,,team1,IEM Dallas 2025 South America Open Qualifier,0
hltv_match_2379213,2025-02-07 18:30:00+00:00,Imperial,ShindeN,,,team1,IEM Dallas 2025 South America Open Qualifier,0
hltv_match_2379216,2025-02-07 18:50:00+00:00,GameHunters,BESTIA,,,team2,IEM Dallas 2025 South America Open Qualifier,0
hltv_match_2379217,2025-02-07 19:15:00+00:00,ODDIK,Fake do Biru,,,team1,IEM Dallas 2025 South America Open Qualifier,0
hltv_match_2379117,2025-02-08 01:00:00+00:00,SemperFi,Underground,,,team1,EPL World Series Oceania Season 1,0
hltv_match_2379167,2025-02-08 02:00:00+00:00,Just Swing,DXA,,,team1,BLAST Rising Asia Spring 2025 Closed Qualifier,0
hltv_match_2378938,2025-02-08 04:00:00+00:00,ECLOT,Aurora,,,team2,European Pro League Season 22,0
hltv_match_2379206,2025-02-08 05:00:00+00:00,TYLOO,harizma,,,team1,IEM Dallas 2025 Asia Open Qualifier,0
hltv_match_2379171,2025-02-08 05:00:00+00:00,Rooster,SemperFi,,,team2,BLAST Rising Asia Spring 2025 Closed Qualifier,0
hltv_match_2379205,2025-02-08 05:00:00+00:00,NomadS,IHC,,,team2,IEM Dallas 2025 Asia Open Qualifier,0
hltv_match_2379075,2025-02-08 05:00:00+00:00,HEROIC,Passion UA,,,team1,RES Showdown 1: BLAST Premier Rising Event,0
hltv_match_2379074,2025-02-08 05:00:00+00:00,GamerLegion,PARIVISION,,,team2,RES Showdown 1: BLAST Premier Rising Event,0
hltv_match_2379209,2025-02-08 06:15:00+00:00,IHC,The Huns,,,team2,IEM Dallas 2025 Asia Open Qualifier,0
hltv_match_2379025,2025-02-08 06:30:00+00:00,Spirit Academy,Alliance,,,team1,CCT Season 2 Europe Series 17,0
hltv_match_2378988,2025-02-08 07:15:00+00:00,ENCE Academy,ESC,,,team2,United21 League Season 26,0
hltv_match_2379076,2025-02-08 08:00:00+00:00,Astralis,9INE,,,team1,RES Showdown 1: BLAST Premier Rising Event,0
hltv_match_2379077,2025-02-08 08:00:00+00:00,BIG,500,,,team2,RES Showdown 1: BLAST Premier Rising Event,0
hltv_match_2378915,2025-02-08 09:45:00+00:00,Vitality,The MongolZ,,,team1,IEM Katowice 2025,0
hltv_match_2379052,2025-02-08 10:05:00+00:00,AMKAL,CYBERSHOKE,,,team2,CCT Season 2 Europe Series 18 Closed Qualifier,0
hltv_match_2379084,2025-02-08 10:15:00+00:00,Fluxo,Imperial,,,team2,ACE SA Masters 2025 Season 1 - BLAST Premier Rising Event,0
hltv_match_2379085,2025-02-08 12:20:00+00:00,Sharks,BESTIA,,,team1,ACE SA Masters 2025 Season 1 - BLAST Premier Rising Event,0
hltv_match_2378916,2025-02-08 13:00:00+00:00,Natus Vincere,Spirit,,,team2,IEM Katowice 2025,0
hltv_match_2379254,2025-02-08 13:00:00+00:00,Partizan,BC.Game,,,team2,IEM Dallas 2025 Europe Open Qualifier,0
hltv_match_2379087,2025-02-08 13:15:00+00:00,MIBR,Legacy,,,team1,ACE SA Masters 2025 Season 1 - BLAST Premier Rising Event,0
hltv_match_2379253,2025-02-08 13:15:00+00:00,ENCE,Zero Tenacity,,,team2,IEM Dallas 2025 Europe Open Qualifier,0
hltv_match_2379258,2025-02-08 14:15:00+00:00,BC.Game,Zero Tenacity,,,team1,IEM Dallas 2025 Europe Open Qualifier,0
hltv_match_2379226,2025-02-08 14:30:00+00:00,FlyQuest RED,InControl,,,team2,ACE North American Masters Spring 2025 Closed Qualifier,0
hltv_match_2379086,2025-02-08 14:40:00+00:00,paiN,RED Canids,,,team1,ACE SA Masters 2025 Season 1 - BLAST Premier Rising Event,0
hltv_match_2379219,2025-02-08 16:00:00+00:00,Imperial,KRÜ,,,team1,IEM Dallas 2025 South America Open Qualifier,0
hltv_match_2379222,2025-02-08 16:00:00+00:00,BESTIA,ODDIK,,,team1,IEM Dallas 2025 South America Open Qualifier,0
hltv_match_2379268,2025-02-08 17:15:00+00:00,BESTIA,Legacy,,,team2,IEM Dallas 2025 South America Open Qualifier,0
hltv_match_2378953,2025-02-08 21:00:00+00:00,NRG,BOSS,,,team1,CCT Season 2 North America Series 4,0
hltv_match_2379173,2025-02-08 23:00:00+00:00,Chinggis Warriors,Mindfreak,,,team1,BLAST Rising Asia Spring 2025 Closed Qualifier,0
hltv_match_2379175,2025-02-08 23:35:00+00:00,DXA,Rooster,,,team2,BLAST Rising Asia Spring 2025 Closed Qualifier,0
hltv_match_2379176,2025-02-09 02:20:00+00:00,JiJieHao,Rare Atom,,,team2,BLAST Rising Asia Spring 2025 Closed Qualifier,0
hltv_match_2379179,2025-02-09 02:20:00+00:00,Just Swing,SemperFi,,,team2,BLAST Rising Asia Spring 2025 Closed Qualifier,0
hltv_match_2379078,2025-02-09 05:00:00+00:00,HEROIC,PARIVISION,,,team2,RES Showdown 1: BLAST Premier Rising Event,0
hltv_match_2379028,2025-02-09 06:30:00+00:00,Sashi,OG,,,team1,CCT Season 2 Europe Series 17,0
hltv_match_2378990,2025-02-09 06:30:00+00:00,FAVBET,ESC,,,team1,United21 League Season 26,0
hltv_match_2379079,2025-02-09 08:00:00+00:00,500,Astralis,,,team2,RES Showdown 1: BLAST Premier Rising Event,0
hltv_match_2379088,2025-02-09 10:05:00+00:00,Imperial,paiN,,,team1,ACE SA Masters 2025 Season 1 - BLAST Premier Rising Event,0
hltv_match_2378917,2025-02-09 11:00:00+00:00,Vitality,Spirit,,,team1,IEM Katowice 2025,0
hltv_match_2379080,2025-02-09 11:30:00+00:00,PARIVISION,Astralis,,,team2,RES Showdown 1: BLAST Premier Rising Event,0
hltv_match_2379089,2025-02-09 12:00:00+00:00,Sharks,MIBR,,,team2,ACE SA Masters 2025 Season 1 - BLAST Premier Rising Event,0
hltv_match_2379030,2025-02-09 12:30:00+00:00,SINNERS,Fire Flux,,,team2,CCT Season 2 Europe Series 17,0
hltv_match_2379234,2025-02-09 16:30:00+00:00,Marsborne,M80,,,team2,ACE North American Masters Spring 2025 Closed Qualifier,0
hltv_match_2379090,2025-02-09 16:30:00+00:00,Imperial,MIBR,,,team1,ACE SA Masters 2025 Season 1 - BLAST Premier Rising Event,0
hltv_match_2379197,2025-02-09 16:30:00+00:00,KRÜ,Atrix,,,team1,CCT Season 2 South America Series 7,0
hltv_match_2379198,2025-02-09 19:30:00+00:00,Dusty Roots,Yawara,,,team1,CCT Season 2 South America Series 7,0
hltv_match_2379183,2025-02-09 23:25:00+00:00,Rooster,Just Swing,,,team1,BLAST Rising Asia Spring 2025 Closed Qualifier,0
hltv_match_2379124,2025-02-10 02:00:00+00:00,Underground,Mindfreak,,,team2,EPL World Series Oceania Season 1,0
hltv_match_2379185,2025-02-10 02:15:00+00:00,Eruption,Chinggis Warriors,,,team2,BLAST Rising Asia Spring 2025 Closed Qualifier,0
hltv_match_2379187,2025-02-10 03:15:00+00:00,SemperFi,Rooster,,,team2,BLAST Rising Asia Spring 2025 Closed Qualifier,0
hltv_match_2379141,2025-02-10 04:00:00+00:00,fnatic,ECSTATIC,,,team1,CCT Season 2 Europe Series 18,0
hltv_match_2379272,2025-02-10 05:00:00+00:00,OG,Astralis,,,team2,IEM Dallas 2025 Europe Closed Qualifier,0
hltv_match_2379271,2025-02-10 05:00:00+00:00,BIG,BC.Game,,,team2,IEM Dallas 2025 Europe Closed Qualifier,0
hltv_match_2379270,2025-02-10 05:00:00+00:00,Nemiga,BetBoom,,,team2,IEM Dallas 2025 Europe Closed Qualifier,0
hltv_match_2379156,2025-02-10 07:00:00+00:00,ECLOT,NIP Impact,,,team1,YaLLa Compass Winter 2025,0
hltv_match_2379276,2025-02-10 08:00:00+00:00,Hesta,GamerLegion,,,team2,IEM Dallas 2025 Europe Closed Qualifier,0
hltv_match_2379274,2025-02-10 08:10:00+00:00,Zero Tenacity,HEROIC,,,team2,IEM Dallas 2025 Europe Closed Qualifier,0
hltv_match_2379275,2025-02-10 08:15:00+00:00,Nexus,Metizport,,,team2,IEM Dallas 2025 Europe Closed Qualifier,0
hltv_match_2379143,2025-02-10 10:00:00+00:00,GUN5,SINNERS,,,team1,CCT Season 2 Europe Series 18,0
hltv_match_2379199,2025-02-10 10:30:00+00:00,ODDIK,Players,,,team1,CCT Season 2 South America Series 7,0
hltv_match_2379277,2025-02-10 11:00:00+00:00,Falcons,BetBoom,,,team1,IEM Dallas 2025 Europe Closed Qualifier,0
hltv_match_2379278,2025-02-10 11:20:00+00:00,Astralis,BC.Game,,,team2,IEM Dallas 2025 Europe Closed Qualifier,0
hltv_match_2379003,2025-02-10 12:00:00+00:00,Spirit Academy,1win,,,team1,BetBoom LanDaLan 2025,0
hltv_match_2379280,2025-02-10 12:15:00+00:00,OG,BIG,,,team2,IEM Dallas 2025 Europe Closed Qualifier,0
hltv_match_2379281,2025-02-10 14:00:00+00:00,HEROIC,3DMAX,,,team2,IEM Dallas 2025 Europe Closed Qualifier,0
hltv_match_2379282,2025-02-10 14:00:00+00:00,Metizport,GamerLegion,,,team2,IEM Dallas 2025 Europe Closed Qualifier,0
hltv_match_2379284,2025-02-10 15:00:00+00:00,Nexus,Hesta,,,team2,IEM Dallas 2025 Europe Closed Qualifier,0
hltv_match_2379246,2025-02-10 19:00:00+00:00,M80,Marsborne,,,team1,ACE North American Masters Spring 2025 Closed Qualifier,0
hltv_match_2379188,2025-02-10 23:15:00+00:00,ATOX,Rooster,,,team1,BLAST Rising Asia 2025 Season 1,0
hltv_match_2379125,2025-02-11 02:00:00+00:00,Vantage,Mindfreak,,,team2,EPL World Series Oceania Season 1,0
hltv_match_2379189,2025-02-11 02:10:00+00:00,TYLOO,Rare Atom,,,team2,BLAST Rising Asia 2025 Season 1,0
hltv_match_2379158,2025-02-11 04:00:00+00:00,Sashi,FORZE Reload,,,team2,YaLLa Compass Winter 2025,0
hltv_match_2379145,2025-02-11 04:00:00+00:00,Monte,CYBERSHOKE,,,team1,CCT Season 2 Europe Series 18,0
hltv_match_2379301,2025-02-11 04:30:00+00:00,The Huns,Lynn Vision,,,team1,IEM Dallas 2025 Asia Closed Qualifier,0
hltv_match_2379300,2025-02-11 04:30:00+00:00,ATOX,TYLOO,,,team1,IEM Dallas 2025 Asia Closed Qualifier,0
hltv_match_2379286,2025-02-11 05:00:00+00:00,BIG,HEROIC,,,team2,IEM Dallas 2025 Europe Closed Qualifier,0
hltv_match_2379285,2025-02-11 05:00:00+00:00,Nemiga,Metizport,,,team2,IEM Dallas 2025 Europe Closed Qualifier,0
hltv_match_2379288,2025-02-11 08:10:00+00:00,BetBoom,Hesta,,,team1,IEM Dallas 2025 Europe Closed Qualifier,0
hltv_match_2379287,2025-02-11 08:10:00+00:00,Astralis,Zero Tenacity,,,team1,IEM Dallas 2025 Europe Closed Qualifier,0
hltv_match_2379006,2025-02-11 09:30:00+00:00,Insilio,K27,,,team1,BetBoom LanDaLan 2025,0
hltv_match_2379302,2025-02-11 09:40:00+00:00,ATOX,The Huns,,,team1,IEM Dallas 2025 Asia Closed Qualifier,0
hltv_match_2379303,2025-02-11 09:40:00+00:00,TYLOO,Lynn Vision,,,team2,IEM Dallas 2025 Asia Closed Qualifier,0
hltv_match_2379147,2025-02-11 10:00:00+00:00,9INE,CPH Wolves,,,team1,CCT Season 2 Europe Series 18,0
hltv_match_2379292,2025-02-11 10:30:00+00:00,ShindeN,Atrix,,,team1,CCT Season 2 South America Series 7,0
hltv_match_2379289,2025-02-11 11:15:00+00:00,HEROIC,Metizport,,,team1,IEM Dallas 2025 Europe Closed Qualifier,0
hltv_match_2379293,2025-02-11 13:30:00+00:00,Players,Yawara,,,team2,CCT Season 2 South America Series 7,0
hltv_match_2379290,2025-02-11 14:00:00+00:00,Astralis,BetBoom,,,team1,IEM Dallas 2025 Europe Closed Qualifier,0
hltv_match_2379307,2025-02-11 15:30:00+00:00,Imperial,Fluxo,,,team2,IEM Dallas 2025 South America Closed Qualifier,0
hltv_match_2379306,2025-02-11 15:30:00+00:00,Sharks,Legacy,,,team2,IEM Dallas 2025 South America Closed Qualifier,0
hltv_match_2379312,2025-02-11 17:30:00+00:00,NRG,Marsborne,,,team1,IEM Dallas 2025 North America Closed Qualifier,0
hltv_match_2379309,2025-02-11 19:30:00+00:00,Sharks,Imperial,,,team1,IEM Dallas 2025 South America Closed Qualifier,0
hltv_match_2379308,2025-02-11 19:30:00+00:00,Legacy,Fluxo,,,team1,IEM Dallas 2025 South America Closed Qualifier,0
hltv_match_2379314,2025-02-11 21:30:00+00:00,BOSS,NRG,,,team2,IEM Dallas 2025 North America Closed Qualifier,0
hltv_match_2379191,2025-02-11 22:30:00+00:00,The Huns,Chinggis Warriors,,,team1,BLAST Rising Asia 2025 Season 1,0
hltv_match_2379318,2025-02-12 04:00:00+00:00,BC.Game,CYBERSHOKE,,,team1,CCT Season 2 Europe Series 18,0
hltv_match_2379304,2025-02-12 04:30:00+00:00,Lynn Vision,The Huns,,,team1,IEM Dallas 2025 Asia Closed Qualifier,0
hltv_match_2379031,2025-02-12 05:00:00+00:00,Partizan,fnatic,,,team1,CCT Season 2 Europe Series 17,0
hltv_match_2379128,2025-02-12 05:00:00+00:00,Mindfreak,SemperFi,,,team2,EPL World Series Oceania Season 1,0
hltv_match_2379161,2025-02-12 07:00:00+00:00,Zero Tenacity,CYBERSHOKE,,,team2,YaLLa Compass Winter 2025,0
hltv_match_2379319,2025-02-12 07:00:00+00:00,Sashi,CPH Wolves,,,team1,CCT Season 2 Europe Series 18,0
hltv_match_2379032,2025-02-12 08:00:00+00:00,GUN5,B8,,,team2,CCT Season 2 Europe Series 17,0
hltv_match_2379305,2025-02-12 08:30:00+00:00,ATOX,Lynn Vision,,,team2,IEM Dallas 2025 Asia Closed Qualifier,0
hltv_match_2379081,2025-02-12 09:40:00+00:00,Spirit Academy,K27,,,team1,BetBoom LanDaLan 2025,0
hltv_match_2379033,2025-02-12 11:00:00+00:00,ENCE,Alliance,,,team1,CCT Season 2 Europe Series 17,0
hltv_match_2379034,2025-02-12 14:00:00+00:00,ECLOT,Spirit Academy,,,team1,CCT Season 2 Europe Series 17,0
hltv_match_2379310,2025-02-12 15:30:00+00:00,Sharks,Fluxo,,,team2,IEM Dallas 2025 South America Closed Qualifier,0
hltv_match_2379297,2025-02-12 16:50:00+00:00,ODDIK,MIBR Academy,,,team1,CCT Season 2 South America Series 7,0
hltv_match_2379311,2025-02-12 19:30:00+00:00,Legacy,Fluxo,,,team1,IEM Dallas 2025 South America Closed Qualifier,0
hltv_match_2379192,2025-02-12 23:00:00+00:00,ATOX,Rare Atom,,,team1,BLAST Rising Asia 2025 Season 1,0
hltv_match_2379193,2025-02-13 02:00:00+00:00,The Huns,Lynn Vision,,,team1,BLAST Rising Asia 2025 Season 1,0
hltv_match_2379162,2025-02-13 04:00:00+00:00,ESC,kONO,,,team2,YaLLa Compass Winter 2025,0
hltv_match_2379035,2025-02-13 05:00:00+00:00,Nemiga,Sashi,,,team1,CCT Season 2 Europe Series 17,0
hltv_match_2379194,2025-02-13 05:55:00+00:00,ATOX,The Huns,,,team1,BLAST Rising Asia 2025 Season 1,0
hltv_match_2379036,2025-02-13 08:00:00+00:00,Nexus,Fire Flux,,,team1,CCT Season 2 Europe Series 17,0
hltv_match_2379324,2025-02-13 10:00:00+00:00,fnatic,500,,,team1,CCT Season 2 Europe Series 18,0
hltv_match_2379037,2025-02-13 11:25:00+00:00,Passion UA,Betclic,,,team1,CCT Season 2 Europe Series 17,0
hltv_match_2379368,2025-02-13 13:30:00+00:00,Players,Atrix,,,team1,CCT Season 2 South America Series 7,0
hltv_match_2379326,2025-02-14 03:00:00+00:00,MOUZ,BIG,,,team1,PGL Cluj-Napoca 2025,0
hltv_match_2379327,2025-02-14 03:50:00+00:00,3DMAX,Virtus.pro,,,team1,PGL Cluj-Napoca 2025,0
hltv_match_2379039,2025-02-14 05:00:00+00:00,Nexus,Partizan,,,team2,CCT Season 2 Europe Series 17,0
hltv_match_2379328,2025-02-14 05:20:00+00:00,FaZe,SAW,,,team1,PGL Cluj-Napoca 2025,0
hltv_match_2379329,2025-02-14 07:10:00+00:00,Falcons,FlyQuest,,,team1,PGL Cluj-Napoca 2025,0
hltv_match_2379040,2025-02-14 08:00:00+00:00,ECLOT,500,,,team2,CCT Season 2 Europe Series 17,0
hltv_match_2379332,2025-02-14 09:15:00+00:00,paiN,Astralis,,,team1,PGL Cluj-Napoca 2025,0
hltv_match_2379331,2025-02-14 09:20:00+00:00,MIBR,Wildcard,,,team2,PGL Cluj-Napoca 2025,0
hltv_match_2379371,2025-02-14 10:30:00+00:00,ShindeN,GameHunters,,,team1,CCT Season 2 South America Series 7,0
hltv_match_2379041,2025-02-14 11:00:00+00:00,Nemiga,B8,,,team2,CCT Season 2 Europe Series 17,0
hltv_match_2379333,2025-02-14 11:50:00+00:00,Eternal Fire,Imperial Valkyries,,,team1,PGL Cluj-Napoca 2025,0
hltv_match_2379435,2025-02-14 12:00:00+00:00,NRG,M80,,,team2,ACE NA Masters 2025 Season 1 - BLAST Premier Rising Event,0
hltv_match_2379378,2025-02-14 13:00:00+00:00,500,BC.Game,,,team2,CCT Season 2 Europe Series 18,0
hltv_match_2379372,2025-02-14 13:30:00+00:00,KRÜ,Bounty Hunters,,,team2,CCT Season 2 South America Series 7,0
hltv_match_2379042,2025-02-14 14:00:00+00:00,ENCE,Passion UA,,,team1,CCT Season 2 Europe Series 17,0
hltv_match_2379437,2025-02-14 16:40:00+00:00,M80,BOSS,,,team1,ACE NA Masters 2025 Season 1 - BLAST Premier Rising Event,0
hltv_match_2379133,2025-02-14 23:00:00+00:00,DXA,SemperFi,,,team2,DFRAG Invitational 2025 Closed Qualifier,0
hltv_match_2379334,2025-02-15 03:00:00+00:00,MOUZ,3DMAX,,,team1,PGL Cluj-Napoca 2025,0
hltv_match_2379335,2025-02-15 03:00:00+00:00,BIG,FlyQuest,,,team1,PGL Cluj-Napoca 2025,0
hltv_match_2379379,2025-02-15 04:00:00+00:00,Sashi,SINNERS,,,team1,CCT Season 2 Europe Series 18,0
hltv_match_2379336,2025-02-15 05:20:00+00:00,The MongolZ,Wildcard,,,team1,PGL Cluj-Napoca 2025,0
hltv_match_2379043,2025-02-15 06:30:00+00:00,500,B8,,,team1,CCT Season 2 Europe Series 17,0
hltv_match_2379338,2025-02-15 08:05:00+00:00,FaZe,Eternal Fire,,,team1,PGL Cluj-Napoca 2025,0
hltv_match_2379339,2025-02-15 08:15:00+00:00,MIBR,Imperial Valkyries,,,team1,PGL Cluj-Napoca 2025,0
hltv_match_2379044,2025-02-15 09:40:00+00:00,Partizan,ENCE,,,team1,CCT Season 2 Europe Series 17,0
hltv_match_2379381,2025-02-15 10:00:00+00:00,GUN5,9INE,,,team2,CCT Season 2 Europe Series 18,0
hltv_match_2379341,2025-02-15 10:00:00+00:00,SAW,Astralis,,,team2,PGL Cluj-Napoca 2025,0
hltv_match_2379440,2025-02-15 10:10:00+00:00,BAKS,Hesta,,,team1,PGL Bucharest 2025 Europe Open Qualifier 1,0
hltv_match_2379439,2025-02-15 10:10:00+00:00,OG,Rebels,,,team2,PGL Bucharest 2025 Europe Open Qualifier 1,0
hltv_match_2379465,2025-02-15 11:05:00+00:00,Ninjas in Pyjamas,RUBY,,,team1,PGL Bucharest 2025 Europe Open Qualifier 1,0
hltv_match_2379340,2025-02-15 11:15:00+00:00,Falcons,paiN,,,team2,PGL Cluj-Napoca 2025,0
hltv_match_2379463,2025-02-15 11:20:00+00:00,BAKS,kONO,,,team2,PGL Bucharest 2025 Europe Open Qualifier 1,0
hltv_match_2379382,2025-02-15 13:00:00+00:00,fnatic,Monte,,,team2,CCT Season 2 Europe Series 18,0
hltv_match_2379045,2025-02-15 13:40:00+00:00,500,Partizan,,,team1,CCT Season 2 Europe Series 17,0
hltv_match_2379466,2025-02-15 13:50:00+00:00,Rebels,kONO,,,team1,PGL Bucharest 2025 Europe Open Qualifier 1,0
hltv_match_2379468,2025-02-15 17:10:00+00:00,Ninjas in Pyjamas,Rebels,,,team1,PGL Bucharest 2025 Europe Open Qualifier 1,0
hltv_match_2379384,2025-02-15 17:10:00+00:00,Dusty Roots,Bounty Hunters,,,team2,CCT Season 2 South America Series 7,0
hltv_match_2379385,2025-02-15 20:30:00+00:00,KRÜ,GameHunters,,,team2,CCT Season 2 South America Series 7,0
hltv_match_2379342,2025-02-16 03:00:00+00:00,Eternal Fire,BIG,,,team1,PGL Cluj-Napoca 2025,0
hltv_match_2379343,2025-02-16 03:00:00+00:00,3DMAX,MIBR,,,team1,PGL Cluj-Napoca 2025,0
hltv_match_2379345,2025-02-16 05:10:00+00:00,Wildcard,Virtus.pro,,,team2,PGL Cluj-Napoca 2025,0
hltv_match_2379344,2025-02-16 05:15:00+00:00,Falcons,Astralis,,,team1,PGL Cluj-Napoca 2025,0
hltv_match_2379392,2025-02-16 06:00:00+00:00,500,CYBERSHOKE,,,team2,CCT Season 2 Europe Series 18,0
hltv_match_2379346,2025-02-16 08:25:00+00:00,MOUZ,FaZe,,,team2,PGL Cluj-Napoca 2025,0
hltv_match_2379349,2025-02-16 09:10:00+00:00,SAW,FlyQuest,,,team1,PGL Cluj-Napoca 2025,0
hltv_match_2379348,2025-02-16 10:40:00+00:00,paiN,The MongolZ,,,team2,PGL Cluj-Napoca 2025,0
hltv_match_2379394,2025-02-16 12:15:00+00:00,SINNERS,ECSTATIC,,,team2,CCT Season 2 Europe Series 18,0
hltv_match_2379601,2025-02-16 15:50:00+00:00,Nuclear TigeRES,K27,,,team2,CyberX Celebration Championship 2025,0
hltv_match_2379577,2025-02-17 04:00:00+00:00,ECLOT,FORZE Reload,,,team2,YaLLa Compass Winter 2025,0
hltv_match_2379351,2025-02-17 06:00:00+00:00,Wildcard,BIG,,,team2,PGL Cluj-Napoca 2025,0
hltv_match_2379350,2025-02-17 06:00:00+00:00,MOUZ,Falcons,,,team2,PGL Cluj-Napoca 2025,0
hltv_match_2379578,2025-02-17 07:00:00+00:00,kONO,CYBERSHOKE,,,team2,YaLLa Compass Winter 2025,0
hltv_match_2379353,2025-02-17 09:00:00+00:00,Astralis,MIBR,,,team1,PGL Cluj-Napoca 2025,0
hltv_match_2379352,2025-02-17 09:15:00+00:00,3DMAX,Eternal Fire,,,team2,PGL Cluj-Napoca 2025,0
hltv_match_2379605,2025-02-17 10:15:00+00:00,Hesta,Phantom,,,team1,PGL Bucharest 2025 Europe Open Qualifier 2,0
hltv_match_2379611,2025-02-17 11:40:00+00:00,Hesta,GenOne,,,team1,PGL Bucharest 2025 Europe Open Qualifier 2,0
hltv_match_2379397,2025-02-17 12:00:00+00:00,GUN5,BC.Game,,,team1,CCT Season 2 Europe Series 18,0
hltv_match_2379354,2025-02-17 12:35:00+00:00,paiN,Virtus.pro,,,team1,PGL Cluj-Napoca 2025,0
hltv_match_2379389,2025-02-17 13:55:00+00:00,Dusty Roots,MIBR Academy,,,team2,CCT Season 2 South America Series 7,0
hltv_match_2379614,2025-02-17 14:10:00+00:00,Hesta,Leo,,,team2,PGL Bucharest 2025 Europe Open Qualifier 2,0
hltv_match_2379615,2025-02-17 15:00:00+00:00,OG,CYBERSHOKE,,,team1,PGL Bucharest 2025 Europe Open Qualifier 2,0
hltv_match_2379390,2025-02-17 16:30:00+00:00,ShindeN,Yawara,,,team2,CCT Season 2 South America Series 7,0
hltv_match_2379616,2025-02-17 17:00:00+00:00,Leo,OG,,,team2,PGL Bucharest 2025 Europe Open Qualifier 2,0
hltv_match_2379391,2025-02-17 20:05:00+00:00,Players,GameHunters,,,team1,CCT Season 2 South America Series 7,0
hltv_match_2379356,2025-02-18 03:00:00+00:00,Astralis,BIG,,,team1,PGL Cluj-Napoca 2025,0
hltv_match_2379579,2025-02-18 04:00:00+00:00,9INE,UNiTY,,,team1,YaLLa Compass Winter 2025,0
hltv_match_2379358,2025-02-18 05:15:00+00:00,3DMAX,SAW,,,team2,PGL Cluj-Napoca 2025,0
hltv_match_2379398,2025-02-18 06:00:00+00:00,ECSTATIC,CYBERSHOKE,,,team2,CCT Season 2 Europe Series 18,0
hltv_match_2379580,2025-02-18 07:00:00+00:00,Sashi,NIP Impact,,,team1,YaLLa Compass Winter 2025,0
hltv_match_2379357,2025-02-18 07:55:00+00:00,MOUZ,Virtus.pro,,,team1,PGL Cluj-Napoca 2025,0
hltv_match_2379449,2025-02-18 08:00:00+00:00,Rare Atom,THE,,,team2,ESL Challenger League Season 49 Asia-Pacific,0
hltv_match_2379446,2025-02-18 08:00:00+00:00,FengDa,NomadS,,,team1,ESL Challenger League Season 49 Asia-Pacific,0
hltv_match_2379450,2025-02-18 08:45:00+00:00,NomadS,FengDa,,,team1,ESL Challenger League Season 49 Asia-Pacific,0
hltv_match_2379453,2025-02-18 09:10:00+00:00,THE,Rare Atom,,,team2,ESL Challenger League Season 49 Asia-Pacific,0
hltv_match_2379399,2025-02-18 09:55:00+00:00,BC.Game,CPH Wolves,,,team1,CCT Season 2 Europe Series 18,0
hltv_match_2379575,2025-02-18 14:00:00+00:00,SINNERS,JiJieHao,,,team1,ESL Challenger League Season 49 Europe,0
hltv_match_2379574,2025-02-18 14:00:00+00:00,Monte,PARIVISION,,,team2,ESL Challenger League Season 49 Europe,0
hltv_match_2379573,2025-02-18 14:00:00+00:00,Fire Flux,Nemiga,,,team2,ESL Challenger League Season 49 Europe,0
hltv_match_2379572,2025-02-18 14:00:00+00:00,CYBERSHOKE,Sashi,,,team2,ESL Challenger League Season 49 Europe,0
hltv_match_2379533,2025-02-18 18:00:00+00:00,KRÜ,Yawara,,,team2,ESL Challenger League Season 49 South America,0
hltv_match_2379538,2025-02-18 19:00:00+00:00,Yawara,KRÜ,,,team1,ESL Challenger League Season 49 South America,0
hltv_match_2379585,2025-02-19 05:00:00+00:00,Rooster,Underground,,,team1,ESL Challenger League Season 49 Oceania,0
hltv_match_2379469,2025-02-19 05:00:00+00:00,Betclic,Ninjas in Pyjamas,,,team2,CCT Season 2 Europe Series 19 Closed Qualifier,0
hltv_match_2379586,2025-02-19 06:00:00+00:00,Underground,Rooster,,,team1,ESL Challenger League Season 49 Oceania,0
hltv_match_2379456,2025-02-19 08:00:00+00:00,The Huns,Chinggis Warriors,,,team1,ESL Challenger League Season 49 Asia-Pacific,0
hltv_match_2379454,2025-02-19 08:00:00+00:00,The QUBE,harizma,,,team1,ESL Challenger League Season 49 Asia-Pacific,0
hltv_match_2379458,2025-02-19 09:00:00+00:00,harizma,The QUBE,,,team1,ESL Challenger League Season 49 Asia-Pacific,0
hltv_match_2379460,2025-02-19 09:00:00+00:00,Chinggis Warriors,The Huns,,,team1,ESL Challenger League Season 49 Asia-Pacific,0
hltv_match_2379641,2025-02-19 09:30:00+00:00,Johnny Speeds,GenOne,,,team1,European Pro League 2nd Division Season 20,0
hltv_match_2379416,2025-02-19 10:30:00+00:00,Fluxo,Yawara,,,team1,CCT Season 2 South America Series 7,0
hltv_match_2379472,2025-02-19 14:00:00+00:00,ECSTATIC,Alliance,,,team2,CCT Season 2 Europe Series 19 Closed Qualifier,0
hltv_match_2379599,2025-02-19 14:00:00+00:00,Aurora,FAVBET,,,team1,ESL Challenger League Season 49 Europe,0
hltv_match_2379417,2025-02-19 14:40:00+00:00,9z,ODDIK,,,team2,CCT Season 2 South America Series 7,0
hltv_match_2379542,2025-02-19 18:00:00+00:00,Sharks,Bounty Hunters,,,team1,ESL Challenger League Season 49 South America,0
hltv_match_2379547,2025-02-19 19:20:00+00:00,Bounty Hunters,Sharks,,,team2,ESL Challenger League Season 49 South America,0
hltv_match_2379401,2025-02-20 04:00:00+00:00,Nexus,BC.Game,,,team2,CCT Season 2 Europe Series 18,0
hltv_match_2379583,2025-02-20 04:00:00+00:00,EYEBALLERS,Zero Tenacity,,,team2,YaLLa Compass Winter 2025,0
hltv_match_2379644,2025-02-20 07:45:00+00:00,Leo,WOPA,,,team2,European Pro League 2nd Division Season 20,0
hltv_match_2379291,2025-02-20 08:00:00+00:00,HEROIC,Astralis,,,team1,IEM Dallas 2025 Europe Closed Qualifier,0
hltv_match_2379403,2025-02-20 10:00:00+00:00,ECLOT,fnatic,,,team1,CCT Season 2 Europe Series 18,0
hltv_match_2379619,2025-02-20 11:00:00+00:00,Ninjas in Pyjamas,PARIVISION,,,team2,CCT Season 2 Europe Series 19 Closed Qualifier,0
hltv_match_2379404,2025-02-20 13:30:00+00:00,B8,Monte,,,team1,CCT Season 2 Europe Series 18,0
hltv_match_2379421,2025-02-20 13:30:00+00:00,Imperial,MIBR Academy,,,team1,CCT Season 2 South America Series 7,0
hltv_match_2379620,2025-02-20 14:00:00+00:00,9INE,Alliance,,,team1,CCT Season 2 Europe Series 19 Closed Qualifier,0
hltv_match_2379422,2025-02-20 16:30:00+00:00,Sharks,Bounty Hunters,,,team1,CCT Season 2 South America Series 7,0
hltv_match_2379359,2025-02-21 03:00:00+00:00,paiN,MOUZ,,,team2,PGL Cluj-Napoca 2025,0
hltv_match_2379645,2025-02-21 04:00:00+00:00,Lazer Cats,GenOne,,,team2,European Pro League 2nd Division Season 20,0
hltv_match_2379473,2025-02-21 05:00:00+00:00,BC.Game,EYEBALLERS,,,team1,CCT Season 2 Europe Series 19 Closed Qualifier,0
hltv_match_2379360,2025-02-21 05:50:00+00:00,The MongolZ,Astralis,,,team2,PGL Cluj-Napoca 2025,0
hltv_match_2379406,2025-02-21 07:00:00+00:00,Nemiga,CYBERSHOKE,,,team2,CCT Season 2 Europe Series 18,0
hltv_match_2379474,2025-02-21 08:15:00+00:00,OG,Aurora,,,team1,CCT Season 2 Europe Series 19 Closed Qualifier,0
hltv_match_2379361,2025-02-21 08:55:00+00:00,Falcons,Eternal Fire,,,team1,PGL Cluj-Napoca 2025,0
hltv_match_2379669,2025-02-21 10:00:00+00:00,CPH Wolves,Tricked,,,team2,PGL Bucharest 2025 Europe Open Qualifier 3,0
hltv_match_2379407,2025-02-21 10:00:00+00:00,Passion UA,GUN5,,,team2,CCT Season 2 Europe Series 18,0
hltv_match_2379670,2025-02-21 10:30:00+00:00,AMKAL,CYBERSHOKE,,,team2,PGL Bucharest 2025 Europe Open Qualifier 3,0
hltv_match_2379424,2025-02-21 10:30:00+00:00,Players,ODDIK,,,team2,CCT Season 2 South America Series 7,0
hltv_match_2379475,2025-02-21 11:00:00+00:00,ESC,Rebels,,,team1,CCT Season 2 Europe Series 19 Closed Qualifier,0
hltv_match_2379362,2025-02-21 12:40:00+00:00,FaZe,SAW,,,team1,PGL Cluj-Napoca 2025,0
hltv_match_2379408,2025-02-21 13:35:00+00:00,Partizan,9INE,,,team1,CCT Season 2 Europe Series 18,0
hltv_match_2379677,2025-02-21 14:50:00+00:00,Tricked,CYBERSHOKE,,,team2,PGL Bucharest 2025 Europe Open Qualifier 3,0
hltv_match_2379662,2025-02-21 15:25:00+00:00,ENCE Academy,HAVU,,,team1,Elisa Open Finland Season 8 Finals,0
hltv_match_2379678,2025-02-21 17:00:00+00:00,BASEMENT BOYS,CYBERSHOKE,,,team2,PGL Bucharest 2025 Europe Open Qualifier 3,0
hltv_match_2379427,2025-02-21 20:55:00+00:00,Imperial,Legacy,,,team1,CCT Season 2 South America Series 7,0
hltv_match_2379621,2025-02-22 05:00:00+00:00,EYEBALLERS,Aurora,,,team2,CCT Season 2 Europe Series 19 Closed Qualifier,0
hltv_match_2379410,2025-02-22 07:00:00+00:00,BC.Game,Partizan,,,team1,CCT Season 2 Europe Series 18,0
hltv_match_2379680,2025-02-22 07:05:00+00:00,Lazer Cats,kONO,,,team2,United21 League Season 27,0
hltv_match_2379411,2025-02-22 10:00:00+00:00,CYBERSHOKE,B8,,,team2,CCT Season 2 Europe Series 18,0
hltv_match_2379363,2025-02-22 10:00:00+00:00,MOUZ,Astralis,,,team1,PGL Cluj-Napoca 2025,0
hltv_match_2379623,2025-02-22 11:00:00+00:00,BC.Game,OG,,,team2,CCT Season 2 Europe Series 19 Closed Qualifier,0
hltv_match_2379428,2025-02-22 13:30:00+00:00,ODDIK,Sharks,,,team2,CCT Season 2 South America Series 7,0
hltv_match_2379624,2025-02-22 14:00:00+00:00,Fire Flux,ESC,,,team1,CCT Season 2 Europe Series 19 Closed Qualifier,0
hltv_match_2379364,2025-02-22 14:00:00+00:00,Falcons,FaZe,,,team1,PGL Cluj-Napoca 2025,0
hltv_match_2379429,2025-02-22 16:30:00+00:00,Fluxo,Imperial,,,team2,CCT Season 2 South America Series 7,0
hltv_match_2379430,2025-02-22 20:10:00+00:00,Sharks,Imperial,,,team2,CCT Season 2 South America Series 7,0
hltv_match_2379649,2025-02-23 04:00:00+00:00,GenOne,WOPA,,,team1,European Pro League 2nd Division Season 20,0
hltv_match_2379625,2025-02-23 05:00:00+00:00,Betclic,Ninjas in Pyjamas,,,team2,CCT Season 2 Europe Series 19 Closed Qualifier,0
hltv_match_2379682,2025-02-23 08:00:00+00:00,GenOne,Johnny Speeds,,,team2,United21 League Season 27,0
hltv_match_2379365,2025-02-23 08:00:00+00:00,Astralis,FaZe,,,team1,PGL Cluj-Napoca 2025,0
hltv_match_2379735,2025-02-23 10:00:00+00:00,Insilio,ARCRED,,,team2,PGL Bucharest 2025 Europe Open Qualifier 4,0
hltv_match_2379728,2025-02-23 10:00:00+00:00,MASONIC,K27,,,team2,PGL Bucharest 2025 Europe Open Qualifier 4,0
hltv_match_2379739,2025-02-23 11:10:00+00:00,ARCRED,CPH Wolves,,,team1,PGL Bucharest 2025 Europe Open Qualifier 4,0
hltv_match_2379736,2025-02-23 11:15:00+00:00,K27,Inner Circle,,,team2,PGL Bucharest 2025 Europe Open Qualifier 4,0
hltv_match_2379415,2025-02-23 12:20:00+00:00,B8,BC.Game,,,team1,CCT Season 2 Europe Series 18,0
hltv_match_2379366,2025-02-23 12:50:00+00:00,MOUZ,Falcons,,,team1,PGL Cluj-Napoca 2025,0
hltv_match_2379626,2025-02-23 15:35:00+00:00,Aurora,BC.Game,,,team2,CCT Season 2 Europe Series 19 Closed Qualifier,0
hltv_match_2379785,2025-02-23 18:45:00+00:00,Rooster,Vantage,,,team2,MESA Asian Masters 2025 Oceania Closed Qualifier,0
hltv_match_2379759,2025-02-23 21:30:00+00:00,ATOX,HOTU,,,team2,MESA Asian Masters 2025 Asia Closed Qualifier,0
hltv_match_2379761,2025-02-24 03:20:00+00:00,The Huns,Eruption,,,team1,MESA Asian Masters 2025 Asia Closed Qualifier,0
hltv_match_2379720,2025-02-24 04:00:00+00:00,ESC,Ninjas in Pyjamas,,,team1,CCT Season 2 Europe Series 20 Closed Qualifier,0
hltv_match_2379746,2025-02-24 04:00:00+00:00,CPH Wolves,UNiTY,,,team1,YaLLa Compass Winter 2025,0
hltv_match_2379683,2025-02-24 04:00:00+00:00,Leo,Lazer Cats,,,team1,United21 League Season 27,0
hltv_match_2379629,2025-02-24 05:00:00+00:00,9INE,BC.Game,,,team2,CCT Season 2 Europe Series 19 Closed Qualifier,0
hltv_match_2379762,2025-02-24 06:00:00+00:00,Chinggis Warriors,The QUBE,,,team1,MESA Asian Masters 2025 Asia Closed Qualifier,0
hltv_match_2379721,2025-02-24 07:20:00+00:00,OG,Tricked,,,team1,CCT Season 2 Europe Series 20 Closed Qualifier,0
hltv_match_2379630,2025-02-24 08:00:00+00:00,Fire Flux,Ninjas in Pyjamas,,,team1,CCT Season 2 Europe Series 19 Closed Qualifier,0
hltv_match_2379743,2025-02-24 10:00:00+00:00,Sashi,Nemiga,,,team2,ESL Challenger League Season 49 Europe,0
hltv_match_2379745,2025-02-24 12:00:00+00:00,Spirit Academy,ARCRED,,,team2,ESL Challenger League Season 49 Europe,0
hltv_match_2379744,2025-02-24 12:00:00+00:00,500,Betera,,,team1,ESL Challenger League Season 49 Europe,0
hltv_match_2379764,2025-02-24 23:30:00+00:00,Eruption,The QUBE,,,team1,MESA Asian Masters 2025 Asia Closed Qualifier,0
hltv_match_2379765,2025-02-25 03:00:00+00:00,HOTU,NomadS,,,team1,MESA Asian Masters 2025 Asia Closed Qualifier,0
hltv_match_2379831,2025-02-25 04:00:00+00:00,Ninjas in Pyjamas,Tricked,,,team2,CCT Season 2 Europe Series 20 Closed Qualifier,0
hltv_match_2379748,2025-02-25 04:00:00+00:00,ECLOT,Zero Tenacity,,,team1,YaLLa Compass Winter 2025,0
hltv_match_2379766,2025-02-25 05:30:00+00:00,The Huns,Chinggis Warriors,,,team2,MESA Asian Masters 2025 Asia Closed Qualifier,0
hltv_match_2379756,2025-02-25 07:00:00+00:00,JiJieHao,Al-Ittihad,,,team1,MESA Asian Masters 2025 MENA Closed Qualifier,0
hltv_match_2379807,2025-02-25 08:00:00+00:00,Nemiga,CYBERSHOKE,,,team2,ESL Challenger League Season 49 Europe,0
hltv_match_2379695,2025-02-25 08:00:00+00:00,THE,The QUBE,,,team1,ESL Challenger League Season 49 Asia-Pacific,0
hltv_match_2379699,2025-02-25 08:55:00+00:00,The QUBE,THE,,,team1,ESL Challenger League Season 49 Asia-Pacific,0
hltv_match_2379833,2025-02-25 10:00:00+00:00,ESC,OG,,,team2,CCT Season 2 Europe Series 20 Closed Qualifier,0
hltv_match_2379803,2025-02-25 14:00:00+00:00,Fire Flux,500,,,team1,ESL Challenger League Season 49 Europe,0
hltv_match_2379802,2025-02-25 14:00:00+00:00,Betera,Sashi,,,team1,ESL Challenger League Season 49 Europe,0
hltv_match_2379806,2025-02-25 14:00:00+00:00,SINNERS,CPH Wolves,,,team2,ESL Challenger League Season 49 Europe,0
hltv_match_2379767,2025-02-25 21:25:00+00:00,ATOX,The Huns,,,team1,MESA Asian Masters 2025 Asia Closed Qualifier,0
hltv_match_2379780,2025-02-25 23:00:00+00:00,FengDa,Change The Game,,,team2,MESA Asian Masters 2025 China Closed Qualifier,0
hltv_match_2379768,2025-02-26 00:25:00+00:00,Eruption,NomadS,,,team1,MESA Asian Masters 2025 Asia Closed Qualifier,0
hltv_match_2379633,2025-02-26 05:00:00+00:00,Partizan,500,,,team2,CCT Season 2 Europe Series 19,0
hltv_match_2379724,2025-02-26 07:10:00+00:00,BC.Game,PARIVISION,,,team2,CCT Season 2 Europe Series 20 Closed Qualifier,0
hltv_match_2379688,2025-02-26 07:15:00+00:00,GenOne,kONO,,,team2,United21 League Season 27,0
hltv_match_2379701,2025-02-26 08:00:00+00:00,NomadS,The Huns,,,team2,ESL Challenger League Season 49 Asia-Pacific,0
hltv_match_2379704,2025-02-26 08:00:00+00:00,Lynn Vision,Rare Atom,,,team2,ESL Challenger League Season 49 Asia-Pacific,0
hltv_match_2379758,2025-02-26 08:10:00+00:00,JiJieHao,Al-Ittihad,,,team1,MESA Asian Masters 2025 MENA Closed Qualifier,0
hltv_match_2379709,2025-02-26 08:50:00+00:00,Rare Atom,Lynn Vision,,,team2,ESL Challenger League Season 49 Asia-Pacific,0
hltv_match_2379706,2025-02-26 09:10:00+00:00,The Huns,NomadS,,,team1,ESL Challenger League Season 49 Asia-Pacific,0
hltv_match_2379687,2025-02-26 10:15:00+00:00,Leo,Johnny Speeds,,,team1,United21 League Season 27,0
hltv_match_2379820,2025-02-26 13:30:00+00:00,BIG EQUIPA,NIP Impact,,,team2,ESL Impact League Season 7 Europe,0
hltv_match_2379797,2025-02-26 14:00:00+00:00,ARCRED,Zero Tenacity,,,team2,ESL Challenger League Season 49 Europe,0
hltv_match_2379636,2025-02-26 14:00:00+00:00,fnatic,BC.Game,,,team1,CCT Season 2 Europe Series 19,0
hltv_match_2379800,2025-02-26 14:00:00+00:00,Aurora,Rebels,,,team1,ESL Challenger League Season 49 Europe,0
hltv_match_2379799,2025-02-26 14:00:00+00:00,FAVBET,GUN5,,,team1,ESL Challenger League Season 49 Europe,0
hltv_match_2379823,2025-02-26 16:30:00+00:00,FURIA fe,Brave Bears,,,team1,ESL Impact League Season 7 South America,0
hltv_match_2379565,2025-02-26 18:00:00+00:00,ODDIK,Sharks,,,team1,ESL Challenger League Season 49 South America,0
hltv_match_2379570,2025-02-26 19:10:00+00:00,Sharks,ODDIK,,,team2,ESL Challenger League Season 49 South America,0
hltv_match_2379770,2025-02-27 01:00:00+00:00,ATOX,Eruption,,,team1,MESA Asian Masters 2025 Asia Closed Qualifier,0
hltv_match_2379751,2025-02-27 04:00:00+00:00,CYBERSHOKE,FORZE Reload,,,team1,YaLLa Compass Winter 2025,0
hltv_match_2379771,2025-02-27 05:00:00+00:00,HOTU,ATOX,,,team2,MESA Asian Masters 2025 Asia Closed Qualifier,0
hltv_match_2379690,2025-02-27 07:20:00+00:00,kONO,Leo,,,team1,United21 League Season 27,0
hltv_match_2379711,2025-02-27 08:00:00+00:00,The QUBE,FengDa,,,team2,ESL Challenger League Season 49 Asia-Pacific,0
hltv_match_2379638,2025-02-27 08:00:00+00:00,Spirit Academy,Zero Tenacity,,,team1,CCT Season 2 Europe Series 19,0
hltv_match_2379712,2025-02-27 08:50:00+00:00,FengDa,The QUBE,,,team1,ESL Challenger League Season 49 Asia-Pacific,0
hltv_match_2379837,2025-02-27 10:00:00+00:00,Alliance,PARIVISION,,,team1,CCT Season 2 Europe Series 20 Closed Qualifier,0
hltv_match_2379639,2025-02-27 11:00:00+00:00,GUN5,Fire Flux,,,team1,CCT Season 2 Europe Series 19,0
hltv_match_2379838,2025-02-27 13:25:00+00:00,FAVBET,ECSTATIC,,,team2,CCT Season 2 Europe Series 20 Closed Qualifier,0
hltv_match_2379990,2025-02-27 13:30:00+00:00,MIBR Academy,Yawara,,,team2,Liga Gamers Club 2025 Serie A February Cup,0
hltv_match_2379816,2025-02-27 19:30:00+00:00,ShindeN,paiN Academy,,,team1,CCT Season 2 South America Series 8,0
hltv_match_2379529,2025-02-27 21:00:00+00:00,Legacy,Akimbo,,,team1,ESL Challenger League Season 49 North America,0
hltv_match_2379530,2025-02-27 22:00:00+00:00,Akimbo,Legacy,,,team2,ESL Challenger League Season 49 North America,0
hltv_match_2379839,2025-02-28 04:00:00+00:00,Tricked,ESC,,,team1,CCT Season 2 Europe Series 20 Closed Qualifier,0
hltv_match_2379855,2025-02-28 05:00:00+00:00,Partizan,PARIVISION,,,team1,CCT Season 2 Europe Series 19,0
hltv_match_2379856,2025-02-28 08:55:00+00:00,Sashi,Zero Tenacity,,,team2,CCT Season 2 Europe Series 19,0
hltv_match_2379841,2025-02-28 10:00:00+00:00,BC.Game,PARIVISION,,,team2,CCT Season 2 Europe Series 20 Closed Qualifier,0
hltv_match_2379857,2025-02-28 11:00:00+00:00,SINNERS,Fire Flux,,,team1,CCT Season 2 Europe Series 19,0
hltv_match_2379858,2025-02-28 14:35:00+00:00,Monte,BC.Game,,,team1,CCT Season 2 Europe Series 19,0
hltv_match_2379866,2025-02-28 19:30:00+00:00,GameHunters,paiN Academy,,,team2,CCT Season 2 South America Series 8,0
hltv_match_2379843,2025-03-01 04:00:00+00:00,ECSTATIC,Tricked,,,team1,CCT Season 2 Europe Series 20 Closed Qualifier,0
hltv_match_2379992,2025-03-01 04:30:00+00:00,Eternal Fire,Mindfreak,,,team1,ESL Pro League Season 21 Stage 1,0
hltv_match_2379993,2025-03-01 04:30:00+00:00,M80,FlyQuest,,,team1,ESL Pro League Season 21 Stage 1,0
hltv_match_2379995,2025-03-01 07:00:00+00:00,3DMAX,TYLOO,,,team2,ESL Pro League Season 21 Stage 1,0
hltv_match_2379994,2025-03-01 07:00:00+00:00,HEROIC,SAW,,,team2,ESL Pro League Season 21 Stage 1,0
hltv_match_2379844,2025-03-01 07:00:00+00:00,Aurora,PARIVISION,,,team2,CCT Season 2 Europe Series 20 Closed Qualifier,0
hltv_match_2379997,2025-03-01 09:30:00+00:00,MIBR,Nemiga,,,team1,ESL Pro League Season 21 Stage 1,0
hltv_match_2380096,2025-03-01 09:30:00+00:00,Johnny Speeds,ESC,,,team1,European Pro League Season 23,0
hltv_match_2379996,2025-03-01 10:10:00+00:00,FURIA,Lynn Vision,,,team1,ESL Pro League Season 21 Stage 1,0
hltv_match_2379861,2025-03-01 11:10:00+00:00,fnatic,GUN5,,,team1,CCT Season 2 Europe Series 19,0
hltv_match_2379998,2025-03-01 12:15:00+00:00,GamerLegion,NRG,,,team1,ESL Pro League Season 21 Stage 1,0
hltv_match_2379846,2025-03-01 13:00:00+00:00,OG,FAVBET,,,team1,CCT Season 2 Europe Series 20 Closed Qualifier,0
hltv_match_2379868,2025-03-01 13:30:00+00:00,Dusty Roots,Players,,,team1,CCT Season 2 South America Series 8,0
hltv_match_2380185,2025-03-01 16:00:00+00:00,Wanted Goons,Amped,,,team1,Fragadelphia Block 2025,0
hltv_match_2380186,2025-03-01 16:15:00+00:00,LAG,Revel,,,team1,Fragadelphia Block 2025,0
hltv_match_2380189,2025-03-01 20:05:00+00:00,Wanted Goons,Marsborne,,,team2,Fragadelphia Block 2025,0
hltv_match_2380014,2025-03-02 04:30:00+00:00,FlyQuest,Lynn Vision,,,team1,ESL Pro League Season 21 Stage 1,0
hltv_match_2380015,2025-03-02 04:30:00+00:00,3DMAX,Mindfreak,,,team1,ESL Pro League Season 21 Stage 1,0
hltv_match_2380079,2025-03-02 05:00:00+00:00,Sashi,PARIVISION,,,team2,CCT Season 2 Europe Series 19,0
hltv_match_2380016,2025-03-02 07:00:00+00:00,Eternal Fire,TYLOO,,,team2,ESL Pro League Season 21 Stage 1,0
hltv_match_2380098,2025-03-02 07:20:00+00:00,WOPA,kONO,,,team2,European Pro League Season 23,0
hltv_match_2380080,2025-03-02 08:00:00+00:00,BC.Game,Fire Flux,,,team1,CCT Season 2 Europe Series 19,0
hltv_match_2380019,2025-03-02 09:30:00+00:00,Nemiga,NRG,,,team2,ESL Pro League Season 21 Stage 1,0
hltv_match_2380018,2025-03-02 09:30:00+00:00,FURIA,SAW,,,team2,ESL Pro League Season 21 Stage 1,0
hltv_match_2380021,2025-03-02 12:00:00+00:00,GamerLegion,MIBR,,,team1,ESL Pro League Season 21 Stage 1,0
hltv_match_2380020,2025-03-02 12:50:00+00:00,paiN,M80,,,team2,ESL Pro League Season 21 Stage 1,0
hltv_match_2380090,2025-03-02 19:30:00+00:00,ShindeN,2070,,,team1,CCT Season 2 South America Series 8,0
hltv_match_2379847,2025-03-03 04:10:00+00:00,Partizan,Sashi,,,team2,CCT Season 2 Europe Series 20,0
hltv_match_2380022,2025-03-03 04:30:00+00:00,HEROIC,3DMAX,,,team2,ESL Pro League Season 21 Stage 1,0
hltv_match_2380083,2025-03-03 05:00:00+00:00,GUN5,SINNERS,,,team1,CCT Season 2 Europe Series 19,0
hltv_match_2380025,2025-03-03 07:00:00+00:00,Nemiga,Mindfreak,,,team1,ESL Pro League Season 21 Stage 1,0
hltv_match_2380024,2025-03-03 07:10:00+00:00,GamerLegion,TYLOO,,,team1,ESL Pro League Season 21 Stage 1,0
hltv_match_2380085,2025-03-03 08:00:00+00:00,Spirit Academy,Monte,,,team1,CCT Season 2 Europe Series 19,0
hltv_match_2380027,2025-03-03 09:30:00+00:00,M80,SAW,,,team2,ESL Pro League Season 21 Stage 1,0
hltv_match_2379849,2025-03-03 10:00:00+00:00,fnatic,Betclic,,,team2,CCT Season 2 Europe Series 20,0
hltv_match_2380026,2025-03-03 10:20:00+00:00,FURIA,MIBR,,,team2,ESL Pro League Season 21 Stage 1,0
hltv_match_2380028,2025-03-03 12:30:00+00:00,Eternal Fire,NRG,,,team1,ESL Pro League Season 21 Stage 1,0
hltv_match_2380029,2025-03-03 12:35:00+00:00,FlyQuest,paiN,,,team1,ESL Pro League Season 21 Stage 1,0
hltv_match_2380120,2025-03-03 21:00:00+00:00,Legacy,InControl,,,team1,ESL Challenger League Season 49 North America,0
hltv_match_2380121,2025-03-03 22:00:00+00:00,InControl,Legacy,,,team2,ESL Challenger League Season 49 North America,0
hltv_match_2379851,2025-03-04 04:00:00+00:00,GUN5,ECSTATIC,,,team2,CCT Season 2 Europe Series 20,0
hltv_match_2380101,2025-03-04 04:00:00+00:00,Aurora,ENCE Academy,,,team1,European Pro League Season 23,0
hltv_match_2380105,2025-03-04 04:00:00+00:00,CPH Wolves,FORZE Reload,,,team2,YaLLa Compass Winter 2025,0
hltv_match_2380155,2025-03-04 06:30:00+00:00,SINNERS,PARIVISION,,,team2,CCT Season 2 Europe Series 19,0
hltv_match_2380030,2025-03-04 07:30:00+00:00,MIBR,TYLOO,,,team1,ESL Pro League Season 21 Stage 1,0
hltv_match_2380031,2025-03-04 07:30:00+00:00,HEROIC,Nemiga,,,team2,ESL Pro League Season 21 Stage 1,0
hltv_match_2380156,2025-03-04 09:30:00+00:00,Monte,Zero Tenacity,,,team1,CCT Season 2 Europe Series 19,0
hltv_match_2379853,2025-03-04 10:00:00+00:00,SINNERS,PARIVISION,,,team1,CCT Season 2 Europe Series 20,0
hltv_match_2380032,2025-03-04 10:00:00+00:00,Eternal Fire,FlyQuest,,,team1,ESL Pro League Season 21 Stage 1,0
hltv_match_2380033,2025-03-04 10:55:00+00:00,paiN,Lynn Vision,,,team1,ESL Pro League Season 21 Stage 1,0
hltv_match_2380263,2025-03-04 11:30:00+00:00,GenOne,Insilio,,,team2,ESEA Advanced Season 52 Europe,0
hltv_match_2380268,2025-03-04 12:00:00+00:00,1win,Leo,,,team1,ESEA Advanced Season 52 Europe,0
hltv_match_2380157,2025-03-04 12:30:00+00:00,Partizan,BC.Game,,,team2,CCT Season 2 Europe Series 19,0
hltv_match_2380034,2025-03-04 12:30:00+00:00,3DMAX,M80,,,team1,ESL Pro League Season 21 Stage 1,0
hltv_match_2380221,2025-03-04 13:30:00+00:00,GameHunters,2070,,,team1,CCT Season 2 South America Series 8,0
hltv_match_2380035,2025-03-04 14:25:00+00:00,FURIA,NRG,,,team1,ESL Pro League Season 21 Stage 1,0
hltv_match_2380107,2025-03-05 04:00:00+00:00,EYEBALLERS,kONO,,,team2,YaLLa Compass Winter 2025,0
hltv_match_2380201,2025-03-05 07:00:00+00:00,ENCE Academy,ECLOT,,,team2,European Pro League Season 23,0
hltv_match_2380148,2025-03-05 07:00:00+00:00,Partizan,OG,,,team2,CCT Season 2 Europe Series 20,0
hltv_match_2380036,2025-03-05 07:30:00+00:00,FlyQuest,TYLOO,,,team2,ESL Pro League Season 21 Stage 1,0
hltv_match_2380108,2025-03-05 08:00:00+00:00,UNiTY,ESC,,,team1,YaLLa Compass Winter 2025,0
hltv_match_2380149,2025-03-05 10:00:00+00:00,fnatic,GUN5,,,team1,CCT Season 2 Europe Series 20,0
hltv_match_2380196,2025-03-05 10:15:00+00:00,Leo,Johnny Speeds,,,team1,European Pro League Season 23,0
hltv_match_2380037,2025-03-05 11:30:00+00:00,paiN,Nemiga,,,team1,ESL Pro League Season 21 Stage 1,0
hltv_match_2380160,2025-03-05 13:10:00+00:00,Spirit Academy,fnatic,,,team2,CCT Season 2 Europe Series 19,0
hltv_match_2380038,2025-03-05 14:50:00+00:00,FURIA,M80,,,team1,ESL Pro League Season 21 Stage 1,0
hltv_match_2380140,2025-03-05 16:30:00+00:00,MIBR fe,thekillaz fe,,,team1,ESL Impact League Season 7 South America,0
hltv_match_2380225,2025-03-05 16:30:00+00:00,Yawara,paiN Academy,,,team2,CCT Season 2 South America Series 8,0
hltv_match_2380109,2025-03-06 04:00:00+00:00,ECLOT,UNiTY,,,team1,YaLLa Compass Winter 2025,0
hltv_match_2380254,2025-03-06 06:10:00+00:00,Rare Atom,Chinggis Warriors,,,team2,MESA Asian Masters 2025,0
hltv_match_2380198,2025-03-06 06:50:00+00:00,Sangal,kONO,,,team2,European Pro League Season 23,0
hltv_match_2380152,2025-03-06 07:00:00+00:00,SINNERS,ECSTATIC,,,team2,CCT Season 2 Europe Series 20,0
hltv_match_2380111,2025-03-06 10:00:00+00:00,CPH Wolves,kONO,,,team2,YaLLa Compass Winter 2025,0
hltv_match_2380153,2025-03-06 10:00:00+00:00,Sashi,Zero Tenacity,,,team2,CCT Season 2 Europe Series 20,0
hltv_match_2380270,2025-03-06 10:00:00+00:00,RUBY,Lazer Cats,,,team1,ESEA Advanced Season 52 Europe,0
hltv_match_2380271,2025-03-06 11:30:00+00:00,Nuclear TigeRES,Insilio,,,team1,ESEA Advanced Season 52 Europe,0
hltv_match_2380163,2025-03-06 12:30:00+00:00,Spirit Academy,BC.Game,,,team2,CCT Season 2 Europe Series 19,0
hltv_match_2380227,2025-03-06 13:30:00+00:00,Players,paiN Academy,,,team2,CCT Season 2 South America Series 8,0
hltv_match_2380154,2025-03-06 13:55:00+00:00,500,Betclic,,,team1,CCT Season 2 Europe Series 20,0
hltv_match_2380333,2025-03-06 16:15:00+00:00,seoul,NuTorious,,,team2,PGL Bucharest 2025 North America Closed Qualifier,0
hltv_match_2380141,2025-03-06 16:30:00+00:00,FURIA fe,Atrix,,,team1,ESL Impact League Season 7 South America,0
hltv_match_2380250,2025-03-06 22:45:00+00:00,JiJieHao,SemperFi,,,team1,MESA Asian Masters 2025,0
hltv_match_2380251,2025-03-07 00:35:00+00:00,Eruption,HOTU,,,team2,MESA Asian Masters 2025,0
hltv_match_2380253,2025-03-07 02:25:00+00:00,SemperFi,Eruption,,,team2,MESA Asian Masters 2025,0
hltv_match_2379885,2025-03-07 04:00:00+00:00,ECLOT,Rebels,,,team1,PGL Bucharest 2025 Europe Closed Qualifier,0
hltv_match_2379899,2025-03-07 04:00:00+00:00,Metizport,Leo,,,team2,PGL Bucharest 2025 Europe Closed Qualifier,0
hltv_match_2379913,2025-03-07 04:00:00+00:00,Nemiga,CYBERSHOKE,,,team1,PGL Bucharest 2025 Europe Closed Qualifier,0
hltv_match_2380040,2025-03-07 04:30:00+00:00,Vitality,MIBR,,,team1,ESL Pro League Season 21,0
hltv_match_2380039,2025-03-07 04:40:00+00:00,Spirit,TYLOO,,,team1,ESL Pro League Season 21,0
hltv_match_2380255,2025-03-07 05:15:00+00:00,JiJieHao,HOTU,,,team2,MESA Asian Masters 2025,0
hltv_match_2379872,2025-03-07 06:50:00+00:00,Passion UA,BC.Game,,,team1,PGL Bucharest 2025 Europe Closed Qualifier,0
hltv_match_2380200,2025-03-07 07:00:00+00:00,CPH Wolves,EYEBALLERS,,,team2,European Pro League Season 23,0
hltv_match_2380044,2025-03-07 07:00:00+00:00,The MongolZ,GamerLegion,,,team1,ESL Pro League Season 21,0
hltv_match_2379900,2025-03-07 07:00:00+00:00,Partizan,Betclic,,,team2,PGL Bucharest 2025 Europe Closed Qualifier,0
hltv_match_2379871,2025-03-07 07:00:00+00:00,ENCE,OG,,,team2,PGL Bucharest 2025 Europe Closed Qualifier,0
hltv_match_2380045,2025-03-07 07:30:00+00:00,Eternal Fire,3DMAX,,,team2,ESL Pro League Season 21,0
hltv_match_2379901,2025-03-07 09:00:00+00:00,Nexus,Ninjas in Pyjamas,,,team2,PGL Bucharest 2025 Europe Closed Qualifier,0
hltv_match_2379915,2025-03-07 09:00:00+00:00,BetBoom,ARCRED,,,team1,PGL Bucharest 2025 Europe Closed Qualifier,0
hltv_match_2380041,2025-03-07 09:30:00+00:00,Natus Vincere,SAW,,,team2,ESL Pro League Season 21,0
hltv_match_2380042,2025-03-07 09:45:00+00:00,MOUZ,FURIA,,,team1,ESL Pro League Season 21,0
hltv_match_2380306,2025-03-07 10:15:00+00:00,Sashi,Betclic,,,team2,CCT Season 2 Europe Series 20,0
hltv_match_2380043,2025-03-07 12:15:00+00:00,G2,paiN,,,team1,ESL Pro League Season 21,0
hltv_match_2379888,2025-03-07 12:15:00+00:00,GUN5,Monte,,,team1,PGL Bucharest 2025 Europe Closed Qualifier,0
hltv_match_2379973,2025-03-07 12:30:00+00:00,Dusty Roots,2070,,,team1,PGL Bucharest 2025 South America Closed Qualifier,0
hltv_match_2379916,2025-03-07 13:00:00+00:00,Spirit Academy,Sashi,,,team1,PGL Bucharest 2025 Europe Closed Qualifier,0
hltv_match_2380307,2025-03-07 13:00:00+00:00,SINNERS,OG,,,team2,CCT Season 2 Europe Series 20,0
hltv_match_2380046,2025-03-07 13:25:00+00:00,Falcons,Liquid,,,team1,ESL Pro League Season 21,0
hltv_match_2379960,2025-03-07 15:05:00+00:00,BESTIA,Tropa do KinGui,,,team1,PGL Bucharest 2025 South America Closed Qualifier,0
hltv_match_2379974,2025-03-07 15:10:00+00:00,Legacy,Galorys,,,team1,PGL Bucharest 2025 South America Closed Qualifier,0
hltv_match_2380348,2025-03-07 16:10:00+00:00,NuTorious,regain,,,team1,PGL Bucharest 2025 North America Closed Qualifier,0
hltv_match_2379947,2025-03-07 17:30:00+00:00,Yawara,GameHunters,,,team2,PGL Bucharest 2025 South America Closed Qualifier,0
hltv_match_2380358,2025-03-07 18:45:00+00:00,Mythic,NuTorious,,,team1,PGL Bucharest 2025 North America Closed Qualifier,0
hltv_match_2380256,2025-03-08 00:45:00+00:00,Rare Atom,Eruption,,,team1,MESA Asian Masters 2025,0
hltv_match_2379903,2025-03-08 04:00:00+00:00,Metizport,Partizan,,,team2,PGL Bucharest 2025 Europe Closed Qualifier,0
hltv_match_2380308,2025-03-08 04:00:00+00:00,Monte,PARIVISION,,,team1,CCT Season 2 Europe Series 20,0
hltv_match_2379889,2025-03-08 04:00:00+00:00,Rebels,9INE,,,team2,PGL Bucharest 2025 Europe Closed Qualifier,0
hltv_match_2380258,2025-03-08 04:15:00+00:00,Chinggis Warriors,HOTU,,,team2,MESA Asian Masters 2025,0
hltv_match_2380048,2025-03-08 04:30:00+00:00,Eternal Fire,MIBR,,,team1,ESL Pro League Season 21,0
hltv_match_2380047,2025-03-08 04:30:00+00:00,Natus Vincere,TYLOO,,,team1,ESL Pro League Season 21,0
hltv_match_2379890,2025-03-08 06:45:00+00:00,BASEMENT BOYS,Monte,,,team2,PGL Bucharest 2025 Europe Closed Qualifier,0
hltv_match_2380050,2025-03-08 07:00:00+00:00,GamerLegion,paiN,,,team2,ESL Pro League Season 21,0
hltv_match_2379920,2025-03-08 07:00:00+00:00,BetBoom,Spirit Academy,,,team2,PGL Bucharest 2025 Europe Closed Qualifier,0
hltv_match_2379904,2025-03-08 07:00:00+00:00,Nexus,500,,,team2,PGL Bucharest 2025 Europe Closed Qualifier,0
hltv_match_2380049,2025-03-08 07:30:00+00:00,G2,The MongolZ,,,team2,ESL Pro League Season 21,0
hltv_match_2379918,2025-03-08 07:35:00+00:00,ARCRED,Sashi,,,team2,PGL Bucharest 2025 Europe Closed Qualifier,0
hltv_match_2380285,2025-03-08 08:00:00+00:00,Lazer Cats,Wildcard Academy,,,team2,ESEA Advanced Season 52 Europe,0
hltv_match_2380165,2025-03-08 08:15:00+00:00,BIG,BC.Game,,,team2,CCT Season 2 Europe Series 19,0
hltv_match_2380313,2025-03-08 08:30:00+00:00,Monte,ECSTATIC,,,team1,A1 Gaming League Season 10,0
hltv_match_2380259,2025-03-08 08:30:00+00:00,JiJieHao,Rare Atom,,,team2,MESA Asian Masters 2025,0
hltv_match_2379905,2025-03-08 09:10:00+00:00,Leo,Betclic,,,team2,PGL Bucharest 2025 Europe Closed Qualifier,0
hltv_match_2379877,2025-03-08 10:00:00+00:00,Passion UA,OG,,,team2,PGL Bucharest 2025 Europe Closed Qualifier,0
hltv_match_2380052,2025-03-08 10:15:00+00:00,MOUZ,Falcons,,,team1,ESL Pro League Season 21,0
hltv_match_2380051,2025-03-08 10:55:00+00:00,Vitality,3DMAX,,,team1,ESL Pro League Season 21,0
hltv_match_2379919,2025-03-08 11:00:00+00:00,Nemiga,Zero Tenacity,,,team1,PGL Bucharest 2025 Europe Closed Qualifier,0
hltv_match_2380386,2025-03-08 11:00:00+00:00,RUBY,Nuclear TigeRES,,,team1,ESEA Advanced Season 52 Europe,0
hltv_match_2380279,2025-03-08 11:00:00+00:00,1win,GenOne,,,team2,ESEA Advanced Season 52 Europe,0
hltv_match_2379963,2025-03-08 12:05:00+00:00,Tropa do KinGui,MIBR Academy,,,team1,PGL Bucharest 2025 South America Closed Qualifier,0
hltv_match_2380054,2025-03-08 12:20:00+00:00,Liquid,FURIA,,,team1,ESL Pro League Season 21,0
hltv_match_2379878,2025-03-08 12:25:00+00:00,SINNERS,BIG,,,team1,PGL Bucharest 2025 Europe Closed Qualifier,0
hltv_match_2379906,2025-03-08 12:35:00+00:00,Ninjas in Pyjamas,fnatic,,,team1,PGL Bucharest 2025 Europe Closed Qualifier,0
hltv_match_2380053,2025-03-08 12:50:00+00:00,Spirit,SAW,,,team1,ESL Pro League Season 21,0
hltv_match_2379892,2025-03-08 13:00:00+00:00,HEROIC,GUN5,,,team1,PGL Bucharest 2025 Europe Closed Qualifier,0
hltv_match_2379875,2025-03-08 13:00:00+00:00,BC.Game,ENCE,,,team2,PGL Bucharest 2025 Europe Closed Qualifier,0
hltv_match_2380311,2025-03-08 13:00:00+00:00,500,Zero Tenacity,,,team2,CCT Season 2 Europe Series 20,0
hltv_match_2379977,2025-03-08 13:20:00+00:00,Galorys,thekillaz fe,,,team1,PGL Bucharest 2025 South America Closed Qualifier,0
hltv_match_2380284,2025-03-08 14:30:00+00:00,Insilio,Leo,,,team2,ESEA Advanced Season 52 Europe,0
hltv_match_2379978,2025-03-08 15:05:00+00:00,RED Canids,Dusty Roots,,,team1,PGL Bucharest 2025 South America Closed Qualifier,0
hltv_match_2379937,2025-03-08 15:15:00+00:00,Sharks,ShindeN,,,team1,PGL Bucharest 2025 South America Closed Qualifier,0
hltv_match_2379951,2025-03-08 20:30:00+00:00,Fluxo,GameHunters,,,team1,PGL Bucharest 2025 South America Closed Qualifier,0
hltv_match_2380260,2025-03-08 23:30:00+00:00,Chinggis Warriors,Rare Atom,,,team2,MESA Asian Masters 2025,0
hltv_match_2380261,2025-03-09 04:40:00+00:00,HOTU,Rare Atom,,,team2,MESA Asian Masters 2025,0
hltv_match_2380203,2025-03-09 05:00:00+00:00,Johnny Speeds,ESC,,,team1,European Pro League Season 23,0
hltv_match_2379893,2025-03-09 05:00:00+00:00,Monte,ECLOT,,,team2,PGL Bucharest 2025 Europe Closed Qualifier,0
hltv_match_2379907,2025-03-09 05:00:00+00:00,500,Leo,,,team2,PGL Bucharest 2025 Europe Closed Qualifier,0
hltv_match_2379921,2025-03-09 05:00:00+00:00,Sashi,Zero Tenacity,,,team2,PGL Bucharest 2025 Europe Closed Qualifier,0
hltv_match_2380055,2025-03-09 05:30:00+00:00,GamerLegion,TYLOO,,,team1,ESL Pro League Season 21,0
hltv_match_2380056,2025-03-09 05:30:00+00:00,Falcons,3DMAX,,,team2,ESL Pro League Season 21,0
hltv_match_2379908,2025-03-09 06:00:00+00:00,Partizan,fnatic,,,team2,PGL Bucharest 2025 Europe Closed Qualifier,0
hltv_match_2380168,2025-03-09 06:00:00+00:00,Metizport,GUN5,,,team1,CCT Season 2 Europe Series 19,0
hltv_match_2380317,2025-03-09 06:30:00+00:00,BC.Game,Alliance,,,team2,A1 Gaming League Season 10,0
hltv_match_2379880,2025-03-09 07:20:00+00:00,BIG,ENCE,,,team2,PGL Bucharest 2025 Europe Closed Qualifier,0
hltv_match_2379922,2025-03-09 07:20:00+00:00,CYBERSHOKE,BetBoom,,,team2,PGL Bucharest 2025 Europe Closed Qualifier,0
hltv_match_2380058,2025-03-09 08:30:00+00:00,G2,SAW,,,team1,ESL Pro League Season 21,0
hltv_match_2379894,2025-03-09 08:55:00+00:00,9INE,GUN5,,,team1,PGL Bucharest 2025 Europe Closed Qualifier,0
hltv_match_2380169,2025-03-09 09:00:00+00:00,ECLOT,fnatic,,,team2,CCT Season 2 Europe Series 19,0
hltv_match_2380057,2025-03-09 09:05:00+00:00,Spirit,The MongolZ,,,team1,ESL Pro League Season 21,0
hltv_match_2379881,2025-03-09 09:30:00+00:00,OG,SINNERS,,,team1,PGL Bucharest 2025 Europe Closed Qualifier,0
hltv_match_2380318,2025-03-09 10:00:00+00:00,Fire Flux,Aurora,,,team1,A1 Gaming League Season 10,0
hltv_match_2380060,2025-03-09 10:30:00+00:00,paiN,Natus Vincere,,,team2,ESL Pro League Season 21,0
hltv_match_2379909,2025-03-09 11:00:00+00:00,Betclic,Ninjas in Pyjamas,,,team1,PGL Bucharest 2025 Europe Closed Qualifier,0
hltv_match_2379923,2025-03-09 11:00:00+00:00,Spirit Academy,Nemiga,,,team2,PGL Bucharest 2025 Europe Closed Qualifier,0
hltv_match_2380059,2025-03-09 11:15:00+00:00,Vitality,MOUZ,,,team1,ESL Pro League Season 21,0
hltv_match_2380375,2025-03-09 11:30:00+00:00,Sharks,paiN Academy,,,team1,CCT Season 2 South America Series 8,0
hltv_match_2380170,2025-03-09 12:55:00+00:00,Passion UA,500,,,team1,CCT Season 2 Europe Series 19,0
hltv_match_2380061,2025-03-09 13:00:00+00:00,FURIA,MIBR,,,team1,ESL Pro League Season 21,0
hltv_match_2380062,2025-03-09 13:05:00+00:00,Liquid,Eternal Fire,,,team1,ESL Pro League Season 21,0
hltv_match_2379896,2025-03-09 13:10:00+00:00,ECLOT,9INE,,,team2,PGL Bucharest 2025 Europe Closed Qualifier,0
hltv_match_2379980,2025-03-09 13:50:00+00:00,Galorys,Dusty Roots,,,team2,PGL Bucharest 2025 South America Closed Qualifier,0
hltv_match_2379924,2025-03-09 14:00:00+00:00,Zero Tenacity,BetBoom,,,team2,PGL Bucharest 2025 Europe Closed Qualifier,0
hltv_match_2380392,2025-03-09 14:00:00+00:00,SINNERS,Sashi,,,team1,CCT Season 2 Europe Series 20,0
hltv_match_2379910,2025-03-09 14:00:00+00:00,Leo,fnatic,,,team2,PGL Bucharest 2025 Europe Closed Qualifier,0
hltv_match_2379939,2025-03-09 15:00:00+00:00,ODDIK,ShindeN,,,team1,PGL Bucharest 2025 South America Closed Qualifier,0
hltv_match_2380171,2025-03-09 16:05:00+00:00,Nexus,Monte,,,team1,CCT Season 2 Europe Series 19,0
hltv_match_2379982,2025-03-09 16:45:00+00:00,RED Canids,Legacy,,,team2,PGL Bucharest 2025 South America Closed Qualifier,0
hltv_match_2380377,2025-03-09 17:30:00+00:00,9z,ShindeN,,,team2,CCT Season 2 South America Series 8,0
hltv_match_2379955,2025-03-09 18:40:00+00:00,KRÜ,GameHunters,,,team1,PGL Bucharest 2025 South America Closed Qualifier,0
hltv_match_2379968,2025-03-09 20:30:00+00:00,9z,BESTIA,,,team1,PGL Bucharest 2025 South America Closed Qualifier,0
hltv_match_2380378,2025-03-09 20:35:00+00:00,RED Canids,Dusty Roots,,,team1,CCT Season 2 South America Series 8,0
hltv_match_2380407,2025-03-10 05:00:00+00:00,CYBERSHOKE,kONO,,,team1,YaLLa Compass Winter 2025,0
hltv_match_2380063,2025-03-10 08:30:00+00:00,The MongolZ,3DMAX,,,team1,ESL Pro League Season 21,0
hltv_match_2380064,2025-03-10 08:30:00+00:00,SAW,GamerLegion,,,team2,ESL Pro League Season 21,0
hltv_match_2380173,2025-03-10 09:00:00+00:00,BC.Game,Passion UA,,,team1,CCT Season 2 Europe Series 19,0
hltv_match_2379911,2025-03-10 09:00:00+00:00,Ninjas in Pyjamas,fnatic,,,team2,PGL Bucharest 2025 Europe Closed Qualifier,0
hltv_match_2379925,2025-03-10 10:00:00+00:00,Spirit Academy,BetBoom,,,team2,PGL Bucharest 2025 Europe Closed Qualifier,0
hltv_match_2380394,2025-03-10 11:00:00+00:00,Monte,500,,,team2,CCT Season 2 Europe Series 20,0
hltv_match_2380065,2025-03-10 11:00:00+00:00,MOUZ,Liquid,,,team1,ESL Pro League Season 21,0
hltv_match_2379912,2025-03-10 11:20:00+00:00,Betclic,fnatic,,,team1,PGL Bucharest 2025 Europe Closed Qualifier,0
hltv_match_2380379,2025-03-10 11:30:00+00:00,Fluxo,ODDIK,,,team1,CCT Season 2 South America Series 8,0
hltv_match_2380066,2025-03-10 11:45:00+00:00,Eternal Fire,paiN,,,team1,ESL Pro League Season 21,0
hltv_match_2380174,2025-03-10 12:00:00+00:00,Nemiga,Metizport,,,team2,CCT Season 2 Europe Series 19,0
hltv_match_2379898,2025-03-10 12:30:00+00:00,HEROIC,9INE,,,team1,PGL Bucharest 2025 Europe Closed Qualifier,0
hltv_match_2380403,2025-03-10 12:30:00+00:00,K27,GenOne,,,team2,ESEA Advanced Season 52 Europe,0
hltv_match_2379984,2025-03-10 13:00:00+00:00,RED Canids,Dusty Roots,,,team1,PGL Bucharest 2025 South America Closed Qualifier,0
hltv_match_2380401,2025-03-10 13:00:00+00:00,RUBY,AMKAL,,,team1,ESEA Advanced Season 52 Europe,0
hltv_match_2380067,2025-03-10 13:30:00+00:00,G2,Natus Vincere,,,team2,ESL Pro League Season 21,0
hltv_match_2380068,2025-03-10 14:00:00+00:00,Falcons,FURIA,,,team1,ESL Pro League Season 21,0
hltv_match_2380395,2025-03-10 14:15:00+00:00,fnatic,OG,,,team2,CCT Season 2 Europe Series 20,0
hltv_match_2379926,2025-03-10 15:30:00+00:00,Nemiga,BetBoom,,,team2,PGL Bucharest 2025 Europe Closed Qualifier,0
hltv_match_2380381,2025-03-10 17:30:00+00:00,RED Canids,ShindeN,,,team2,CCT Season 2 South America Series 8,0
hltv_match_2379971,2025-03-10 17:50:00+00:00,9z,BESTIA,,,team1,PGL Bucharest 2025 South America Closed Qualifier,0
hltv_match_2380590,2025-03-11 05:00:00+00:00,BIG,CYBERSHOKE,,,team1,YaLLa Compass Winter 2025,0
hltv_match_2380176,2025-03-11 07:30:00+00:00,BC.Game,Metizport,,,team1,CCT Season 2 Europe Series 19,0
hltv_match_2380396,2025-03-11 08:00:00+00:00,fnatic,PARIVISION,,,team2,CCT Season 2 Europe Series 20,0
hltv_match_2379927,2025-03-11 08:00:00+00:00,HEROIC,OG,,,team2,PGL Bucharest 2025 Europe Closed Qualifier,0
hltv_match_2380591,2025-03-11 08:15:00+00:00,Aurora,ECLOT,,,team2,YaLLa Compass Winter 2025,0
hltv_match_2380069,2025-03-11 08:30:00+00:00,Liquid,3DMAX,,,team1,ESL Pro League Season 21,0
hltv_match_2380208,2025-03-11 08:30:00+00:00,kONO,Johnny Speeds,,,team1,European Pro League Season 23,0
hltv_match_2380177,2025-03-11 11:00:00+00:00,fnatic,Nexus,,,team1,CCT Season 2 Europe Series 19,0
hltv_match_2379928,2025-03-11 11:00:00+00:00,Betclic,BetBoom,,,team1,PGL Bucharest 2025 Europe Closed Qualifier,0
hltv_match_2380070,2025-03-11 11:15:00+00:00,Falcons,Eternal Fire,,,team2,ESL Pro League Season 21,0
hltv_match_2380576,2025-03-11 12:00:00+00:00,Aurora,Sashi,,,team2,Galaxy Battle 2025 STARTER,0
hltv_match_2380406,2025-03-11 13:00:00+00:00,Leo,Wildcard Academy,,,team2,ESEA Advanced Season 52 Europe,0
hltv_match_2380178,2025-03-11 14:20:00+00:00,BC.Game,fnatic,,,team1,CCT Season 2 Europe Series 19,0
hltv_match_2380071,2025-03-11 14:40:00+00:00,G2,GamerLegion,,,team1,ESL Pro League Season 21,0
hltv_match_2380577,2025-03-11 15:30:00+00:00,Alliance,Zero Tenacity,,,team1,Galaxy Battle 2025 STARTER,0
hltv_match_2380385,2025-03-11 20:45:00+00:00,Fluxo,ShindeN,,,team1,CCT Season 2 South America Series 8,0
hltv_match_2380594,2025-03-12 08:00:00+00:00,Passion UA,BIG,,,team2,YaLLa Compass Winter 2025,0
hltv_match_2380209,2025-03-12 08:00:00+00:00,EYEBALLERS,ECLOT,,,team2,European Pro League Season 23,0
hltv_match_2379929,2025-03-12 11:00:00+00:00,OG,Betclic,,,team2,PGL Bucharest 2025 Europe Closed Qualifier,0
hltv_match_2380596,2025-03-12 11:30:00+00:00,ECLOT,BIG,,,team1,YaLLa Compass Winter 2025,0
hltv_match_2380580,2025-03-12 12:00:00+00:00,ECSTATIC,Fire Flux,,,team2,Galaxy Battle 2025 STARTER,0
hltv_match_2380600,2025-03-12 14:00:00+00:00,RUBY,Partizan,,,team1,ESEA Advanced Season 52 Europe,0
hltv_match_2379988,2025-03-12 16:15:00+00:00,Legacy,9z,,,team1,PGL Bucharest 2025 South America Closed Qualifier,0
hltv_match_2380210,2025-03-13 05:00:00+00:00,Aurora,CPH Wolves,,,team1,European Pro League Season 23,0
hltv_match_2380543,2025-03-13 05:00:00+00:00,ENCE,ECSTATIC,,,team1,CCT Season 2 Europe Series 20,0
hltv_match_2380212,2025-03-13 08:00:00+00:00,EYEBALLERS,CPH Wolves,,,team1,European Pro League Season 23,0
hltv_match_2380609,2025-03-13 10:00:00+00:00,kONO,BRUTE,,,team1,United21 League Season 28,0
hltv_match_2380075,2025-03-13 10:45:00+00:00,Eternal Fire,Spirit,,,team2,ESL Pro League Season 21,0
hltv_match_2380545,2025-03-13 11:00:00+00:00,ECLOT,500,,,team2,CCT Season 2 Europe Series 20,0
hltv_match_2380583,2025-03-13 12:00:00+00:00,Alliance,Sashi,,,team2,Galaxy Battle 2025 STARTER,0
hltv_match_2380564,2025-03-13 14:30:00+00:00,Imperial Valkyries,Let Her Cook,,,team1,ESL Impact League Season 7 Europe,0
hltv_match_2380074,2025-03-13 15:15:00+00:00,MOUZ,G2,,,team1,ESL Pro League Season 21,0
hltv_match_2380578,2025-03-13 15:30:00+00:00,OG,Betclic,,,team1,Galaxy Battle 2025 STARTER,0
hltv_match_2380568,2025-03-13 17:30:00+00:00,FURIA fe,thekillaz fe,,,team1,ESL Impact League Season 7 South America,0
hltv_match_2380610,2025-03-14 05:00:00+00:00,Inner Circle,ENCE Academy,,,team1,United21 League Season 28,0
hltv_match_2380213,2025-03-14 05:00:00+00:00,kONO,Leo,,,team1,European Pro League Season 23,0
hltv_match_2380547,2025-03-14 05:00:00+00:00,BIG,PARIVISION,,,team2,CCT Season 2 Europe Series 20,0
hltv_match_2380214,2025-03-14 08:00:00+00:00,ECLOT,Aurora,,,team1,European Pro League Season 23,0
hltv_match_2380548,2025-03-14 08:30:00+00:00,Metizport,Betclic,,,team2,CCT Season 2 Europe Series 20,0
hltv_match_2380584,2025-03-14 08:30:00+00:00,OG,9INE,,,team2,Galaxy Battle 2025 STARTER,0
hltv_match_2380072,2025-03-14 10:45:00+00:00,Vitality,Liquid,,,team1,ESL Pro League Season 21,0
hltv_match_2380549,2025-03-14 11:35:00+00:00,Passion UA,Zero Tenacity,,,team2,CCT Season 2 Europe Series 20,0
hltv_match_2380585,2025-03-14 12:00:00+00:00,Fire Flux,FAVBET,,,team1,Galaxy Battle 2025 STARTER,0
hltv_match_2380073,2025-03-14 13:30:00+00:00,Natus Vincere,The MongolZ,,,team2,ESL Pro League Season 21,0
hltv_match_2380321,2025-03-14 15:00:00+00:00,BC.Game,Aurora,,,team1,A1 Gaming League Season 10,0
hltv_match_2380550,2025-03-14 15:10:00+00:00,Nemiga,OG,,,team2,CCT Season 2 Europe Series 20,0
hltv_match_2379555,2025-03-14 19:00:00+00:00,ODDIK,Yawara,,,team1,ESL Challenger League Season 49 South America,0
hltv_match_2379560,2025-03-14 20:00:00+00:00,Yawara,ODDIK,,,team1,ESL Challenger League Season 49 South America,0
hltv_match_2380674,2025-03-15 03:00:00+00:00,IHC,Chinggis Warriors,,,team2,MESA League Season 4,0
hltv_match_2380612,2025-03-15 06:00:00+00:00,Johnny Speeds,BRUTE,,,team1,United21 League Season 28,0
hltv_match_2380675,2025-03-15 06:30:00+00:00,The Huns,NomadS,,,team1,MESA League Season 4,0
hltv_match_2380693,2025-03-15 06:30:00+00:00,ECLOT,1win,,,team2,Exort Series 8,0
hltv_match_2380694,2025-03-15 06:30:00+00:00,FAVBET,SPARTA,,,team1,Exort Series 8,0
hltv_match_2380216,2025-03-15 08:00:00+00:00,EYEBALLERS,Leo,,,team2,European Pro League Season 23,0
hltv_match_2380077,2025-03-15 10:45:00+00:00,Spirit,MOUZ,,,team2,ESL Pro League Season 21,0
hltv_match_2380553,2025-03-15 11:00:00+00:00,PARIVISION,Zero Tenacity,,,team1,CCT Season 2 Europe Series 20,0
hltv_match_2380680,2025-03-15 11:00:00+00:00,Leo,AMKAL,,,team2,PGL Astana 2025 Europe Open Qualifier 1,0
hltv_match_2380695,2025-03-15 12:30:00+00:00,Nexus,FORZE Reload,,,team1,Exort Series 8,0
hltv_match_2380554,2025-03-15 14:00:00+00:00,OG,Betclic,,,team1,CCT Season 2 Europe Series 20,0
hltv_match_2380587,2025-03-15 14:30:00+00:00,Aurora,Zero Tenacity,,,team1,Galaxy Battle 2025 STARTER,0
hltv_match_2380076,2025-03-15 15:05:00+00:00,Vitality,The MongolZ,,,team1,ESL Pro League Season 21,0
hltv_match_2380696,2025-03-15 15:30:00+00:00,CYBERSHOKE,K27,,,team1,Exort Series 8,0
hltv_match_2380676,2025-03-16 00:40:00+00:00,IHC,NomadS,,,team1,MESA League Season 4,0
hltv_match_2380677,2025-03-16 04:00:00+00:00,Chinggis Warriors,The Huns,,,team1,MESA League Season 4,0
hltv_match_2380217,2025-03-16 05:00:00+00:00,Aurora,Leo,,,team1,European Pro League Season 23,0
hltv_match_2380697,2025-03-16 06:00:00+00:00,1win,FAVBET,,,team1,Exort Series 8,0
hltv_match_2380555,2025-03-16 07:00:00+00:00,ENCE,500,,,team2,CCT Season 2 Europe Series 20,0
hltv_match_2380218,2025-03-16 08:05:00+00:00,kONO,ECLOT,,,team2,European Pro League Season 23,0
hltv_match_2380326,2025-03-16 09:00:00+00:00,Zero Tenacity,FAVBET,,,team2,A1 Gaming League Season 10,0
hltv_match_2380556,2025-03-16 10:00:00+00:00,PARIVISION,OG,,,team2,CCT Season 2 Europe Series 20,0
hltv_match_2380327,2025-03-16 11:30:00+00:00,9INE,Fire Flux,,,team1,A1 Gaming League Season 10,0
hltv_match_2380078,2025-03-16 12:00:00+00:00,MOUZ,Vitality,,,team2,ESL Pro League Season 21,0
hltv_match_2380698,2025-03-16 12:30:00+00:00,Nexus,CYBERSHOKE,,,team2,Exort Series 8,0
hltv_match_2380557,2025-03-16 13:45:00+00:00,500,OG,,,team2,CCT Season 2 Europe Series 20,0
hltv_match_2380699,2025-03-16 16:30:00+00:00,1win,CYBERSHOKE,,,team1,Exort Series 8,0
hltv_match_2380616,2025-03-17 05:00:00+00:00,Johnny Speeds,Inner Circle,,,team1,United21 League Season 28,0
hltv_match_2380630,2025-03-17 05:00:00+00:00,GUN5,Aurora,,,team1,Galaxy Battle 2025 STARTER,0
hltv_match_2380219,2025-03-17 08:00:00+00:00,Aurora,kONO,,,team1,European Pro League Season 23,0
hltv_match_2380631,2025-03-17 08:30:00+00:00,Monte,Alliance,,,team2,Galaxy Battle 2025 STARTER,0
hltv_match_2380722,2025-03-17 11:00:00+00:00,Betera,Insilio,,,team1,PGL Astana 2025 Europe Open Qualifier 2,0
hltv_match_2380728,2025-03-17 11:00:00+00:00,ESC,XI,,,team1,PGL Astana 2025 Europe Open Qualifier 2,0
hltv_match_2380727,2025-03-17 11:00:00+00:00,RUBY,Lazer Cats,,,team1,PGL Astana 2025 Europe Open Qualifier 2,0
hltv_match_2380724,2025-03-17 11:00:00+00:00,Aurora,Hesta,,,team1,PGL Astana 2025 Europe Open Qualifier 2,0
hltv_match_2380632,2025-03-17 12:00:00+00:00,OG,FAVBET,,,team1,Galaxy Battle 2025 STARTER,0
hltv_match_2380732,2025-03-17 12:15:00+00:00,ESC,RUBY,,,team2,PGL Astana 2025 Europe Open Qualifier 2,0
hltv_match_2380729,2025-03-17 12:15:00+00:00,ECSTATIC,Betera,,,team1,PGL Astana 2025 Europe Open Qualifier 2,0
hltv_match_2380733,2025-03-17 15:20:00+00:00,ECSTATIC,Aurora,,,team1,PGL Astana 2025 Europe Open Qualifier 2,0
hltv_match_2380624,2025-03-17 21:30:00+00:00,anything else,Wanted Goons,,,team1,ESEA Advanced Season 52 North America,0
hltv_match_2380220,2025-03-18 08:00:00+00:00,ECLOT,Aurora,,,team1,European Pro League Season 23,0
hltv_match_2380634,2025-03-18 08:30:00+00:00,Fire Flux,9INE,,,team2,Galaxy Battle 2025 STARTER,0
hltv_match_2380641,2025-03-18 09:00:00+00:00,Rare Atom,Chinggis Warriors,,,team1,ESL Challenger League Season 49 Asia-Pacific,0
hltv_match_2380642,2025-03-18 09:00:00+00:00,The QUBE,Lynn Vision,,,team2,ESL Challenger League Season 49 Asia-Pacific,0
hltv_match_2380649,2025-03-18 09:30:00+00:00,Lynn Vision,The QUBE,,,team1,ESL Challenger League Season 49 Asia-Pacific,0
hltv_match_2380619,2025-03-18 09:30:00+00:00,Johnny Speeds,ENCE Academy,,,team1,United21 League Season 28,0
hltv_match_2380648,2025-03-18 09:35:00+00:00,Chinggis Warriors,Rare Atom,,,team2,ESL Challenger League Season 49 Asia-Pacific,0
hltv_match_2380736,2025-03-18 12:00:00+00:00,ECSTATIC,XI,,,team1,POWER Ligaen Season 28,0
hltv_match_2380713,2025-03-18 15:00:00+00:00,Nemiga,Betera,,,team2,ESL Challenger League Season 49 Europe,0
hltv_match_2380738,2025-03-18 15:00:00+00:00,ECSTATIC,WOPA,,,team1,POWER Ligaen Season 28,0
hltv_match_2380715,2025-03-18 15:00:00+00:00,SINNERS,FAVBET,,,team1,ESL Challenger League Season 49 Europe,0
hltv_match_2380712,2025-03-18 15:00:00+00:00,B8,Zero Tenacity,,,team2,ESL Challenger League Season 49 Europe,0
hltv_match_2380716,2025-03-18 15:00:00+00:00,Spirit Academy,Rebels,,,team1,ESL Challenger League Season 49 Europe,0
hltv_match_2380717,2025-03-18 15:10:00+00:00,Sashi,Aurora,,,team2,ESL Challenger League Season 49 Europe,0
hltv_match_2380422,2025-03-18 19:00:00+00:00,Bounty Hunters,Fluxo,,,team1,ESL Challenger League Season 49 South America,0
hltv_match_2380426,2025-03-18 19:00:00+00:00,Yawara,Sharks,,,team2,ESL Challenger League Season 49 South America,0
hltv_match_2380432,2025-03-18 20:00:00+00:00,Sharks,Yawara,,,team1,ESL Challenger League Season 49 South America,0
hltv_match_2380428,2025-03-18 20:20:00+00:00,Fluxo,Bounty Hunters,,,team1,ESL Challenger League Season 49 South America,0
hltv_match_2380633,2025-03-19 06:00:00+00:00,ECSTATIC,Betclic,,,team1,Galaxy Battle 2025 STARTER,0
hltv_match_2380000,2025-03-19 07:00:00+00:00,Spirit,The Huns,,,team1,BLAST Open Lisbon 2025,0
hltv_match_2380652,2025-03-19 09:00:00+00:00,NomadS,Rare Atom,,,team2,ESL Challenger League Season 49 Asia-Pacific,0
hltv_match_2380656,2025-03-19 09:00:00+00:00,harizma,Just Swing,,,team2,ESL Challenger League Season 49 Asia-Pacific,0
hltv_match_2380001,2025-03-19 09:15:00+00:00,MOUZ,Falcons,,,team1,BLAST Open Lisbon 2025,0
hltv_match_2380663,2025-03-19 09:45:00+00:00,Just Swing,harizma,,,team1,ESL Challenger League Season 49 Asia-Pacific,0
hltv_match_2380659,2025-03-19 09:45:00+00:00,Rare Atom,NomadS,,,team1,ESL Challenger League Season 49 Asia-Pacific,0
hltv_match_2380740,2025-03-19 12:00:00+00:00,XI,WOPA,,,team2,POWER Ligaen Season 28,0
hltv_match_2380002,2025-03-19 12:15:00+00:00,Vitality,Astralis,,,team1,BLAST Open Lisbon 2025,0
hltv_match_2380003,2025-03-19 14:20:00+00:00,FaZe,Virtus.pro,,,team2,BLAST Open Lisbon 2025,0
hltv_match_2380718,2025-03-19 15:00:00+00:00,Monte,CPH Wolves,,,team2,ESL Challenger League Season 49 Europe,0
hltv_match_2380768,2025-03-19 15:00:00+00:00,Zero Tenacity,Betera,,,team2,ESL Challenger League Season 49 Europe,0
hltv_match_2380741,2025-03-19 15:15:00+00:00,ECSTATIC,WOPA,,,team1,POWER Ligaen Season 28,0
hltv_match_2380438,2025-03-19 19:00:00+00:00,ODDIK,GameHunters,,,team1,ESL Challenger League Season 49 South America,0
hltv_match_2380442,2025-03-19 19:00:00+00:00,KRÜ,Sharks,,,team1,ESL Challenger League Season 49 South America,0
hltv_match_2380446,2025-03-19 19:45:00+00:00,GameHunters,ODDIK,,,team2,ESL Challenger League Season 49 South America,0
hltv_match_2380450,2025-03-19 20:00:00+00:00,Sharks,KRÜ,,,team1,ESL Challenger League Season 49 South America,0
hltv_match_2380236,2025-03-20 00:45:00+00:00,SemperFi,Rooster,,,team1,DFRAG Invitational 2025,0
hltv_match_2380742,2025-03-20 05:00:00+00:00,ECSTATIC,Sashi,,,team2,Galaxy Battle 2025 STARTER,0
hltv_match_2380004,2025-03-20 07:00:00+00:00,G2,Imperial,,,team1,BLAST Open Lisbon 2025,0
hltv_match_2380743,2025-03-20 08:30:00+00:00,OG,Fire Flux,,,team1,Galaxy Battle 2025 STARTER,0
hltv_match_2380774,2025-03-20 09:00:00+00:00,FengDa,Rare Atom,,,team2,ESL Challenger League Season 49 Asia-Pacific,0
hltv_match_2380775,2025-03-20 09:40:00+00:00,Rare Atom,FengDa,,,team1,ESL Challenger League Season 49 Asia-Pacific,0
hltv_match_2380005,2025-03-20 09:50:00+00:00,Eternal Fire,Liquid,,,team1,BLAST Open Lisbon 2025,0
hltv_match_2380744,2025-03-20 12:00:00+00:00,GUN5,Alliance,,,team1,Galaxy Battle 2025 STARTER,0
hltv_match_2380006,2025-03-20 12:10:00+00:00,The MongolZ,M80,,,team1,BLAST Open Lisbon 2025,0
hltv_match_2380007,2025-03-20 15:45:00+00:00,Natus Vincere,FURIA,,,team1,BLAST Open Lisbon 2025,0
hltv_match_2380707,2025-03-20 17:30:00+00:00,MIBR fe,Brave Bears,,,team1,ESL Impact League Season 7 South America,0
hltv_match_2380241,2025-03-21 00:20:00+00:00,Vantage,Mindfreak,,,team2,DFRAG Invitational 2025,0
hltv_match_2380745,2025-03-21 05:00:00+00:00,Monte,Aurora,,,team2,Galaxy Battle 2025 STARTER,0
hltv_match_2380112,2025-03-21 06:00:00+00:00,The Huns,Falcons,,,team2,BLAST Open Lisbon 2025,0
hltv_match_2380746,2025-03-21 08:30:00+00:00,FAVBET,Betclic,,,team2,Galaxy Battle 2025 STARTER,0
hltv_match_2380113,2025-03-21 08:50:00+00:00,Astralis,FaZe,,,team2,BLAST Open Lisbon 2025,0
hltv_match_2380114,2025-03-21 11:15:00+00:00,Spirit,MOUZ,,,team2,BLAST Open Lisbon 2025,0
hltv_match_2380412,2025-03-21 15:00:00+00:00,OG,Aurora,,,team1,A1 Gaming League Season 10,0
hltv_match_2380115,2025-03-21 15:50:00+00:00,Vitality,Virtus.pro,,,team1,BLAST Open Lisbon 2025,0
hltv_match_2380116,2025-03-22 06:00:00+00:00,Imperial,Liquid,,,team2,BLAST Open Lisbon 2025,0
hltv_match_2380413,2025-03-22 06:30:00+00:00,Sashi,Alliance,,,team1,A1 Gaming League Season 10,0
hltv_match_2380748,2025-03-22 08:00:00+00:00,Aurora,Betclic,,,team1,Galaxy Battle 2025 STARTER,0
hltv_match_2380117,2025-03-22 09:20:00+00:00,M80,FURIA,,,team1,BLAST Open Lisbon 2025,0
hltv_match_2380833,2025-03-22 11:00:00+00:00,SKYFURY,Betera,,,team2,PGL Astana 2025 Europe Open Qualifier 3,0
hltv_match_2380830,2025-03-22 11:00:00+00:00,GenOne,Lazer Cats,,,team2,PGL Astana 2025 Europe Open Qualifier 3,0
hltv_match_2380831,2025-03-22 11:00:00+00:00,Leo,CPH Wolves,,,team1,PGL Astana 2025 Europe Open Qualifier 3,0
hltv_match_2380834,2025-03-22 11:00:00+00:00,Tricked,Nuclear TigeRES,,,team1,PGL Astana 2025 Europe Open Qualifier 3,0
hltv_match_2380749,2025-03-22 11:30:00+00:00,Fire Flux,Alliance,,,team1,Galaxy Battle 2025 STARTER,0
hltv_match_2380835,2025-03-22 12:15:00+00:00,EYEBALLERS,Hesta,,,team1,PGL Astana 2025 Europe Open Qualifier 3,0
hltv_match_2380837,2025-03-22 12:25:00+00:00,Leo,Insilio,,,team1,PGL Astana 2025 Europe Open Qualifier 3,0
hltv_match_2380415,2025-03-22 12:55:00+00:00,BC.Game,ECSTATIC,,,team2,A1 Gaming League Season 10,0
hltv_match_2380838,2025-03-22 13:10:00+00:00,Betera,Tricked,,,team2,PGL Astana 2025 Europe Open Qualifier 3,0
hltv_match_2380118,2025-03-22 13:40:00+00:00,G2,Eternal Fire,,,team2,BLAST Open Lisbon 2025,0
hltv_match_2380119,2025-03-22 16:30:00+00:00,The MongolZ,Natus Vincere,,,team2,BLAST Open Lisbon 2025,0
hltv_match_2380840,2025-03-22 16:30:00+00:00,Leo,Tricked,,,team1,PGL Astana 2025 Europe Open Qualifier 3,0
hltv_match_2380246,2025-03-23 00:55:00+00:00,Rooster,SemperFi,,,team2,DFRAG Invitational 2025,0
hltv_match_2380122,2025-03-23 06:00:00+00:00,Falcons,Virtus.pro,,,team2,BLAST Open Lisbon 2025,0
hltv_match_2380750,2025-03-23 06:00:00+00:00,ECSTATIC,Zero Tenacity,,,team1,Galaxy Battle 2025 STARTER,0
hltv_match_2380123,2025-03-23 11:10:00+00:00,FaZe,Spirit,,,team2,BLAST Open Lisbon 2025,0
hltv_match_2380418,2025-03-23 12:30:00+00:00,Monte,9INE,,,team1,A1 Gaming League Season 10,0
hltv_match_2380124,2025-03-23 13:55:00+00:00,Liquid,The MongolZ,,,team2,BLAST Open Lisbon 2025,0
hltv_match_2380125,2025-03-23 16:20:00+00:00,M80,G2,,,team2,BLAST Open Lisbon 2025,0
hltv_match_2380126,2025-03-24 06:00:00+00:00,MOUZ,Vitality,,,team2,BLAST Open Lisbon 2025,0
hltv_match_2379702,2025-03-24 07:00:00+00:00,TYLOO,FengDa,,,team2,ESL Challenger League Season 49 Asia-Pacific,0
hltv_match_2379707,2025-03-24 08:00:00+00:00,FengDa,TYLOO,,,team2,ESL Challenger League Season 49 Asia-Pacific,0
hltv_match_2380127,2025-03-24 08:45:00+00:00,Virtus.pro,Spirit,,,team2,BLAST Open Lisbon 2025,0
hltv_match_2380654,2025-03-24 09:00:00+00:00,Chinggis Warriors,The QUBE,,,team1,ESL Challenger League Season 49 Asia-Pacific,0
hltv_match_2380661,2025-03-24 09:35:00+00:00,The QUBE,Chinggis Warriors,,,team2,ESL Challenger League Season 49 Asia-Pacific,0
hltv_match_2380874,2025-03-24 11:00:00+00:00,GhoulsW,EYEBALLERS,,,team1,PGL Astana 2025 Europe Open Qualifier 4,0
hltv_match_2380869,2025-03-24 11:00:00+00:00,Zero Tenacity,Hesta,,,team2,PGL Astana 2025 Europe Open Qualifier 4,0
hltv_match_2380868,2025-03-24 11:00:00+00:00,Nuclear TigeRES,Inner Circle,,,team1,PGL Astana 2025 Europe Open Qualifier 4,0
hltv_match_2380128,2025-03-24 11:35:00+00:00,Eternal Fire,Natus Vincere,,,team1,BLAST Open Lisbon 2025,0
hltv_match_2380879,2025-03-24 12:05:00+00:00,GhoulsW,XI,,,team1,PGL Astana 2025 Europe Open Qualifier 4,0
hltv_match_2380876,2025-03-24 12:15:00+00:00,Nuclear TigeRES,Hesta,,,team2,PGL Astana 2025 Europe Open Qualifier 4,0
hltv_match_2380129,2025-03-24 14:05:00+00:00,The MongolZ,G2,,,team2,BLAST Open Lisbon 2025,0
hltv_match_2380880,2025-03-24 15:30:00+00:00,Ninjas in Pyjamas,Hesta,,,team1,PGL Astana 2025 Europe Open Qualifier 4,0
hltv_match_2380803,2025-03-25 09:00:00+00:00,Rare Atom,TYLOO,,,team1,ESL Challenger League Season 49 Asia-Pacific,0
hltv_match_2380802,2025-03-25 09:00:00+00:00,FengDa,Just Swing,,,team2,ESL Challenger League Season 49 Asia-Pacific,0
hltv_match_2380800,2025-03-25 09:00:00+00:00,harizma,THE,,,team2,ESL Challenger League Season 49 Asia-Pacific,0
hltv_match_2380801,2025-03-25 09:00:00+00:00,The QUBE,NomadS,,,team2,ESL Challenger League Season 49 Asia-Pacific,0
hltv_match_2380808,2025-03-25 09:40:00+00:00,NomadS,The QUBE,,,team2,ESL Challenger League Season 49 Asia-Pacific,0
hltv_match_2380809,2025-03-25 09:50:00+00:00,Just Swing,FengDa,,,team2,ESL Challenger League Season 49 Asia-Pacific,0
hltv_match_2380807,2025-03-25 10:00:00+00:00,THE,harizma,,,team1,ESL Challenger League Season 49 Asia-Pacific,0
hltv_match_2380810,2025-03-25 10:00:00+00:00,TYLOO,Rare Atom,,,team1,ESL Challenger League Season 49 Asia-Pacific,0
hltv_match_2380782,2025-03-25 11:00:00+00:00,Imperial Valkyries,ECSTATIC,,,team2,Galaxy Battle 2025 STARTER,0
hltv_match_2380783,2025-03-25 14:30:00+00:00,Passion UA,Sashi,,,team1,Galaxy Battle 2025 STARTER,0
hltv_match_2380770,2025-03-25 15:00:00+00:00,B8,Nemiga,,,team1,ESL Challenger League Season 49 Europe,0
hltv_match_2380771,2025-03-25 15:00:00+00:00,FAVBET,PARIVISION,,,team2,ESL Challenger League Season 49 Europe,0
hltv_match_2380441,2025-03-25 16:00:00+00:00,RED Canids,Bounty Hunters,,,team1,ESL Challenger League Season 49 South America,0
hltv_match_2380449,2025-03-25 17:00:00+00:00,Bounty Hunters,RED Canids,,,team2,ESL Challenger League Season 49 South America,0
hltv_match_2380484,2025-03-25 22:00:00+00:00,Legacy,Worms,,,team1,ESL Challenger League Season 49 North America,0
hltv_match_2380486,2025-03-25 22:00:00+00:00,Marsborne,Akimbo,,,team1,ESL Challenger League Season 49 North America,0
hltv_match_2380483,2025-03-25 22:00:00+00:00,NRG,InControl,,,team1,ESL Challenger League Season 49 North America,0
hltv_match_2380490,2025-03-25 23:00:00+00:00,InControl,NRG,,,team2,ESL Challenger League Season 49 North America,0
hltv_match_2380493,2025-03-25 23:00:00+00:00,Akimbo,Marsborne,,,team1,ESL Challenger League Season 49 North America,0
hltv_match_2380491,2025-03-25 23:00:00+00:00,Worms,Legacy,,,team2,ESL Challenger League Season 49 North America,0
hltv_match_2380784,2025-03-26 08:30:00+00:00,Nexus,Aurora,,,team2,Galaxy Battle 2025 STARTER,0
hltv_match_2380813,2025-03-26 09:00:00+00:00,TYLOO,The QUBE,,,team1,ESL Challenger League Season 49 Asia-Pacific,0
hltv_match_2380811,2025-03-26 09:00:00+00:00,Lynn Vision,harizma,,,team1,ESL Challenger League Season 49 Asia-Pacific,0
hltv_match_2380814,2025-03-26 09:00:00+00:00,Just Swing,THE,,,team2,ESL Challenger League Season 49 Asia-Pacific,0
hltv_match_2380815,2025-03-26 09:00:00+00:00,FengDa,The Huns,,,team2,ESL Challenger League Season 49 Asia-Pacific,0
hltv_match_2380820,2025-03-26 09:45:00+00:00,The QUBE,TYLOO,,,team2,ESL Challenger League Season 49 Asia-Pacific,0
hltv_match_2380822,2025-03-26 10:00:00+00:00,The Huns,FengDa,,,team1,ESL Challenger League Season 49 Asia-Pacific,0
hltv_match_2380818,2025-03-26 10:00:00+00:00,harizma,Lynn Vision,,,team2,ESL Challenger League Season 49 Asia-Pacific,0
hltv_match_2380821,2025-03-26 10:00:00+00:00,THE,Just Swing,,,team1,ESL Challenger League Season 49 Asia-Pacific,0
hltv_match_2380785,2025-03-26 13:00:00+00:00,fnatic,9INE,,,team1,Galaxy Battle 2025 STARTER,0
hltv_match_2380897,2025-03-26 14:30:00+00:00,NIP Impact,AKA HERO KAJO,,,team1,ESL Impact League Season 7 Europe,0
hltv_match_2380772,2025-03-26 15:00:00+00:00,Spirit Academy,Aurora,,,team1,ESL Challenger League Season 49 Europe,0
hltv_match_2380786,2025-03-26 16:20:00+00:00,Partizan,GUN5,,,team2,Galaxy Battle 2025 STARTER,0
hltv_match_2380527,2025-03-26 19:00:00+00:00,ODDIK,Bounty Hunters,,,team1,ESL Challenger League Season 49 South America,0
hltv_match_2380535,2025-03-26 19:50:00+00:00,Bounty Hunters,ODDIK,,,team2,ESL Challenger League Season 49 South America,0
hltv_match_2380905,2025-03-26 20:30:00+00:00,Ghost,Black Mold,,,team1,ESL Impact League Season 7 North America,0
hltv_match_2380497,2025-03-26 22:00:00+00:00,NRG,Marsborne,,,team2,ESL Challenger League Season 49 North America,0
hltv_match_2380926,2025-03-26 22:10:00+00:00,Eruption,HOTU,,,team2,PGL Astana 2025 Rest of Asia Closed Qualifier,0
hltv_match_2380930,2025-03-26 23:00:00+00:00,Rare Atom,Steel Helmet,,,team1,PGL Astana 2025 China Closed Qualifier,0
hltv_match_2380504,2025-03-26 23:00:00+00:00,Marsborne,NRG,,,team1,ESL Challenger League Season 49 North America,0
hltv_match_2380787,2025-03-27 05:00:00+00:00,Metizport,Fire Flux,,,team1,Galaxy Battle 2025 STARTER,0
hltv_match_2380920,2025-03-27 05:00:00+00:00,Passion UA,Ninjas in Pyjamas,,,team2,PGL Astana 2025 Europe Closed Qualifier,0
hltv_match_2380932,2025-03-27 05:30:00+00:00,TYLOO,Just Swing,,,team1,PGL Astana 2025 China Closed Qualifier,0
hltv_match_2380924,2025-03-27 06:00:00+00:00,JiJieHao,ScarX,,,team1,PGL Astana 2025 MENA Closed Qualifier,0
hltv_match_2380929,2025-03-27 07:30:00+00:00,The Huns,IHC,,,team1,PGL Astana 2025 Rest of Asia Closed Qualifier,0
hltv_match_2380909,2025-03-27 08:00:00+00:00,Sashi,CYBERSHOKE,,,team2,PGL Astana 2025 Europe Closed Qualifier,0
hltv_match_2380917,2025-03-27 08:00:00+00:00,OG,Monte,,,team2,PGL Astana 2025 Europe Closed Qualifier,0
hltv_match_2380913,2025-03-27 08:00:00+00:00,Nemiga,NOVAQ,,,team1,PGL Astana 2025 Europe Closed Qualifier,0
hltv_match_2380942,2025-03-27 10:00:00+00:00,Sharks,BURN,,,team1,PGL Astana 2025 South America Closed Qualifier,0
hltv_match_2380946,2025-03-27 10:00:00+00:00,Fluxo,2070,,,team1,PGL Astana 2025 South America Closed Qualifier,0
hltv_match_2380938,2025-03-27 10:00:00+00:00,Imperial,Martians,,,team1,PGL Astana 2025 South America Closed Qualifier,0
hltv_match_2380922,2025-03-27 11:00:00+00:00,fnatic,AMKAL,,,team1,PGL Astana 2025 Europe Closed Qualifier,0
hltv_match_2380910,2025-03-27 11:00:00+00:00,GUN5,ECSTATIC,,,team1,PGL Astana 2025 Europe Closed Qualifier,0
hltv_match_2380923,2025-03-27 14:00:00+00:00,Nexus,Fire Flux,,,team2,PGL Astana 2025 Europe Closed Qualifier,0
hltv_match_2380911,2025-03-27 14:00:00+00:00,ENCE,PARIVISION,,,team2,PGL Astana 2025 Europe Closed Qualifier,0
hltv_match_2380788,2025-03-27 14:30:00+00:00,ECLOT,OG,,,team1,Galaxy Battle 2025 STARTER,0
hltv_match_2380919,2025-03-27 14:35:00+00:00,Metizport,Sangal,,,team1,PGL Astana 2025 Europe Closed Qualifier,0
hltv_match_2380952,2025-03-27 16:00:00+00:00,ODDIK,X7,,,team1,PGL Astana 2025 South America Closed Qualifier,0
hltv_match_2380902,2025-03-27 17:30:00+00:00,thekillaz fe,Brave Bears,,,team1,ESL Impact League Season 7 South America,0
hltv_match_2380968,2025-03-27 22:00:00+00:00,Marsborne,seoul,,,team1,PGL Astana 2025 North America Closed Qualifier,0
hltv_match_2381039,2025-03-28 04:00:00+00:00,HOTU,Chinggis Warriors,,,team1,PGL Astana 2025 Rest of Asia Closed Qualifier,0
hltv_match_2381019,2025-03-28 04:30:00+00:00,Vantage,SemperFi,,,team2,PGL Astana 2025 Oceania Closed Qualifier,0
hltv_match_2380994,2025-03-28 05:00:00+00:00,BetBoom,OG,,,team1,PGL Astana 2025 Europe Closed Qualifier,0
hltv_match_2381030,2025-03-28 07:00:00+00:00,TYLOO,Lynn Vision,,,team2,PGL Astana 2025 China Closed Qualifier,0
hltv_match_2380975,2025-03-28 08:00:00+00:00,ECSTATIC,ENCE,,,team2,PGL Astana 2025 Europe Closed Qualifier,0
hltv_match_2380995,2025-03-28 08:00:00+00:00,Leo,Sangal,,,team2,PGL Astana 2025 Europe Closed Qualifier,0
hltv_match_2381005,2025-03-28 08:20:00+00:00,AMKAL,Nexus,,,team1,PGL Astana 2025 Europe Closed Qualifier,0
hltv_match_2380790,2025-03-28 08:30:00+00:00,Aurora,fnatic,,,team1,Galaxy Battle 2025 STARTER,0
hltv_match_2381089,2025-03-28 10:00:00+00:00,2070,Yawara,,,team2,PGL Astana 2025 South America Closed Qualifier,0
hltv_match_2380973,2025-03-28 10:15:00+00:00,JiJieHao,ScarX,,,team1,PGL Astana 2025 MENA Closed Qualifier,0
hltv_match_2380986,2025-03-28 11:00:00+00:00,Partizan,Nemiga,,,team2,PGL Astana 2025 Europe Closed Qualifier,0
hltv_match_2380976,2025-03-28 11:00:00+00:00,B8,CYBERSHOKE,,,team2,PGL Astana 2025 Europe Closed Qualifier,0
hltv_match_2380791,2025-03-28 12:25:00+00:00,Passion UA,ECLOT,,,team2,Galaxy Battle 2025 STARTER,0
hltv_match_2380131,2025-03-28 12:30:00+00:00,MOUZ,G2,,,team1,BLAST Open Lisbon 2025,0
hltv_match_2381007,2025-03-28 14:00:00+00:00,fnatic,Fire Flux,,,team1,PGL Astana 2025 Europe Closed Qualifier,0
hltv_match_2380977,2025-03-28 14:30:00+00:00,GUN5,PARIVISION,,,team1,PGL Astana 2025 Europe Closed Qualifier,0
hltv_match_2380130,2025-03-28 15:30:00+00:00,Spirit,Natus Vincere,,,team1,BLAST Open Lisbon 2025,0
hltv_match_2381098,2025-03-28 16:00:00+00:00,BESTIA,Bounty Hunters,,,team1,PGL Astana 2025 South America Closed Qualifier,0
hltv_match_2381095,2025-03-28 16:00:00+00:00,KRÜ,Imperial,,,team2,PGL Astana 2025 South America Closed Qualifier,0
hltv_match_2381096,2025-03-28 16:00:00+00:00,Sharks,ShindeN,,,team2,PGL Astana 2025 South America Closed Qualifier,0
hltv_match_2381054,2025-03-28 19:00:00+00:00,Aether,seoul,,,team1,PGL Astana 2025 North America Closed Qualifier,0
hltv_match_2381048,2025-03-28 19:00:00+00:00,regain,InControl,,,team1,PGL Astana 2025 North America Closed Qualifier,0
hltv_match_2381100,2025-03-28 19:15:00+00:00,RED Canids,9z,,,team1,PGL Astana 2025 South America Closed Qualifier,0
hltv_match_2381042,2025-03-28 22:00:00+00:00,IHC,Chinggis Warriors,,,team2,PGL Astana 2025 Rest of Asia Closed Qualifier,0
hltv_match_2381043,2025-03-29 04:00:00+00:00,HOTU,The Huns,,,team1,PGL Astana 2025 Rest of Asia Closed Qualifier,0
hltv_match_2381023,2025-03-29 04:30:00+00:00,SemperFi,Rooster,,,team1,PGL Astana 2025 Oceania Closed Qualifier,0
hltv_match_2380998,2025-03-29 05:00:00+00:00,Sangal,Monte,,,team2,PGL Astana 2025 Europe Closed Qualifier,0
hltv_match_2380978,2025-03-29 05:00:00+00:00,ENCE,B8,,,team2,PGL Astana 2025 Europe Closed Qualifier,0
hltv_match_2380751,2025-03-29 06:30:00+00:00,Fire Flux,OG,,,team2,A1 Gaming League Season 10,0
hltv_match_2381044,2025-03-29 07:00:00+00:00,Chinggis Warriors,Eruption,,,team2,PGL Astana 2025 Rest of Asia Closed Qualifier,0
hltv_match_2380792,2025-03-29 08:00:00+00:00,GUN5,Metizport,,,team2,Galaxy Battle 2025 STARTER,0
hltv_match_2380979,2025-03-29 08:00:00+00:00,Sashi,PARIVISION,,,team2,PGL Astana 2025 Europe Closed Qualifier,0
hltv_match_2381009,2025-03-29 09:30:00+00:00,Passion UA,Fire Flux,,,team2,PGL Astana 2025 Europe Closed Qualifier,0
hltv_match_2381107,2025-03-29 10:00:00+00:00,Martians,Players,,,team2,PGL Astana 2025 South America Closed Qualifier,0
hltv_match_2381010,2025-03-29 11:00:00+00:00,Ninjas in Pyjamas,fnatic,,,team2,PGL Astana 2025 Europe Closed Qualifier,0
hltv_match_2380980,2025-03-29 11:50:00+00:00,CYBERSHOKE,GUN5,,,team2,PGL Astana 2025 Europe Closed Qualifier,0
hltv_match_2380990,2025-03-29 11:50:00+00:00,Nemiga,9INE,,,team1,PGL Astana 2025 Europe Closed Qualifier,0
hltv_match_2380133,2025-03-29 12:30:00+00:00,Eternal Fire,MOUZ,,,team2,BLAST Open Lisbon 2025,0
hltv_match_2381108,2025-03-29 13:00:00+00:00,BURN,9z,,,team2,PGL Astana 2025 South America Closed Qualifier,0
hltv_match_2381011,2025-03-29 14:00:00+00:00,AMKAL,Fire Flux,,,team1,PGL Astana 2025 Europe Closed Qualifier,0
hltv_match_2381001,2025-03-29 14:00:00+00:00,Monte,BetBoom,,,team2,PGL Astana 2025 Europe Closed Qualifier,0
hltv_match_2380981,2025-03-29 15:15:00+00:00,B8,PARIVISION,,,team1,PGL Astana 2025 Europe Closed Qualifier,0
hltv_match_2381113,2025-03-29 16:00:00+00:00,Fluxo,Dusty Roots,,,team1,PGL Astana 2025 South America Closed Qualifier,0
hltv_match_2381114,2025-03-29 16:00:00+00:00,BESTIA,ODDIK,,,team1,PGL Astana 2025 South America Closed Qualifier,0
hltv_match_2381112,2025-03-29 16:00:00+00:00,ShindeN,RED Canids,,,team2,PGL Astana 2025 South America Closed Qualifier,0
hltv_match_2380132,2025-03-29 16:20:00+00:00,Vitality,Spirit,,,team1,BLAST Open Lisbon 2025,0
hltv_match_2381116,2025-03-29 19:00:00+00:00,Sharks,9z,,,team1,PGL Astana 2025 South America Closed Qualifier,0
hltv_match_2381074,2025-03-29 19:00:00+00:00,M80,Marsborne,,,team1,PGL Astana 2025 North America Closed Qualifier,0
hltv_match_2381045,2025-03-30 02:00:00+00:00,The Huns,Eruption,,,team1,PGL Astana 2025 Rest of Asia Closed Qualifier,0
hltv_match_2381154,2025-03-30 04:00:00+00:00,Leo,kONO,,,team1,European Pro League 2nd Division Season 21,0
hltv_match_2381026,2025-03-30 04:45:00+00:00,SemperFi,Rooster,,,team1,PGL Astana 2025 Oceania Closed Qualifier,0
hltv_match_2381046,2025-03-30 05:50:00+00:00,HOTU,The Huns,,,team1,PGL Astana 2025 Rest of Asia Closed Qualifier,0
hltv_match_2380982,2025-03-30 07:00:00+00:00,CYBERSHOKE,B8,,,team2,PGL Astana 2025 Europe Closed Qualifier,0
hltv_match_2381012,2025-03-30 07:00:00+00:00,Ninjas in Pyjamas,AMKAL,,,team1,PGL Astana 2025 Europe Closed Qualifier,0
hltv_match_2381155,2025-03-30 07:10:00+00:00,GenOne,Insilio,,,team2,European Pro League 2nd Division Season 21,0
hltv_match_2380795,2025-03-30 07:30:00+00:00,Metizport,ECSTATIC,,,team1,Galaxy Battle 2025 STARTER,0
hltv_match_2380755,2025-03-30 08:00:00+00:00,Zero Tenacity,Alliance,,,team1,A1 Gaming League Season 10,0
hltv_match_2381191,2025-03-30 10:00:00+00:00,ALLINNERS,VP.Prodigy,,,team1,Myskill Pro League 2025,0
hltv_match_2380983,2025-03-30 10:00:00+00:00,GUN5,B8,,,team2,PGL Astana 2025 Europe Closed Qualifier,0
hltv_match_2381013,2025-03-30 10:00:00+00:00,fnatic,Ninjas in Pyjamas,,,team2,PGL Astana 2025 Europe Closed Qualifier,0
hltv_match_2380794,2025-03-30 11:00:00+00:00,Aurora,ECLOT,,,team1,Galaxy Battle 2025 STARTER,0
hltv_match_2380756,2025-03-30 11:00:00+00:00,Sashi,ECSTATIC,,,team2,A1 Gaming League Season 10,0
hltv_match_2381003,2025-03-30 11:00:00+00:00,Metizport,BetBoom,,,team1,PGL Astana 2025 Europe Closed Qualifier,0
hltv_match_2380134,2025-03-30 11:30:00+00:00,MOUZ,Vitality,,,team2,BLAST Open Lisbon 2025,0
hltv_match_2381120,2025-03-30 13:00:00+00:00,ShindeN,Sharks,,,team2,PGL Astana 2025 South America Closed Qualifier,0
hltv_match_2381124,2025-03-30 16:00:00+00:00,RED Canids,Sharks,,,team1,PGL Astana 2025 South America Closed Qualifier,0
hltv_match_2381126,2025-03-30 17:00:00+00:00,BESTIA,ODDIK,,,team2,PGL Astana 2025 South America Closed Qualifier,0
hltv_match_2381082,2025-03-30 19:00:00+00:00,Marsborne,Mythic,,,team1,PGL Astana 2025 North America Closed Qualifier,0
hltv_match_2381086,2025-03-30 22:00:00+00:00,M80,Marsborne,,,team1,PGL Astana 2025 North America Closed Qualifier,0
hltv_match_2381137,2025-03-31 01:15:00+00:00,Rare Atom,HOTU,,,team2,PGL Astana 2025 Asia Closed Qualifier,0
hltv_match_2381156,2025-03-31 04:00:00+00:00,Wildcard Academy,Lazer Cats,,,team2,European Pro League 2nd Division Season 21,0
hltv_match_2381138,2025-03-31 04:25:00+00:00,JiJieHao,SemperFi,,,team1,PGL Astana 2025 Asia Closed Qualifier,0
hltv_match_2380796,2025-03-31 06:00:00+00:00,Metizport,Aurora,,,team2,Galaxy Battle 2025 STARTER,0
hltv_match_2381014,2025-03-31 10:00:00+00:00,B8,Ninjas in Pyjamas,,,team2,PGL Astana 2025 Europe Closed Qualifier,0
hltv_match_2381134,2025-03-31 12:00:00+00:00,Aurora,1win,,,team2,BetBoom LanDaLan 2 Closed Qualifier,0
hltv_match_2381015,2025-03-31 13:00:00+00:00,Metizport,Nemiga,,,team1,PGL Astana 2025 Europe Closed Qualifier,0
hltv_match_2381127,2025-03-31 13:00:00+00:00,Imperial,RED Canids,,,team1,PGL Astana 2025 South America Closed Qualifier,0
hltv_match_2381128,2025-03-31 16:45:00+00:00,Fluxo,ODDIK,,,team2,PGL Astana 2025 South America Closed Qualifier,0
hltv_match_2381130,2025-03-31 18:00:00+00:00,Wildcard,M80,,,team2,PGL Astana 2025 North America Closed Qualifier,0
hltv_match_2381333,2025-04-01 04:00:00+00:00,Young Ninjas,Tricked,,,team2,United21 League Season 29,0
hltv_match_2381181,2025-04-01 04:00:00+00:00,kONO,GenOne,,,team2,European Pro League 2nd Division Season 21,0
hltv_match_2381139,2025-04-01 04:40:00+00:00,HOTU,JiJieHao,,,team1,PGL Astana 2025 Asia Closed Qualifier,0
hltv_match_2381164,2025-04-01 08:00:00+00:00,THE,Lynn Vision,,,team2,ESL Challenger League Season 49 Asia-Pacific,0
hltv_match_2381161,2025-04-01 08:00:00+00:00,harizma,Chinggis Warriors,,,team2,ESL Challenger League Season 49 Asia-Pacific,0
hltv_match_2381162,2025-04-01 08:00:00+00:00,The Huns,Just Swing,,,team1,ESL Challenger League Season 49 Asia-Pacific,0
hltv_match_2381167,2025-04-01 09:00:00+00:00,Chinggis Warriors,harizma,,,team1,ESL Challenger League Season 49 Asia-Pacific,0
hltv_match_2381170,2025-04-01 09:00:00+00:00,Lynn Vision,THE,,,team1,ESL Challenger League Season 49 Asia-Pacific,0
hltv_match_2381168,2025-04-01 09:00:00+00:00,Just Swing,The Huns,,,team2,ESL Challenger League Season 49 Asia-Pacific,0
hltv_match_2381259,2025-04-01 09:00:00+00:00,Nexus,ENCE Academy,,,team1,Fragster Challenger Series Season 1,0
hltv_match_2381016,2025-04-01 10:00:00+00:00,Ninjas in Pyjamas,Metizport,,,team1,PGL Astana 2025 Europe Closed Qualifier,0
hltv_match_2381136,2025-04-01 11:40:00+00:00,PARIVISION,ARCRED,,,team1,BetBoom LanDaLan 2 Closed Qualifier,0
hltv_match_2381129,2025-04-01 14:00:00+00:00,Imperial,ODDIK,,,team2,PGL Astana 2025 South America Closed Qualifier,0
hltv_match_2380826,2025-04-01 14:00:00+00:00,Monte,Fire Flux,,,team1,ESL Challenger League Season 49 Europe,0
hltv_match_2380825,2025-04-01 14:00:00+00:00,Rebels,Sashi,,,team1,ESL Challenger League Season 49 Europe,0
hltv_match_2378613,2025-04-01 18:00:00+00:00,Sharks,GameHunters,,,team1,ESL Challenger League Season 49 South America,0
hltv_match_2379817,2025-04-01 18:00:00+00:00,Bounty Hunters,Yawara,,,team2,ESL Challenger League Season 49 South America,0
hltv_match_2379818,2025-04-01 18:00:00+00:00,KRÜ,Fluxo,,,team2,ESL Challenger League Season 49 South America,0
hltv_match_2381238,2025-04-01 19:00:00+00:00,GameHunters,Sharks,,,team2,ESL Challenger League Season 49 South America,0
hltv_match_2381235,2025-04-01 19:00:00+00:00,Fluxo,KRÜ,,,team1,ESL Challenger League Season 49 South America,0
hltv_match_2378614,2025-04-01 19:30:00+00:00,Yawara,Bounty Hunters,,,team1,ESL Challenger League Season 49 South America,0
hltv_match_2381210,2025-04-01 21:00:00+00:00,Legacy,Marsborne,,,team1,ESL Challenger League Season 49 North America,0
hltv_match_2381214,2025-04-01 21:00:00+00:00,Akimbo,Worms,,,team1,ESL Challenger League Season 49 North America,0
hltv_match_2381216,2025-04-01 22:00:00+00:00,Marsborne,Legacy,,,team2,ESL Challenger League Season 49 North America,0
hltv_match_2381220,2025-04-01 22:00:00+00:00,Worms,Akimbo,,,team2,ESL Challenger League Season 49 North America,0
hltv_match_2381335,2025-04-02 04:00:00+00:00,Wildcard Academy,kONO,,,team1,United21 League Season 29,0
hltv_match_2381183,2025-04-02 04:00:00+00:00,Leo,Insilio,,,team1,European Pro League 2nd Division Season 21,0
hltv_match_2381145,2025-04-02 05:00:00+00:00,Mindfreak,Underground,,,team1,ESL Challenger League Season 49 Oceania,0
hltv_match_2381273,2025-04-02 05:30:00+00:00,BetBoom,ENCE,,,team1,YaLLa Compass Spring 2025 Closed Qualifier,0
hltv_match_2381272,2025-04-02 05:30:00+00:00,Passion UA,Metizport,,,team2,YaLLa Compass Spring 2025 Closed Qualifier,0
hltv_match_2381184,2025-04-02 06:30:00+00:00,Lazer Cats,Young Ninjas,,,team2,European Pro League 2nd Division Season 21,0
hltv_match_2381275,2025-04-02 07:00:00+00:00,ECLOT,Nexus,,,team2,YaLLa Compass Spring 2025 Closed Qualifier,0
hltv_match_2381150,2025-04-02 07:30:00+00:00,Underground,Mindfreak,,,team2,ESL Challenger League Season 49 Oceania,0
hltv_match_2381172,2025-04-02 08:00:00+00:00,Chinggis Warriors,THE,,,team1,ESL Challenger League Season 49 Asia-Pacific,0
hltv_match_2381337,2025-04-02 08:00:00+00:00,Aurora,CYBERSHOKE,,,team2,BetBoom LanDaLan 2 Closed Qualifier,0
hltv_match_2381174,2025-04-02 08:00:00+00:00,Just Swing,Lynn Vision,,,team2,ESL Challenger League Season 49 Asia-Pacific,0
hltv_match_2381173,2025-04-02 08:00:00+00:00,NomadS,harizma,,,team1,ESL Challenger League Season 49 Asia-Pacific,0
hltv_match_2381277,2025-04-02 08:30:00+00:00,Partizan,Nexus,,,team1,YaLLa Compass Spring 2025 Closed Qualifier,0
hltv_match_2381178,2025-04-02 08:40:00+00:00,harizma,NomadS,,,team1,ESL Challenger League Season 49 Asia-Pacific,0
hltv_match_2381179,2025-04-02 08:50:00+00:00,Lynn Vision,Just Swing,,,team1,ESL Challenger League Season 49 Asia-Pacific,0
hltv_match_2381177,2025-04-02 09:00:00+00:00,THE,Chinggis Warriors,,,team2,ESL Challenger League Season 49 Asia-Pacific,0
hltv_match_2381279,2025-04-02 10:00:00+00:00,BetBoom,ECLOT,,,team1,YaLLa Compass Spring 2025 Closed Qualifier,0
hltv_match_2381280,2025-04-02 11:30:00+00:00,Metizport,Nemiga,,,team2,YaLLa Compass Spring 2025 Closed Qualifier,0
hltv_match_2381283,2025-04-02 13:00:00+00:00,Partizan,ENCE,,,team2,YaLLa Compass Spring 2025 Closed Qualifier,0
hltv_match_2381205,2025-04-02 14:00:00+00:00,Aurora,Monte,,,team1,ESL Challenger League Season 49 Europe,0
hltv_match_2381204,2025-04-02 14:00:00+00:00,CPH Wolves,Rebels,,,team1,ESL Challenger League Season 49 Europe,0
hltv_match_2379545,2025-04-02 15:00:00+00:00,Fluxo,ODDIK,,,team1,ESL Challenger League Season 49 South America,0
hltv_match_2379550,2025-04-02 16:00:00+00:00,ODDIK,Fluxo,,,team2,ESL Challenger League Season 49 South America,0
hltv_match_2381244,2025-04-02 18:15:00+00:00,RED Canids,KRÜ,,,team2,ESL Challenger League Season 49 South America,0
hltv_match_2381249,2025-04-02 19:25:00+00:00,KRÜ,RED Canids,,,team2,ESL Challenger League Season 49 South America,0
hltv_match_2381200,2025-04-02 19:30:00+00:00,FlyQuest RED,Black Mold,,,team1,ESL Impact League Season 7 North America,0
hltv_match_2381221,2025-04-02 21:00:00+00:00,NRG,Worms,,,team1,ESL Challenger League Season 49 North America,0
hltv_match_2381228,2025-04-02 21:55:00+00:00,Worms,NRG,,,team2,ESL Challenger League Season 49 North America,0
hltv_match_2381378,2025-04-03 00:00:00+00:00,Eruption,NomadS,,,team1,MESA Pro Series Spring 2025,0
hltv_match_2381379,2025-04-03 03:00:00+00:00,The Huns,Chinggis Warriors,,,team1,MESA Pro Series Spring 2025,0
hltv_match_2381185,2025-04-03 04:00:00+00:00,GenOne,Lazer Cats,,,team1,European Pro League 2nd Division Season 21,0
hltv_match_2381284,2025-04-03 04:00:00+00:00,Passion UA,Imperial Valkyries,,,team1,YaLLa Compass Spring 2025 Closed Qualifier,0
hltv_match_2381285,2025-04-03 04:00:00+00:00,BetBoom,Nexus,,,team1,YaLLa Compass Spring 2025 Closed Qualifier,0
hltv_match_2381380,2025-04-03 06:00:00+00:00,Eruption,The Huns,,,team2,MESA Pro Series Spring 2025,0
hltv_match_2381289,2025-04-03 07:00:00+00:00,Partizan,ECLOT,,,team1,YaLLa Compass Spring 2025 Closed Qualifier,0
hltv_match_2381186,2025-04-03 07:40:00+00:00,Wildcard Academy,Insilio,,,team2,European Pro League 2nd Division Season 21,0
hltv_match_2381290,2025-04-03 08:30:00+00:00,Passion UA,Nemiga,,,team2,YaLLa Compass Spring 2025 Closed Qualifier,0
hltv_match_2381356,2025-04-03 09:00:00+00:00,Fluxo,ODDIK,,,team1,FiReLEAGUE Buenos Aires 2025 Brazil Closed Qualifier,0
hltv_match_2381344,2025-04-03 09:00:00+00:00,Bounty Hunters,ShindeN,,,team1,FiReLEAGUE Buenos Aires 2025 South America Closed Qualifier,0
hltv_match_2381369,2025-04-03 09:30:00+00:00,kONO,CPH Wolves,,,team2,United21 League Season 29,0
hltv_match_2381292,2025-04-03 10:00:00+00:00,Metizport,Imperial Valkyries,,,team1,YaLLa Compass Spring 2025 Closed Qualifier,0
hltv_match_2381293,2025-04-03 10:00:00+00:00,ENCE,Nexus,,,team1,YaLLa Compass Spring 2025 Closed Qualifier,0
hltv_match_2381341,2025-04-03 11:05:00+00:00,NOVAQ,PARIVISION,,,team2,BetBoom LanDaLan 2 Closed Qualifier,0
hltv_match_2381295,2025-04-03 11:30:00+00:00,Partizan,BetBoom,,,team1,YaLLa Compass Spring 2025 Closed Qualifier,0
hltv_match_2381297,2025-04-03 13:00:00+00:00,ECLOT,ENCE,,,team2,YaLLa Compass Spring 2025 Closed Qualifier,0
hltv_match_2381195,2025-04-03 13:30:00+00:00,BIG EQUIPA,AKA HERO KAJO,,,team1,ESL Impact League Season 7 Europe,0
hltv_match_2381298,2025-04-03 15:05:00+00:00,Imperial Valkyries,Nemiga,,,team2,YaLLa Compass Spring 2025 Closed Qualifier,0
hltv_match_2381346,2025-04-03 16:00:00+00:00,Dusty Roots,KRÜ,,,team1,FiReLEAGUE Buenos Aires 2025 South America Closed Qualifier,0
hltv_match_2380511,2025-04-03 18:00:00+00:00,GameHunters,Yawara,,,team1,ESL Challenger League Season 49 South America,0
hltv_match_2380519,2025-04-03 19:00:00+00:00,Yawara,GameHunters,,,team2,ESL Challenger League Season 49 South America,0
hltv_match_2381359,2025-04-03 19:30:00+00:00,Sharks,RED Canids,,,team2,FiReLEAGUE Buenos Aires 2025 Brazil Closed Qualifier,0
hltv_match_2379515,2025-04-03 21:00:00+00:00,NRG,Akimbo,,,team1,ESL Challenger League Season 49 North America,0
hltv_match_2379522,2025-04-03 22:00:00+00:00,Akimbo,NRG,,,team2,ESL Challenger League Season 49 North America,0
hltv_match_2381187,2025-04-04 04:00:00+00:00,GenOne,Insilio,,,team1,European Pro League 2nd Division Season 21,0
hltv_match_2381188,2025-04-04 07:15:00+00:00,Leo,Young Ninjas,,,team1,European Pro League 2nd Division Season 21,0
hltv_match_2381339,2025-04-04 08:00:00+00:00,CYBERSHOKE,1win,,,team1,BetBoom LanDaLan 2 Closed Qualifier,0
hltv_match_2381342,2025-04-04 11:00:00+00:00,ARCRED,NOVAQ,,,team2,BetBoom LanDaLan 2 Closed Qualifier,0
hltv_match_2381361,2025-04-04 12:30:00+00:00,Fluxo,Imperial,,,team2,FiReLEAGUE Buenos Aires 2025 Brazil Closed Qualifier,0
hltv_match_2381349,2025-04-04 12:30:00+00:00,Bounty Hunters,BESTIA,,,team2,FiReLEAGUE Buenos Aires 2025 South America Closed Qualifier,0
hltv_match_2380777,2025-04-04 13:15:00+00:00,ECLOT,UNiTY,,,team2,Tipsport Cup Spring 2025 Finals,0
hltv_match_2381362,2025-04-04 16:10:00+00:00,FURIA fe,Sharks,,,team2,FiReLEAGUE Buenos Aires 2025 Brazil Closed Qualifier,0
hltv_match_2381351,2025-04-04 18:45:00+00:00,Dusty Roots,9z,,,team2,FiReLEAGUE Buenos Aires 2025 South America Closed Qualifier,0
hltv_match_2381408,2025-04-05 03:00:00+00:00,ALLINNERS,DEPO,,,team2,1xBet FRAG Season 14,0
hltv_match_2381405,2025-04-05 04:00:00+00:00,Eruption,NomadS,,,team1,MESA Nomadic Masters Spring 2025 Mongolia Closed Qualifier,0
hltv_match_2381189,2025-04-05 07:00:00+00:00,GenOne,Young Ninjas,,,team1,European Pro League 2nd Division Season 21,0
hltv_match_2380640,2025-04-05 09:00:00+00:00,The Huns,TYLOO,,,team2,ESL Challenger League Season 49 Asia-Pacific,0
hltv_match_2380647,2025-04-05 10:30:00+00:00,TYLOO,The Huns,,,team1,ESL Challenger League Season 49 Asia-Pacific,0
hltv_match_2380759,2025-04-05 11:00:00+00:00,Sashi,OG,,,team2,A1 Gaming League Season 10,0
hltv_match_2381267,2025-04-05 12:00:00+00:00,ARCRED,Johnny Speeds,,,team2,Fragster Challenger Series Season 1,0
hltv_match_2380779,2025-04-05 13:20:00+00:00,SINNERS,UNiTY,,,team1,Tipsport Cup Spring 2025 Finals,0
hltv_match_2381364,2025-04-05 15:00:00+00:00,ODDIK,Fluxo,,,team2,FiReLEAGUE Buenos Aires 2025 Brazil Closed Qualifier,0
hltv_match_2381353,2025-04-05 18:45:00+00:00,Dusty Roots,KRÜ,,,team2,FiReLEAGUE Buenos Aires 2025 South America Closed Qualifier,0
hltv_match_2381252,2025-04-06 03:00:00+00:00,Virtus.pro,Rare Atom,,,team2,PGL Bucharest 2025,0
hltv_match_2381251,2025-04-06 03:00:00+00:00,The MongolZ,3DMAX,,,team2,PGL Bucharest 2025,0
hltv_match_2381254,2025-04-06 04:55:00+00:00,G2,GamerLegion,,,team1,PGL Bucharest 2025,0
hltv_match_2381190,2025-04-06 05:00:00+00:00,Leo,GenOne,,,team2,European Pro League 2nd Division Season 21,0
hltv_match_2381407,2025-04-06 05:00:00+00:00,Eruption,The Huns,,,team2,MESA Nomadic Masters Spring 2025 Mongolia Closed Qualifier,0
hltv_match_2381375,2025-04-06 06:30:00+00:00,CPH Wolves,Young Ninjas,,,team2,United21 League Season 29,0
hltv_match_2381255,2025-04-06 07:25:00+00:00,Aurora,paiN,,,team1,PGL Bucharest 2025,0
hltv_match_2381256,2025-04-06 08:05:00+00:00,Liquid,Legacy,,,team2,PGL Bucharest 2025,0
hltv_match_2380780,2025-04-06 09:00:00+00:00,ECLOT,UNiTY,,,team1,Tipsport Cup Spring 2025 Finals,0
hltv_match_2381257,2025-04-06 10:00:00+00:00,FaZe,Astralis,,,team2,PGL Bucharest 2025,0
hltv_match_2380781,2025-04-06 11:15:00+00:00,SINNERS,ECLOT,,,team1,Tipsport Cup Spring 2025 Finals,0
hltv_match_2381258,2025-04-06 11:35:00+00:00,FURIA,Betclic,,,team1,PGL Bucharest 2025,0
hltv_match_2381366,2025-04-06 15:00:00+00:00,Imperial,Fluxo,,,team1,FiReLEAGUE Buenos Aires 2025 Brazil Closed Qualifier,0
hltv_match_2381354,2025-04-06 15:00:00+00:00,BESTIA,Bounty Hunters,,,team1,FiReLEAGUE Buenos Aires 2025 South America Closed Qualifier,0
hltv_match_2381355,2025-04-06 17:10:00+00:00,9z,KRÜ,,,team1,FiReLEAGUE Buenos Aires 2025 South America Closed Qualifier,0
hltv_match_2381367,2025-04-06 17:25:00+00:00,RED Canids,Sharks,,,team2,FiReLEAGUE Buenos Aires 2025 Brazil Closed Qualifier,0
hltv_match_2381301,2025-04-07 03:00:00+00:00,Falcons,GamerLegion,,,team2,PGL Bucharest 2025,0
hltv_match_2381300,2025-04-07 03:00:00+00:00,G2,Rare Atom,,,team1,PGL Bucharest 2025,0
hltv_match_2381302,2025-04-07 04:50:00+00:00,Aurora,Legacy,,,team1,PGL Bucharest 2025,0
hltv_match_2381303,2025-04-07 04:50:00+00:00,Liquid,Virtus.pro,,,team2,PGL Bucharest 2025,0
hltv_match_2381376,2025-04-07 06:30:00+00:00,Wildcard Academy,Young Ninjas,,,team2,United21 League Season 29,0
hltv_match_2381304,2025-04-07 07:00:00+00:00,3DMAX,Astralis,,,team1,PGL Bucharest 2025,0
hltv_match_2381305,2025-04-07 07:10:00+00:00,The MongolZ,Betclic,,,team2,PGL Bucharest 2025,0
hltv_match_2381307,2025-04-07 09:25:00+00:00,FaZe,paiN,,,team1,PGL Bucharest 2025,0
hltv_match_2381309,2025-04-08 03:00:00+00:00,GamerLegion,Legacy,,,team1,PGL Bucharest 2025,0
hltv_match_2381308,2025-04-08 03:00:00+00:00,Astralis,Betclic,,,team2,PGL Bucharest 2025,0
hltv_match_2381489,2025-04-08 04:00:00+00:00,9INE,Insilio,,,team2,European Pro League Season 24,0
hltv_match_2381310,2025-04-08 05:05:00+00:00,FURIA,Virtus.pro,,,team2,PGL Bucharest 2025,0
hltv_match_2381311,2025-04-08 06:45:00+00:00,Rare Atom,FaZe,,,team2,PGL Bucharest 2025,0
hltv_match_2381490,2025-04-08 07:00:00+00:00,Tricked,GenOne,,,team1,European Pro League Season 24,0
hltv_match_2381385,2025-04-08 08:00:00+00:00,NomadS,Lynn Vision,,,team2,ESL Challenger League Season 49 Asia-Pacific,0
hltv_match_2381381,2025-04-08 08:00:00+00:00,The Huns,The QUBE,,,team1,ESL Challenger League Season 49 Asia-Pacific,0
hltv_match_2381382,2025-04-08 08:00:00+00:00,Just Swing,Chinggis Warriors,,,team2,ESL Challenger League Season 49 Asia-Pacific,0
hltv_match_2381391,2025-04-08 08:40:00+00:00,Lynn Vision,NomadS,,,team1,ESL Challenger League Season 49 Asia-Pacific,0
hltv_match_2381313,2025-04-08 08:40:00+00:00,Falcons,paiN,,,team1,PGL Bucharest 2025,0
hltv_match_2381387,2025-04-08 08:45:00+00:00,The QUBE,The Huns,,,team2,ESL Challenger League Season 49 Asia-Pacific,0
hltv_match_2381388,2025-04-08 09:40:00+00:00,Chinggis Warriors,Just Swing,,,team2,ESL Challenger League Season 49 Asia-Pacific,0
hltv_match_2381314,2025-04-08 10:50:00+00:00,Aurora,3DMAX,,,team2,PGL Bucharest 2025,0
hltv_match_2381315,2025-04-08 12:00:00+00:00,The MongolZ,Liquid,,,team1,PGL Bucharest 2025,0
hltv_match_2381473,2025-04-08 18:00:00+00:00,Bounty Hunters,GameHunters,,,team1,ESL Challenger League Season 49 South America,0
hltv_match_2381477,2025-04-08 19:00:00+00:00,GameHunters,Bounty Hunters,,,team1,ESL Challenger League Season 49 South America,0
hltv_match_2381456,2025-04-08 21:00:00+00:00,Marsborne,InControl,,,team1,ESL Challenger League Season 49 North America,0
hltv_match_2381461,2025-04-08 22:00:00+00:00,InControl,Marsborne,,,team2,ESL Challenger League Season 49 North America,0
hltv_match_2381317,2025-04-09 03:00:00+00:00,Astralis,Legacy,,,team1,PGL Bucharest 2025,0
hltv_match_2381316,2025-04-09 03:00:00+00:00,GamerLegion,Virtus.pro,,,team1,PGL Bucharest 2025,0
hltv_match_2381501,2025-04-09 04:00:00+00:00,Insilio,Tricked,,,team1,European Pro League Season 24,0
hltv_match_2381492,2025-04-09 06:30:00+00:00,WOPA,Young Ninjas,,,team1,European Pro League Season 24,0
hltv_match_2381319,2025-04-09 06:55:00+00:00,Rare Atom,Falcons,,,team2,PGL Bucharest 2025,0
hltv_match_2381320,2025-04-09 07:25:00+00:00,Aurora,Betclic,,,team1,PGL Bucharest 2025,0
hltv_match_2381321,2025-04-09 08:50:00+00:00,FURIA,The MongolZ,,,team2,PGL Bucharest 2025,0
hltv_match_2379534,2025-04-09 15:00:00+00:00,Fluxo,RED Canids,,,team1,ESL Challenger League Season 49 South America,0
hltv_match_2379539,2025-04-09 16:15:00+00:00,RED Canids,Fluxo,,,team1,ESL Challenger League Season 49 South America,0
hltv_match_2381480,2025-04-09 18:00:00+00:00,ODDIK,KRÜ,,,team1,ESL Challenger League Season 49 South America,0
hltv_match_2381483,2025-04-09 18:00:00+00:00,Fluxo,Sharks,,,team1,ESL Challenger League Season 49 South America,0
hltv_match_2381485,2025-04-09 18:50:00+00:00,KRÜ,ODDIK,,,team2,ESL Challenger League Season 49 South America,0
hltv_match_2381488,2025-04-09 19:00:00+00:00,Sharks,Fluxo,,,team1,ESL Challenger League Season 49 South America,0
hltv_match_2381322,2025-04-10 03:00:00+00:00,Astralis,Virtus.pro,,,team2,PGL Bucharest 2025,0
hltv_match_2381556,2025-04-10 03:40:00+00:00,Eruption,ScarX,,,team2,MESA Nomadic Masters Spring 2025 Asia Open Qualifier,0
hltv_match_2381493,2025-04-10 04:00:00+00:00,SINNERS,ENCE Academy,,,team1,European Pro League Season 24,0
hltv_match_2381323,2025-04-10 05:10:00+00:00,Betclic,FaZe,,,team2,PGL Bucharest 2025,0
hltv_match_2381324,2025-04-10 07:10:00+00:00,Falcons,The MongolZ,,,team1,PGL Bucharest 2025,0
hltv_match_2381500,2025-04-10 09:50:00+00:00,9INE,GenOne,,,team2,European Pro League Season 24,0
hltv_match_2381325,2025-04-11 03:00:00+00:00,GamerLegion,Falcons,,,team2,PGL Bucharest 2025,0
hltv_match_2381495,2025-04-11 04:25:00+00:00,ECLOT,kONO,,,team1,European Pro League Season 24,0
hltv_match_2381326,2025-04-11 06:05:00+00:00,3DMAX,FaZe,,,team2,PGL Bucharest 2025,0
hltv_match_2381529,2025-04-11 07:30:00+00:00,ECSTATIC,Sashi,,,team1,Galaxy Battle 2025 Phase 1,0
hltv_match_2381328,2025-04-11 11:00:00+00:00,G2,Virtus.pro,,,team1,PGL Bucharest 2025,0
hltv_match_2381531,2025-04-11 15:10:00+00:00,CYBERSHOKE,PARIVISION,,,team1,Galaxy Battle 2025 Phase 1,0
hltv_match_2381420,2025-04-11 16:30:00+00:00,FURIA fe,MIBR fe,,,team1,ESL Impact League Season 7 South America,0
hltv_match_2381424,2025-04-11 19:30:00+00:00,FlyQuest RED,Ghost,,,team1,ESL Impact League Season 7 North America,0
hltv_match_2381532,2025-04-12 04:00:00+00:00,Sangal,Fire Flux,,,team1,Galaxy Battle 2025 Phase 1,0
hltv_match_2381533,2025-04-12 07:30:00+00:00,Monte,NOVAQ,,,team1,Galaxy Battle 2025 Phase 1,0
hltv_match_2381520,2025-04-12 08:00:00+00:00,BetBoom,BC.Game,,,team1,A1 Gaming League Season 10,0
hltv_match_2381329,2025-04-12 10:00:00+00:00,Falcons,FaZe,,,team1,PGL Bucharest 2025,0
hltv_match_2381521,2025-04-12 11:10:00+00:00,Partizan,FAVBET,,,team1,A1 Gaming League Season 10,0
hltv_match_2381535,2025-04-12 14:30:00+00:00,SKYFURY,Nexus,,,team1,Galaxy Battle 2025 Phase 1,0
hltv_match_2381653,2025-04-13 04:00:00+00:00,FAVBET,FORZE Reload,,,team1,Exort Series 9,0
hltv_match_2381645,2025-04-13 04:30:00+00:00,9INE,Alliance,,,team1,Level Up LUND! 2025,0
hltv_match_2381646,2025-04-13 04:45:00+00:00,Sashi,EYEBALLERS,,,team1,Level Up LUND! 2025,0
hltv_match_2381536,2025-04-13 07:30:00+00:00,Nexus,PARIVISION,,,team2,Galaxy Battle 2025 Phase 1,0
hltv_match_2381649,2025-04-13 09:00:00+00:00,Sashi,9INE,,,team2,Level Up LUND! 2025,0
hltv_match_2381332,2025-04-13 11:00:00+00:00,Falcons,G2,,,team1,PGL Bucharest 2025,0
hltv_match_2381654,2025-04-13 11:30:00+00:00,Nexus,Insilio,,,team2,Exort Series 9,0
hltv_match_2381651,2025-04-13 13:00:00+00:00,Johnny Speeds,Sashi,,,team1,Level Up LUND! 2025,0
hltv_match_2381568,2025-04-14 04:00:00+00:00,500,ENCE,,,team2,BLAST.tv Austin Major 2025 Europe Regional Qualifier,0
hltv_match_2381570,2025-04-14 04:00:00+00:00,B8,Metizport,,,team2,BLAST.tv Austin Major 2025 Europe Regional Qualifier,0
hltv_match_2381571,2025-04-14 05:30:00+00:00,HEROIC,PARIVISION,,,team1,BLAST.tv Austin Major 2025 Europe Regional Qualifier,0
hltv_match_2381538,2025-04-14 06:30:00+00:00,SKYFURY,CYBERSHOKE,,,team2,Galaxy Battle 2025 Phase 1,0
hltv_match_2381573,2025-04-14 07:00:00+00:00,SAW,BetBoom,,,team2,BLAST.tv Austin Major 2025 Europe Regional Qualifier,0
hltv_match_2381574,2025-04-14 07:00:00+00:00,BC.Game,fnatic,,,team1,BLAST.tv Austin Major 2025 Europe Regional Qualifier,0
hltv_match_2381569,2025-04-14 08:30:00+00:00,GamerLegion,Nemiga,,,team2,BLAST.tv Austin Major 2025 Europe Regional Qualifier,0
hltv_match_2381575,2025-04-14 08:30:00+00:00,Astralis,OG,,,team2,BLAST.tv Austin Major 2025 Europe Regional Qualifier,0
hltv_match_2381504,2025-04-14 09:30:00+00:00,ENCE Academy,Johnny Speeds,,,team2,European Pro League Season 24,0
hltv_match_2381539,2025-04-14 10:05:00+00:00,Monte,ECSTATIC,,,team2,Galaxy Battle 2025 Phase 1,0
hltv_match_2381576,2025-04-14 10:20:00+00:00,HEROIC,ENCE,,,team1,BLAST.tv Austin Major 2025 Europe Regional Qualifier,0
hltv_match_2381577,2025-04-14 10:20:00+00:00,BIG,500,,,team1,BLAST.tv Austin Major 2025 Europe Regional Qualifier,0
hltv_match_2381658,2025-04-14 11:30:00+00:00,FAVBET,RUBY,,,team2,Exort Series 9,0
hltv_match_2381578,2025-04-14 11:50:00+00:00,BC.Game,Metizport,,,team2,BLAST.tv Austin Major 2025 Europe Regional Qualifier,0
hltv_match_2381579,2025-04-14 11:50:00+00:00,SAW,B8,,,team1,BLAST.tv Austin Major 2025 Europe Regional Qualifier,0
hltv_match_2381581,2025-04-14 13:25:00+00:00,Astralis,PARIVISION,,,team1,BLAST.tv Austin Major 2025 Europe Regional Qualifier,0
hltv_match_2381582,2025-04-14 14:50:00+00:00,Nemiga,BetBoom,,,team1,BLAST.tv Austin Major 2025 Europe Regional Qualifier,0
hltv_match_2381583,2025-04-14 14:50:00+00:00,GamerLegion,fnatic,,,team2,BLAST.tv Austin Major 2025 Europe Regional Qualifier,0
hltv_match_2381659,2025-04-14 15:30:00+00:00,Insilio,RUBY,,,team1,Exort Series 9,0
hltv_match_2381626,2025-04-15 01:10:00+00:00,Rooster,FlyQuest,,,team2,BLAST.tv Austin Major 2025 Oceania & SEA Regional Qualifier,0
hltv_match_2381585,2025-04-15 04:00:00+00:00,B8,PARIVISION,,,team1,BLAST.tv Austin Major 2025 Europe Regional Qualifier,0
hltv_match_2381584,2025-04-15 04:00:00+00:00,GamerLegion,500,,,team1,BLAST.tv Austin Major 2025 Europe Regional Qualifier,0
hltv_match_2381631,2025-04-15 04:35:00+00:00,The Huns,Chinggis Warriors,,,team2,BLAST.tv Austin Major 2025 Asia Regional Qualifier,0
hltv_match_2381551,2025-04-15 05:00:00+00:00,Rare Atom,Lynn Vision,,,team2,BLAST.tv Austin Major 2025 China Regional Qualifier,0
hltv_match_2381507,2025-04-15 06:55:00+00:00,ECLOT,Leo,,,team2,European Pro League Season 24,0
hltv_match_2381586,2025-04-15 07:00:00+00:00,BC.Game,BIG,,,team2,BLAST.tv Austin Major 2025 Europe Regional Qualifier,0
hltv_match_2381587,2025-04-15 07:45:00+00:00,BetBoom,fnatic,,,team1,BLAST.tv Austin Major 2025 Europe Regional Qualifier,0
hltv_match_2381589,2025-04-15 09:20:00+00:00,Astralis,ENCE,,,team1,BLAST.tv Austin Major 2025 Europe Regional Qualifier,0
hltv_match_2381590,2025-04-15 10:00:00+00:00,OG,Metizport,,,team1,BLAST.tv Austin Major 2025 Europe Regional Qualifier,0
hltv_match_2381591,2025-04-15 10:15:00+00:00,HEROIC,Nemiga,,,team1,BLAST.tv Austin Major 2025 Europe Regional Qualifier,0
hltv_match_2381603,2025-04-15 11:00:00+00:00,Imperial,ODDIK,,,team1,BLAST.tv Austin Major 2025 South America Regional Qualifier,0
hltv_match_2381605,2025-04-15 16:10:00+00:00,Fluxo,BESTIA,,,team1,BLAST.tv Austin Major 2025 South America Regional Qualifier,0
hltv_match_2381609,2025-04-15 17:50:00+00:00,Wildcard,Marsborne,,,team1,BLAST.tv Austin Major 2025 North America Regional Qualifier,0
hltv_match_2381606,2025-04-15 18:15:00+00:00,Legacy,RED Canids,,,team1,BLAST.tv Austin Major 2025 South America Regional Qualifier,0
hltv_match_2381627,2025-04-15 22:00:00+00:00,SemperFi,FlyQuest,,,team2,BLAST.tv Austin Major 2025 Oceania & SEA Regional Qualifier,0
hltv_match_2381594,2025-04-16 04:00:00+00:00,BC.Game,B8,,,team2,BLAST.tv Austin Major 2025 Europe Regional Qualifier,0
hltv_match_2381592,2025-04-16 04:00:00+00:00,ENCE,fnatic,,,team1,BLAST.tv Austin Major 2025 Europe Regional Qualifier,0
hltv_match_2381593,2025-04-16 04:00:00+00:00,SAW,GamerLegion,,,team1,BLAST.tv Austin Major 2025 Europe Regional Qualifier,0
hltv_match_2381553,2025-04-16 05:00:00+00:00,Lynn Vision,TYLOO,,,team1,BLAST.tv Austin Major 2025 China Regional Qualifier,0
hltv_match_2381633,2025-04-16 05:00:00+00:00,Chinggis Warriors,Eruption,,,team2,BLAST.tv Austin Major 2025 Asia Regional Qualifier,0
hltv_match_2381509,2025-04-16 06:30:00+00:00,kONO,ECLOT,,,team2,European Pro League Season 24,0
hltv_match_2381595,2025-04-16 07:00:00+00:00,Nemiga,BIG,,,team1,BLAST.tv Austin Major 2025 Europe Regional Qualifier,0
hltv_match_2381596,2025-04-16 07:25:00+00:00,Metizport,Astralis,,,team1,BLAST.tv Austin Major 2025 Europe Regional Qualifier,0
hltv_match_2381543,2025-04-16 11:00:00+00:00,Sashi,NOVAQ,,,team1,Galaxy Battle 2025 Phase 1,0
hltv_match_2381599,2025-04-16 11:30:00+00:00,Astralis,BIG,,,team1,BLAST.tv Austin Major 2025 Europe Regional Qualifier,0
hltv_match_2381600,2025-04-16 11:30:00+00:00,SAW,ENCE,,,team2,BLAST.tv Austin Major 2025 Europe Regional Qualifier,0
hltv_match_2381619,2025-04-16 13:10:00+00:00,Imperial,Sharks,,,team1,BLAST.tv Austin Major 2025 South America Regional Qualifier,0
hltv_match_2381620,2025-04-16 15:15:00+00:00,BESTIA,RED Canids,,,team1,BLAST.tv Austin Major 2025 South America Regional Qualifier,0
hltv_match_2381621,2025-04-16 17:30:00+00:00,Fluxo,Legacy,,,team1,BLAST.tv Austin Major 2025 South America Regional Qualifier,0
hltv_match_2381614,2025-04-16 18:30:00+00:00,Wildcard,NRG,,,team1,BLAST.tv Austin Major 2025 North America Regional Qualifier,0
hltv_match_2381630,2025-04-17 01:10:00+00:00,FlyQuest,SemperFi,,,team1,BLAST.tv Austin Major 2025 Oceania & SEA Regional Qualifier,0
hltv_match_2381510,2025-04-17 04:00:00+00:00,Tricked,GenOne,,,team1,European Pro League Season 24,0
hltv_match_2381660,2025-04-17 04:00:00+00:00,SINNERS,Sashi,,,team2,Galaxy Battle 2025 Phase 1,0
hltv_match_2381555,2025-04-17 05:00:00+00:00,Rare Atom,TYLOO,,,team2,BLAST.tv Austin Major 2025 China Regional Qualifier,0
hltv_match_2381719,2025-04-17 05:30:00+00:00,Just Swing,Change The Game,,,team1,Hero Esports Asian Champions League 2025 Closed Qualifier,0
hltv_match_2381669,2025-04-17 06:00:00+00:00,Nemiga,GUN5,,,team2,YaLLa Compass Spring 2025,0
hltv_match_2381636,2025-04-17 06:30:00+00:00,Eruption,Chinggis Warriors,,,team2,BLAST.tv Austin Major 2025 Asia Regional Qualifier,0
hltv_match_2381511,2025-04-17 07:00:00+00:00,Young Ninjas,WOPA,,,team1,European Pro League Season 24,0
hltv_match_2381672,2025-04-17 07:00:00+00:00,BetBoom,Nexus,,,team1,YaLLa Compass Spring 2025,0
hltv_match_2381601,2025-04-17 07:00:00+00:00,ENCE,B8,,,team2,BLAST.tv Austin Major 2025 Europe Regional Qualifier,0
hltv_match_2381661,2025-04-17 07:30:00+00:00,Monte,Sangal,,,team2,Galaxy Battle 2025 Phase 1,0
hltv_match_2381673,2025-04-17 08:10:00+00:00,Partizan,ECLOT,,,team2,YaLLa Compass Spring 2025,0
hltv_match_2381721,2025-04-17 09:00:00+00:00,JiJieHao,The QUBE,,,team1,Hero Esports Asian Champions League 2025 Closed Qualifier,0
hltv_match_2381676,2025-04-17 09:45:00+00:00,Nexus,Spirit Academy,,,team1,YaLLa Compass Spring 2025,0
hltv_match_2381677,2025-04-17 10:10:00+00:00,Nemiga,ECLOT,,,team2,YaLLa Compass Spring 2025,0
hltv_match_2381602,2025-04-17 11:00:00+00:00,Astralis,B8,,,team2,BLAST.tv Austin Major 2025 Europe Regional Qualifier,0
hltv_match_2381622,2025-04-17 11:00:00+00:00,Sharks,BESTIA,,,team2,BLAST.tv Austin Major 2025 South America Regional Qualifier,0
hltv_match_2381680,2025-04-17 11:05:00+00:00,BetBoom,Metizport,,,team1,YaLLa Compass Spring 2025,0
hltv_match_2381688,2025-04-17 13:00:00+00:00,BetBoom,Spirit Academy,,,team1,YaLLa Compass Spring 2025,0
hltv_match_2381623,2025-04-17 13:20:00+00:00,Legacy,ODDIK,,,team1,BLAST.tv Austin Major 2025 South America Regional Qualifier,0
hltv_match_2381682,2025-04-17 14:10:00+00:00,ENCE,Nexus,,,team2,YaLLa Compass Spring 2025,0
hltv_match_2381624,2025-04-17 17:50:00+00:00,BESTIA,Legacy,,,team1,BLAST.tv Austin Major 2025 South America Regional Qualifier,0
hltv_match_2381670,2025-04-18 05:00:00+00:00,ENCE,Spirit Academy,,,team1,YaLLa Compass Spring 2025,0
hltv_match_2381724,2025-04-18 06:50:00+00:00,Chinggis Warriors,GATERON,,,team1,Hero Esports Asian Champions League 2025 Closed Qualifier,0
hltv_match_2381685,2025-04-18 07:10:00+00:00,Partizan,GUN5,,,team1,YaLLa Compass Spring 2025,0
hltv_match_2381686,2025-04-18 07:25:00+00:00,Metizport,Spirit Academy,,,team2,YaLLa Compass Spring 2025,0
hltv_match_2381725,2025-04-18 08:25:00+00:00,Rare Atom,Reverse Sweep,,,team1,Hero Esports Asian Champions League 2025 Closed Qualifier,0
hltv_match_2381690,2025-04-18 09:00:00+00:00,ENCE,Metizport,,,team2,YaLLa Compass Spring 2025,0
hltv_match_2381689,2025-04-18 09:15:00+00:00,Nemiga,Partizan,,,team1,YaLLa Compass Spring 2025,0
hltv_match_2381694,2025-04-18 11:10:00+00:00,ENCE,BetBoom,,,team2,YaLLa Compass Spring 2025,0
hltv_match_2381696,2025-04-18 12:20:00+00:00,Metizport,Nexus,,,team2,YaLLa Compass Spring 2025,0
hltv_match_2381695,2025-04-18 12:30:00+00:00,ECLOT,GUN5,,,team1,YaLLa Compass Spring 2025,0
hltv_match_2381706,2025-04-19 04:00:00+00:00,SINNERS,Young Ninjas,,,team1,European Pro League Season 24,0
hltv_match_2381707,2025-04-19 07:00:00+00:00,Leo,Tricked,,,team2,European Pro League Season 24,0
hltv_match_2381667,2025-04-19 11:00:00+00:00,Fire Flux,PARIVISION,,,team2,Galaxy Battle 2025 Phase 1,0
hltv_match_2381700,2025-04-19 13:00:00+00:00,Nexus,ECLOT,,,team2,YaLLa Compass Spring 2025,0
hltv_match_2381781,2025-04-20 04:10:00+00:00,GenOne,UNiTY,,,team1,United21 League Season 30,0
hltv_match_2381731,2025-04-20 05:00:00+00:00,Just Swing,XDM,,,team1,Hero Esports Asian Champions League 2025 Closed Qualifier,0
hltv_match_2381702,2025-04-20 06:00:00+00:00,BetBoom,ENCE,,,team2,YaLLa Compass Spring 2025,0
hltv_match_2381732,2025-04-20 06:20:00+00:00,JiJieHao,Exusiai,,,team1,Hero Esports Asian Champions League 2025 Closed Qualifier,0
hltv_match_2381748,2025-04-20 07:30:00+00:00,NOVAQ,SKYFURY,,,team1,Galaxy Battle 2025 Phase 1,0
hltv_match_2381733,2025-04-20 07:45:00+00:00,NomadS,Chinggis Warriors,,,team1,Hero Esports Asian Champions League 2025 Closed Qualifier,0
hltv_match_2381744,2025-04-20 11:00:00+00:00,ECSTATIC,Sangal,,,team1,Galaxy Battle 2025 Phase 1,0
hltv_match_2381565,2025-04-20 21:10:00+00:00,Marsborne,Wanted Goons,,,team1,Dust2.us Eagle Masters Series 1,0
hltv_match_2381639,2025-04-20 21:30:00+00:00,FaZe,paiN,,,team1,IEM Melbourne 2025,0
hltv_match_2381638,2025-04-21 00:00:00+00:00,3DMAX,GamerLegion,,,team2,IEM Melbourne 2025,0
hltv_match_2381637,2025-04-21 01:05:00+00:00,MOUZ,BIG,,,team1,IEM Melbourne 2025,0
hltv_match_2381642,2025-04-21 02:30:00+00:00,Liquid,Virtus.pro,,,team1,IEM Melbourne 2025,0
hltv_match_2381747,2025-04-21 04:00:00+00:00,Monte,Fire Flux,,,team2,Galaxy Battle 2025 Phase 1,0
hltv_match_2381709,2025-04-21 04:00:00+00:00,Young Ninjas,Leo,,,team1,European Pro League Season 24,0
hltv_match_2381641,2025-04-21 04:10:00+00:00,Vitality,FlyQuest,,,team1,IEM Melbourne 2025,0
hltv_match_2381644,2025-04-21 05:45:00+00:00,Natus Vincere,MIBR,,,team1,IEM Melbourne 2025,0
hltv_match_2381643,2025-04-21 06:00:00+00:00,Falcons,SAW,,,team1,IEM Melbourne 2025,0
hltv_match_2381711,2025-04-21 06:30:00+00:00,SINNERS,Tricked,,,team1,European Pro League Season 24,0
hltv_match_2381710,2025-04-21 09:15:00+00:00,Johnny Speeds,Insilio,,,team2,European Pro League Season 24,0
hltv_match_2381749,2025-04-21 11:00:00+00:00,SINNERS,Nexus,,,team2,Galaxy Battle 2025 Phase 1,0
hltv_match_2381746,2025-04-21 14:30:00+00:00,PARIVISION,Sashi,,,team1,Galaxy Battle 2025 Phase 1,0
hltv_match_2381755,2025-04-21 21:15:00+00:00,GamerLegion,MOUZ,,,team2,IEM Melbourne 2025,0
hltv_match_2381756,2025-04-21 23:45:00+00:00,FaZe,The MongolZ,,,team2,IEM Melbourne 2025,0
hltv_match_2381753,2025-04-22 00:00:00+00:00,3DMAX,BIG,,,team1,IEM Melbourne 2025,0
hltv_match_2381759,2025-04-22 02:15:00+00:00,Liquid,Vitality,,,team2,IEM Melbourne 2025,0
hltv_match_2381757,2025-04-22 02:30:00+00:00,Virtus.pro,FlyQuest,,,team2,IEM Melbourne 2025,0
hltv_match_2381712,2025-04-22 04:00:00+00:00,ECLOT,Tricked,,,team1,European Pro League Season 24,0
hltv_match_2381760,2025-04-22 04:45:00+00:00,Falcons,Natus Vincere,,,team1,IEM Melbourne 2025,0
hltv_match_2381758,2025-04-22 05:00:00+00:00,SAW,MIBR,,,team2,IEM Melbourne 2025,0
hltv_match_2381750,2025-04-22 06:30:00+00:00,NOVAQ,Fire Flux,,,team2,Galaxy Battle 2025 Phase 1,0
hltv_match_2381713,2025-04-22 06:35:00+00:00,Young Ninjas,Johnny Speeds,,,team2,European Pro League Season 24,0
hltv_match_2381751,2025-04-22 10:00:00+00:00,Sangal,Sashi,,,team2,Galaxy Battle 2025 Phase 1,0
hltv_match_2381761,2025-04-22 21:15:00+00:00,FaZe,3DMAX,,,team1,IEM Melbourne 2025,0
hltv_match_2381763,2025-04-22 23:45:00+00:00,FlyQuest,Natus Vincere,,,team2,IEM Melbourne 2025,0
hltv_match_2381764,2025-04-23 00:15:00+00:00,Liquid,MIBR,,,team1,IEM Melbourne 2025,0
hltv_match_2381765,2025-04-23 02:30:00+00:00,FaZe,GamerLegion,,,team2,IEM Melbourne 2025,0
hltv_match_2381766,2025-04-23 02:55:00+00:00,MOUZ,The MongolZ,,,team1,IEM Melbourne 2025,0
hltv_match_2381867,2025-04-23 04:00:00+00:00,GenOne,kONO,,,team1,United21 League Season 30,0
hltv_match_2381768,2025-04-23 04:55:00+00:00,Vitality,Falcons,,,team1,IEM Melbourne 2025,0
hltv_match_2381767,2025-04-23 05:15:00+00:00,Liquid,Natus Vincere,,,team1,IEM Melbourne 2025,0
hltv_match_2381714,2025-04-23 06:30:00+00:00,ECLOT,Johnny Speeds,,,team2,European Pro League Season 24,0
hltv_match_2381715,2025-04-23 09:15:00+00:00,SINNERS,Insilio,,,team1,European Pro League Season 24,0
hltv_match_2381879,2025-04-23 11:00:00+00:00,500,Imperial Valkyries,,,team1,Tipsport Conquest of Prague 2025,0
hltv_match_2381775,2025-04-23 11:00:00+00:00,1ADL,INFURITY,,,team1,MistGames Nordic Championship 2025,0
hltv_match_2381880,2025-04-23 12:20:00+00:00,Passion UA,Sashi,,,team1,Tipsport Conquest of Prague 2025,0
hltv_match_2381881,2025-04-23 13:30:00+00:00,fnatic,CYBERSHOKE,,,team1,Tipsport Conquest of Prague 2025,0
hltv_match_2381776,2025-04-23 14:00:00+00:00,777,Nordix,,,team1,MistGames Nordic Championship 2025,0
hltv_match_2381882,2025-04-23 14:30:00+00:00,Partizan,Nexus,,,team1,Tipsport Conquest of Prague 2025,0
hltv_match_2381869,2025-04-24 04:00:00+00:00,UNiTY,Lilmix,,,team1,United21 League Season 30,0
hltv_match_2381716,2025-04-24 04:00:00+00:00,Johnny Speeds,Insilio,,,team2,European Pro League Season 24,0
hltv_match_2381794,2025-04-24 04:00:00+00:00,B8,Partizan,,,team1,CCT Global Finals 2025,0
hltv_match_2381795,2025-04-24 07:30:00+00:00,HEROIC,BC.Game,,,team1,CCT Global Finals 2025,0
hltv_match_2381796,2025-04-24 10:00:00+00:00,Wildcard,BetBoom,,,team2,CCT Global Finals 2025,0
hltv_match_2381883,2025-04-24 11:00:00+00:00,Sashi,9INE,,,team1,Tipsport Conquest of Prague 2025,0
hltv_match_2381884,2025-04-24 12:20:00+00:00,Nexus,GUN5,,,team2,Tipsport Conquest of Prague 2025,0
hltv_match_2381777,2025-04-24 12:30:00+00:00,INFURITY,Nordix,,,team2,MistGames Nordic Championship 2025,0
hltv_match_2381797,2025-04-24 13:00:00+00:00,500,Imperial,,,team2,CCT Global Finals 2025,0
hltv_match_2381886,2025-04-24 14:00:00+00:00,Imperial Valkyries,ECLOT,,,team2,Tipsport Conquest of Prague 2025,0
hltv_match_2381778,2025-04-24 14:20:00+00:00,1ADL,777,,,team1,MistGames Nordic Championship 2025,0
hltv_match_2381769,2025-04-25 03:00:00+00:00,GamerLegion,Falcons,,,team2,IEM Melbourne 2025,0
hltv_match_2381734,2025-04-25 03:40:00+00:00,Reverse Sweep,Chinggis Warriors,,,team2,Hero Esports Asian Champions League 2025 Closed Qualifier,0
hltv_match_2381717,2025-04-25 04:00:00+00:00,SINNERS,Insilio,,,team1,European Pro League Season 24,0
hltv_match_2381798,2025-04-25 04:00:00+00:00,Partizan,BC.Game,,,team1,CCT Global Finals 2025,0
hltv_match_2381735,2025-04-25 05:15:00+00:00,Change The Game,Exusiai,,,team1,Hero Esports Asian Champions League 2025 Closed Qualifier,0
hltv_match_2381770,2025-04-25 06:00:00+00:00,The MongolZ,Liquid,,,team1,IEM Melbourne 2025,0
hltv_match_2381799,2025-04-25 07:00:00+00:00,Wildcard,500,,,team1,CCT Global Finals 2025,0
hltv_match_2381800,2025-04-25 10:00:00+00:00,B8,HEROIC,,,team1,CCT Global Finals 2025,0
hltv_match_2381887,2025-04-25 11:00:00+00:00,ENCE,500,,,team1,Tipsport Conquest of Prague 2025,0
hltv_match_2381779,2025-04-25 12:00:00+00:00,Nordix,777,,,team1,MistGames Nordic Championship 2025,0
hltv_match_2381801,2025-04-25 13:00:00+00:00,BetBoom,Imperial,,,team1,CCT Global Finals 2025,0
hltv_match_2381939,2025-04-25 15:10:00+00:00,Galorys,MIBR Academy,,,team1,Liga Gamers Club 2025 Serie A April Cup,0
hltv_match_2381738,2025-04-26 02:40:00+00:00,Rare Atom,Just Swing,,,team1,Hero Esports Asian Champions League 2025 Closed Qualifier,0
hltv_match_2381771,2025-04-26 03:00:00+00:00,MOUZ,Falcons,,,team2,IEM Melbourne 2025,0
hltv_match_2381802,2025-04-26 04:00:00+00:00,Wildcard,HEROIC,,,team2,CCT Global Finals 2025,0
hltv_match_2381873,2025-04-26 04:00:00+00:00,kONO,GenOne,,,team1,United21 League Season 30,0
hltv_match_2381739,2025-04-26 05:15:00+00:00,JiJieHao,NomadS,,,team1,Hero Esports Asian Champions League 2025 Closed Qualifier,0
hltv_match_2381925,2025-04-26 05:30:00+00:00,hypewrld,Cyber Empire,,,team1,Battle of Baltics 2025,0
hltv_match_2381772,2025-04-26 06:00:00+00:00,Vitality,The MongolZ,,,team1,IEM Melbourne 2025,0
hltv_match_2381892,2025-04-26 07:30:00+00:00,Metizport,CYBERSHOKE,,,team1,Galaxy Battle 2025 Phase 1,0
hltv_match_2381803,2025-04-26 07:40:00+00:00,Partizan,Imperial,,,team1,CCT Global Finals 2025,0
hltv_match_2381524,2025-04-26 08:00:00+00:00,ECLOT,OG,,,team2,A1 Gaming League Season 10,0
hltv_match_2381921,2025-04-26 08:00:00+00:00,ENCE Academy,HAVU,,,team1,Elisa Open Finland Season 9,0
hltv_match_2381990,2025-04-26 09:00:00+00:00,Lilmix,Northern Lights,,,team2,Svenska CS-Ligan 2025,0
hltv_match_2381893,2025-04-26 11:00:00+00:00,ECLOT,ECSTATIC,,,team2,Galaxy Battle 2025 Phase 1,0
hltv_match_2381804,2025-04-26 11:30:00+00:00,B8,BetBoom,,,team1,CCT Global Finals 2025,0
hltv_match_2381994,2025-04-26 12:15:00+00:00,Northern Lights,Metizport,,,team2,Svenska CS-Ligan 2025,0
hltv_match_2382053,2025-04-26 14:00:00+00:00,Sashi,Prestige,,,team1,Gamebox Festival 2025,0
hltv_match_2381805,2025-04-26 15:55:00+00:00,HEROIC,Partizan,,,team1,CCT Global Finals 2025,0
hltv_match_2382099,2025-04-26 23:00:00+00:00,NRG,FlyQuest RED,,,team1,Fragadelphia Las Vegas 2025,0
hltv_match_2381773,2025-04-27 02:30:00+00:00,Falcons,Vitality,,,team2,IEM Melbourne 2025,0
hltv_match_2381740,2025-04-27 02:40:00+00:00,Chinggis Warriors,Change The Game,,,team1,Hero Esports Asian Champions League 2025 Closed Qualifier,0
hltv_match_2382107,2025-04-27 03:40:00+00:00,Ninjas in Pyjamas,GameHunters,,,team1,Fragadelphia Las Vegas 2025,0
hltv_match_2382057,2025-04-27 04:00:00+00:00,Sashi,Tricked,,,team2,Gamebox Festival 2025,0
hltv_match_2381940,2025-04-27 04:00:00+00:00,GENESIS,Nii Kerge,,,team1,kleverr Meistriliiga Season 2 Finals,0
hltv_match_2381742,2025-04-27 05:40:00+00:00,Just Swing,Chinggis Warriors,,,team2,Hero Esports Asian Champions League 2025 Closed Qualifier,0
hltv_match_2381806,2025-04-27 07:00:00+00:00,BetBoom,HEROIC,,,team2,CCT Global Finals 2025,0
hltv_match_2381896,2025-04-27 07:30:00+00:00,Passion UA,Fire Flux,,,team1,Galaxy Battle 2025 Phase 1,0
hltv_match_2381526,2025-04-27 08:00:00+00:00,ENCE,Zero Tenacity,,,team1,A1 Gaming League Season 10,0
hltv_match_2381897,2025-04-27 11:00:00+00:00,GUN5,PARIVISION,,,team1,Galaxy Battle 2025 Phase 1,0
hltv_match_2381924,2025-04-27 11:40:00+00:00,ENCE Academy,HAVU,,,team1,Elisa Open Finland Season 9,0
hltv_match_2381807,2025-04-27 12:00:00+00:00,B8,HEROIC,,,team2,CCT Global Finals 2025,0
hltv_match_2382110,2025-04-27 15:30:00+00:00,NRG,Ninjas in Pyjamas,,,team2,Fragadelphia Las Vegas 2025,0
hltv_match_2382112,2025-04-27 20:30:00+00:00,Sharks,Ninjas in Pyjamas,,,team2,Fragadelphia Las Vegas 2025,0
hltv_match_2381974,2025-04-28 04:00:00+00:00,ECLOT,UNiTY,,,team1,YaLLa Compass 2025 Contenders 1 Closed Qualifier,0
hltv_match_2381967,2025-04-28 07:35:00+00:00,Passion UA,Zero Tenacity,,,team1,Thunderpick World Championship 2025 European Series 1,0
hltv_match_2381938,2025-04-28 08:00:00+00:00,Nexus,Sangal,,,team1,YGames Pro Series Season 5,0
hltv_match_2382113,2025-04-30 10:55:00+00:00,BIG,Eruption,,,team1,MESA Nomadic Masters Spring 2025,0
hltv_match_2381935,2025-04-30 13:10:00+00:00,Nexus,CYBERSHOKE,,,team1,Tipsport Conquest of Prague 2025,0
hltv_match_2381909,2025-04-30 13:35:00+00:00,FaZe,Falcons,,,team2,BLAST Rivals 2025 Season 1,0
hltv_match_2382117,2025-04-30 23:00:00+00:00,The Huns,Eruption,,,team2,MESA Nomadic Masters Spring 2025,0
hltv_match_2382118,2025-05-01 03:50:00+00:00,SAW,Chinggis Warriors,,,team2,MESA Nomadic Masters Spring 2025,0
hltv_match_2381986,2025-05-01 04:00:00+00:00,ECLOT,Sashi,,,team1,YaLLa Compass 2025 Contenders 1 Closed Qualifier,0
hltv_match_2381910,2025-05-01 05:00:00+00:00,paiN,Wildcard,,,team2,BLAST Rivals 2025 Season 1,0
hltv_match_2381987,2025-05-01 07:00:00+00:00,AMKAL,FAVBET,,,team2,YaLLa Compass 2025 Contenders 1 Closed Qualifier,0
hltv_match_2382136,2025-05-01 07:30:00+00:00,RUBY,CPH Wolves,,,team1,CCT Season 3 Europe Series 1 Closed Qualifier,0
hltv_match_2381971,2025-05-01 07:40:00+00:00,Fire Flux,Monte,,,team2,Thunderpick World Championship 2025 European Series 1,0
hltv_match_2381960,2025-05-01 08:00:00+00:00,The Huns,Rare Atom,,,team1,ESL Challenger League Season 49 Asia-Pacific,0
hltv_match_2382119,2025-05-01 08:00:00+00:00,HEROIC,JiJieHao,,,team1,MESA Nomadic Masters Spring 2025,0
hltv_match_2381911,2025-05-01 08:10:00+00:00,MOUZ,Vitality,,,team2,BLAST Rivals 2025 Season 1,0
hltv_match_2381912,2025-05-01 11:45:00+00:00,FlyQuest,FaZe,,,team2,BLAST Rivals 2025 Season 1,0
hltv_match_2382120,2025-05-01 11:55:00+00:00,B8,BIG,,,team2,MESA Nomadic Masters Spring 2025,0
hltv_match_2382061,2025-05-01 13:30:00+00:00,ECLOT,Passion UA,,,team2,Tipsport Conquest of Prague 2025,0
hltv_match_2381913,2025-05-01 15:10:00+00:00,Spirit,Falcons,,,team2,BLAST Rivals 2025 Season 1,0
hltv_match_2382121,2025-05-01 22:15:00+00:00,Chinggis Warriors,Eruption,,,team1,MESA Nomadic Masters Spring 2025,0
hltv_match_2382122,2025-05-02 01:00:00+00:00,JiJieHao,B8,,,team2,MESA Nomadic Masters Spring 2025,0
hltv_match_2382131,2025-05-02 04:00:00+00:00,Zero Tenacity,UNiTY,,,team1,CCT Season 3 Europe Series 1 Closed Qualifier,0
hltv_match_2381972,2025-05-02 04:00:00+00:00,SINNERS,Alliance,,,team2,Thunderpick World Championship 2025 European Series 1,0
hltv_match_2381973,2025-05-02 07:00:00+00:00,CYBERSHOKE,Sashi,,,team1,Thunderpick World Championship 2025 European Series 1,0
hltv_match_2381914,2025-05-02 10:00:00+00:00,MOUZ,FaZe,,,team1,BLAST Rivals 2025 Season 1,0
hltv_match_2382062,2025-05-02 11:00:00+00:00,Partizan,500,,,team2,Tipsport Conquest of Prague 2025,0
hltv_match_2382182,2025-05-02 12:00:00+00:00,HAVU,GENESIS,,,team1,Vivatbet Cashgrab Cup 2025,0
hltv_match_2381949,2025-05-02 12:15:00+00:00,Imperial,Sharks,,,team1,FiReLEAGUE Buenos Aires 2025,0
hltv_match_2381915,2025-05-02 12:25:00+00:00,Wildcard,Spirit,,,team2,BLAST Rivals 2025 Season 1,0
hltv_match_2381950,2025-05-02 15:00:00+00:00,BESTIA,9z,,,team2,FiReLEAGUE Buenos Aires 2025,0
hltv_match_2381951,2025-05-02 18:30:00+00:00,Imperial,9z,,,team1,FiReLEAGUE Buenos Aires 2025,0
hltv_match_2381963,2025-05-03 02:00:00+00:00,The Huns,Chinggis Warriors,,,team1,ESL Challenger League Season 49 Asia-Pacific,0
hltv_match_2382079,2025-05-03 04:00:00+00:00,RUBY,Fire Flux,,,team1,Thunderpick World Championship 2025 European Series 1,0
hltv_match_2381962,2025-05-03 05:30:00+00:00,Lynn Vision,TYLOO,,,team1,ESL Challenger League Season 49 Asia-Pacific,0
hltv_match_2382080,2025-05-03 07:00:00+00:00,SINNERS,Sashi,,,team2,Thunderpick World Championship 2025 European Series 1,0
hltv_match_2381545,2025-05-03 07:30:00+00:00,OG,Spirit Academy,,,team2,A1 Gaming League Season 10,0
hltv_match_2382123,2025-05-03 08:05:00+00:00,B8,BIG,,,team2,MESA Nomadic Masters Spring 2025,0
hltv_match_2381916,2025-05-03 10:00:00+00:00,Falcons,MOUZ,,,team1,BLAST Rivals 2025 Season 1,0
hltv_match_2382141,2025-05-03 10:00:00+00:00,Zero Tenacity,AMKAL,,,team2,CCT Season 3 Europe Series 1 Closed Qualifier,0
hltv_match_2382081,2025-05-03 10:00:00+00:00,Monte,RUBY,,,team2,Thunderpick World Championship 2025 European Series 1,0
hltv_match_2381993,2025-05-03 10:20:00+00:00,EYEBALLERS,Johnny Speeds,,,team2,Svenska CS-Ligan 2025,0
hltv_match_2381544,2025-05-03 10:30:00+00:00,BetBoom,GUN5,,,team1,A1 Gaming League Season 10,0
hltv_match_2381997,2025-05-03 12:00:00+00:00,Alliance,Johnny Speeds,,,team2,Svenska CS-Ligan 2025,0
hltv_match_2382124,2025-05-03 12:15:00+00:00,HEROIC,Chinggis Warriors,,,team1,MESA Nomadic Masters Spring 2025,0
hltv_match_2381917,2025-05-03 13:00:00+00:00,Vitality,Spirit,,,team1,BLAST Rivals 2025 Season 1,0
hltv_match_2382192,2025-05-03 16:15:00+00:00,NRG,Marsborne,,,team1,PrizePicks NA Revival Series 6,0
hltv_match_2382125,2025-05-04 00:55:00+00:00,B8,Chinggis Warriors,,,team1,MESA Nomadic Masters Spring 2025,0
hltv_match_2381964,2025-05-04 02:00:00+00:00,The Huns,TYLOO,,,team2,ESL Challenger League Season 49 Asia-Pacific,0
hltv_match_2382083,2025-05-04 04:00:00+00:00,9INE,ECSTATIC,,,team2,Thunderpick World Championship 2025 European Series 1,0
hltv_match_2381948,2025-05-04 05:00:00+00:00,Rooster,Mindfreak,,,team1,ESL Challenger League Season 49 Oceania,0
hltv_match_2381965,2025-05-04 05:30:00+00:00,Lynn Vision,TYLOO,,,team1,ESL Challenger League Season 49 Asia-Pacific,0
hltv_match_2382126,2025-05-04 05:55:00+00:00,BIG,HEROIC,,,team2,MESA Nomadic Masters Spring 2025,0
hltv_match_2382084,2025-05-04 07:00:00+00:00,BetBoom,RUBY,,,team2,Thunderpick World Championship 2025 European Series 1,0
hltv_match_2382143,2025-05-04 07:00:00+00:00,Sangal,Alliance,,,team1,CCT Season 3 Europe Series 1 Closed Qualifier,0
hltv_match_2381546,2025-05-04 08:00:00+00:00,ECSTATIC,Partizan,,,team1,A1 Gaming League Season 10,0
hltv_match_2382210,2025-05-04 08:30:00+00:00,hypewrld,Cyber Empire,,,team2,kleverr Virsliga Season 4 Finals,0
hltv_match_2382145,2025-05-04 10:00:00+00:00,UNiTY,Zero Tenacity,,,team2,CCT Season 3 Europe Series 1 Closed Qualifier,0
hltv_match_2381918,2025-05-04 10:00:00+00:00,Falcons,Vitality,,,team2,BLAST Rivals 2025 Season 1,0
hltv_match_2381547,2025-05-04 10:30:00+00:00,ENCE,9INE,,,team1,A1 Gaming League Season 10,0
hltv_match_2382168,2025-05-05 04:00:00+00:00,GUN5,NOVAQ,,,team1,BetBoom LanDaLan 2,0
hltv_match_2382147,2025-05-05 04:00:00+00:00,AMKAL,RUBY,,,team2,CCT Season 3 Europe Series 1 Closed Qualifier,0
hltv_match_2382149,2025-05-05 07:00:00+00:00,Sashi,Zero Tenacity,,,team2,CCT Season 3 Europe Series 1 Closed Qualifier,0
hltv_match_2382088,2025-05-05 07:00:00+00:00,ENCE,CYBERSHOKE,,,team1,Thunderpick World Championship 2025 European Series 1,0
hltv_match_2382089,2025-05-05 10:00:00+00:00,fnatic,Passion UA,,,team1,Thunderpick World Championship 2025 European Series 1,0
hltv_match_2382161,2025-05-05 10:00:00+00:00,Fire Flux,FAVBET,,,team2,YaLLa Compass 2025 Contenders 1 Closed Qualifier,0
hltv_match_2382064,2025-05-05 11:00:00+00:00,Nexus,Sashi,,,team2,Tipsport Conquest of Prague 2025,0
hltv_match_2382170,2025-05-05 11:25:00+00:00,Spirit Academy,ARCRED,,,team1,BetBoom LanDaLan 2,0
hltv_match_2382148,2025-05-05 13:00:00+00:00,FAVBET,Sangal,,,team1,CCT Season 3 Europe Series 1 Closed Qualifier,0
hltv_match_2382090,2025-05-05 13:00:00+00:00,OG,Zero Tenacity,,,team1,Thunderpick World Championship 2025 European Series 1,0
hltv_match_2382270,2025-05-06 02:40:00+00:00,The Huns,JiJieHao,,,team2,Hero Esports Asian Champions League 2025,0
hltv_match_2382163,2025-05-06 04:00:00+00:00,ECLOT,Sangal,,,team1,YaLLa Compass 2025 Contenders 1 Closed Qualifier,0
hltv_match_2382092,2025-05-06 07:00:00+00:00,fnatic,ENCE,,,team2,Thunderpick World Championship 2025 European Series 1,0
hltv_match_2382152,2025-05-06 07:00:00+00:00,Passion UA,Nexus,,,team2,CCT Season 3 Europe Series 1,0
hltv_match_2382284,2025-05-06 07:00:00+00:00,TYLOO,Change The Game,,,team1,XSE Pro League Chengdu 2025 Closed Qualifier,0
hltv_match_2382164,2025-05-06 07:00:00+00:00,Sashi,UNiTY,,,team1,YaLLa Compass 2025 Contenders 1 Closed Qualifier,0
hltv_match_2382172,2025-05-06 07:25:00+00:00,Spirit Academy,PARIVISION,,,team1,BetBoom LanDaLan 2,0
hltv_match_2382066,2025-05-06 09:00:00+00:00,GUN5,9INE,,,team2,Tipsport Conquest of Prague 2025,0
hltv_match_2382256,2025-05-06 10:00:00+00:00,Nexus,CYBERSHOKE,,,team2,YGames Pro Series Season 5,0
hltv_match_2382165,2025-05-06 10:00:00+00:00,Zero Tenacity,RUBY,,,team1,YaLLa Compass 2025 Contenders 1 Closed Qualifier,0
hltv_match_2382093,2025-05-06 10:30:00+00:00,500,ECSTATIC,,,team2,Thunderpick World Championship 2025 European Series 1,0
hltv_match_2382285,2025-05-06 10:45:00+00:00,Rare Atom,E9,,,team1,XSE Pro League Chengdu 2025 Closed Qualifier,0
hltv_match_2382257,2025-05-06 13:15:00+00:00,ENCE,Sangal,,,team2,YGames Pro Series Season 5,0
hltv_match_2382174,2025-05-06 13:25:00+00:00,GUN5,1win,,,team2,BetBoom LanDaLan 2,0
hltv_match_2382005,2025-05-06 14:00:00+00:00,FAVBET,Spirit Academy,,,team2,ESL Challenger League Season 49 Europe,0
hltv_match_2382003,2025-05-06 14:00:00+00:00,B8,Zero Tenacity,,,team1,ESL Challenger League Season 49 Europe,0
hltv_match_2382068,2025-05-06 14:15:00+00:00,Sashi,Partizan,,,team2,Tipsport Conquest of Prague 2025,0
hltv_match_2382017,2025-05-06 18:00:00+00:00,Fluxo,Yawara,,,team1,ESL Challenger League Season 49 South America,0
hltv_match_2382018,2025-05-06 18:00:00+00:00,KRÜ,GameHunters,,,team2,ESL Challenger League Season 49 South America,0
hltv_match_2382035,2025-05-06 21:00:00+00:00,Marsborne,Legacy,,,team2,ESL Challenger League Season 49 North America,0
hltv_match_2382272,2025-05-07 02:40:00+00:00,TYLOO,Rare Atom,,,team1,Hero Esports Asian Champions League 2025,0
hltv_match_2382305,2025-05-07 12:00:00+00:00,Nexus,Sashi,,,team2,Rainbet Cup 2025,0
hltv_match_2382158,2025-05-07 13:15:00+00:00,ECSTATIC,Fire Flux,,,team1,CCT Season 3 Europe Series 1,0
hltv_match_2382009,2025-05-07 14:00:00+00:00,Spirit Academy,Zero Tenacity,,,team2,ESL Challenger League Season 49 Europe,0
hltv_match_2382006,2025-05-07 14:00:00+00:00,SINNERS,PARIVISION,,,team1,ESL Challenger League Season 49 Europe,0
hltv_match_2382007,2025-05-07 14:00:00+00:00,Betera,B8,,,team2,ESL Challenger League Season 49 Europe,0
hltv_match_2382070,2025-05-07 14:45:00+00:00,ENCE,Partizan,,,team1,Tipsport Conquest of Prague 2025,0
hltv_match_2382341,2025-05-07 14:50:00+00:00,UNiTY,K27,,,team2,Exort Series 10,0
hltv_match_2382022,2025-05-07 18:00:00+00:00,Yawara,Bounty Hunters,,,team2,ESL Challenger League Season 49 South America,0
hltv_match_2382021,2025-05-07 18:00:00+00:00,Sharks,Fluxo,,,team2,ESL Challenger League Season 49 South America,0
hltv_match_2382023,2025-05-07 18:00:00+00:00,RED Canids,GameHunters,,,team2,ESL Challenger League Season 49 South America,0
hltv_match_2382274,2025-05-08 02:40:00+00:00,JiJieHao,Lynn Vision,,,team1,Hero Esports Asian Champions League 2025,0
hltv_match_2382288,2025-05-08 04:00:00+00:00,SINNERS,Zero Tenacity,,,team2,CCT Season 3 Europe Series 1,0
hltv_match_2382265,2025-05-08 07:00:00+00:00,Sashi,Zero Tenacity,,,team1,YaLLa Compass 2025 Contenders 1 Closed Qualifier,0
hltv_match_2382289,2025-05-08 07:00:00+00:00,9INE,FAVBET,,,team1,CCT Season 3 Europe Series 1,0
hltv_match_2382180,2025-05-08 08:00:00+00:00,Spirit Academy,ARCRED,,,team1,BetBoom LanDaLan 2,0
hltv_match_2382343,2025-05-08 11:30:00+00:00,Young Ninjas,K27,,,team2,Exort Series 10,0
hltv_match_2382291,2025-05-08 13:00:00+00:00,Passion UA,Fire Flux,,,team1,CCT Season 3 Europe Series 1,0
hltv_match_2382072,2025-05-08 13:30:00+00:00,fnatic,ECLOT,,,team1,Tipsport Conquest of Prague 2025,0
hltv_match_2382012,2025-05-08 14:00:00+00:00,Zero Tenacity,PARIVISION,,,team2,ESL Challenger League Season 49 Europe,0
hltv_match_2382010,2025-05-08 14:00:00+00:00,SINNERS,B8,,,team2,ESL Challenger League Season 49 Europe,0
hltv_match_2382309,2025-05-08 15:35:00+00:00,GUN5,Nexus,,,team1,Rainbet Cup 2025,0
hltv_match_2382025,2025-05-08 18:00:00+00:00,Sharks,GameHunters,,,team1,ESL Challenger League Season 49 South America,0
hltv_match_2382275,2025-05-09 02:40:00+00:00,TYLOO,FlyQuest,,,team1,Hero Esports Asian Champions League 2025,0
hltv_match_2382267,2025-05-09 04:00:00+00:00,Fire Flux,Zero Tenacity,,,team2,YaLLa Compass 2025 Contenders 1 Closed Qualifier,0
hltv_match_2382292,2025-05-09 04:00:00+00:00,CYBERSHOKE,Nexus,,,team2,CCT Season 3 Europe Series 1,0
hltv_match_2382384,2025-05-09 06:30:00+00:00,Leo,ESC,,,team2,European Pro League 2nd Division Season 22,0
hltv_match_2382277,2025-05-09 06:40:00+00:00,Rare Atom,NomadS,,,team1,Hero Esports Asian Champions League 2025,0
hltv_match_2382293,2025-05-09 07:00:00+00:00,Partizan,RUBY,,,team2,CCT Season 3 Europe Series 1,0
hltv_match_2382294,2025-05-09 10:00:00+00:00,ECSTATIC,Monte,,,team1,CCT Season 3 Europe Series 1,0
hltv_match_2382269,2025-05-09 10:00:00+00:00,RUBY,Sangal,,,team2,YaLLa Compass 2025 Contenders 1 Closed Qualifier,0
hltv_match_2382013,2025-05-09 14:00:00+00:00,Betera,PARIVISION,,,team2,ESL Challenger League Season 49 Europe,0
hltv_match_2382027,2025-05-09 18:00:00+00:00,Sharks,Bounty Hunters,,,team1,ESL Challenger League Season 49 South America,0
hltv_match_2382201,2025-05-10 01:00:00+00:00,Aurora,BIG,,,team2,PGL Astana 2025,0
hltv_match_2382202,2025-05-10 01:00:00+00:00,Astralis,ODDIK,,,team1,PGL Astana 2025,0
hltv_match_2382278,2025-05-10 02:40:00+00:00,Lynn Vision,The Huns,,,team1,Hero Esports Asian Champions League 2025,0
hltv_match_2382204,2025-05-10 03:45:00+00:00,G2,MIBR,,,team2,PGL Astana 2025,0
hltv_match_2382403,2025-05-10 04:00:00+00:00,SINNERS,FAVBET,,,team2,CCT Season 3 Europe Series 1,0
hltv_match_2382203,2025-05-10 04:20:00+00:00,The MongolZ,FURIA,,,team1,PGL Astana 2025,0
hltv_match_2382279,2025-05-10 05:45:00+00:00,FlyQuest,Rare Atom,,,team1,Hero Esports Asian Champions League 2025,0
hltv_match_2382386,2025-05-10 06:30:00+00:00,CPH Wolves,WOPA,,,team1,European Pro League 2nd Division Season 22,0
hltv_match_2382206,2025-05-10 06:50:00+00:00,Virtus.pro,Ninjas in Pyjamas,,,team2,PGL Astana 2025,0
hltv_match_2382404,2025-05-10 07:00:00+00:00,ECLOT,Fire Flux,,,team2,CCT Season 3 Europe Series 1,0
hltv_match_2382205,2025-05-10 07:10:00+00:00,Natus Vincere,M80,,,team1,PGL Astana 2025,0
hltv_match_2381548,2025-05-10 08:00:00+00:00,Spirit Academy,ENCE,,,team2,A1 Gaming League Season 10,0
hltv_match_2382000,2025-05-10 09:00:00+00:00,Metizport,Alliance,,,team2,Svenska CS-Ligan 2025,0
hltv_match_2382207,2025-05-10 09:00:00+00:00,Spirit,GamerLegion,,,team1,PGL Astana 2025,0
hltv_match_2382405,2025-05-10 10:00:00+00:00,9INE,Zero Tenacity,,,team1,CCT Season 3 Europe Series 1,0
hltv_match_2382208,2025-05-10 10:15:00+00:00,paiN,HOTU,,,team1,PGL Astana 2025,0
hltv_match_2381549,2025-05-10 11:10:00+00:00,BetBoom,ECSTATIC,,,team2,A1 Gaming League Season 10,0
hltv_match_2382014,2025-05-10 14:00:00+00:00,SINNERS,PARIVISION,,,team2,ESL Challenger League Season 49 Europe,0
hltv_match_2382220,2025-05-11 01:00:00+00:00,Virtus.pro,M80,,,team1,PGL Astana 2025,0
hltv_match_2382219,2025-05-11 01:00:00+00:00,The MongolZ,MIBR,,,team1,PGL Astana 2025,0
hltv_match_2382280,2025-05-11 02:40:00+00:00,JiJieHao,Lynn Vision,,,team2,Hero Esports Asian Champions League 2025,0
hltv_match_2382221,2025-05-11 02:45:00+00:00,Astralis,paiN,,,team1,PGL Astana 2025,0
hltv_match_2382387,2025-05-11 04:00:00+00:00,ECLOT,Monte,,,team1,Galaxy Battle 2025 Phase 2,0
hltv_match_2382475,2025-05-11 04:00:00+00:00,Inner Circle,Young Ninjas,,,team1,United21 League Season 31,0
hltv_match_2382222,2025-05-11 04:20:00+00:00,GamerLegion,FURIA,,,team2,PGL Astana 2025,0
hltv_match_2382223,2025-05-11 04:55:00+00:00,Natus Vincere,BIG,,,team1,PGL Astana 2025,0
hltv_match_2382281,2025-05-11 05:45:00+00:00,TYLOO,FlyQuest,,,team1,Hero Esports Asian Champions League 2025,0
hltv_match_2382408,2025-05-11 07:00:00+00:00,Partizan,Passion UA,,,team2,CCT Season 3 Europe Series 1,0
hltv_match_2382225,2025-05-11 07:05:00+00:00,Spirit,Ninjas in Pyjamas,,,team1,PGL Astana 2025,0
hltv_match_2382224,2025-05-11 07:25:00+00:00,Aurora,HOTU,,,team1,PGL Astana 2025,0
hltv_match_2382388,2025-05-11 07:30:00+00:00,CYBERSHOKE,Sashi,,,team2,Galaxy Battle 2025 Phase 2,0
hltv_match_2382389,2025-05-11 11:00:00+00:00,FORZE Reload,Partizan,,,team1,Galaxy Battle 2025 Phase 2,0
hltv_match_2381550,2025-05-11 11:00:00+00:00,ENCE,ECSTATIC,,,team2,A1 Gaming League Season 10,0
hltv_match_2382226,2025-05-11 11:00:00+00:00,G2,ODDIK,,,team2,PGL Astana 2025,0
hltv_match_2382307,2025-05-11 12:00:00+00:00,9INE,CYBERSHOKE,,,team1,Rainbet Cup 2025,0
hltv_match_2382410,2025-05-11 13:00:00+00:00,Nexus,RUBY,,,team1,CCT Season 3 Europe Series 1,0
hltv_match_2382015,2025-05-11 14:00:00+00:00,B8,PARIVISION,,,team1,ESL Challenger League Season 49 Europe,0
hltv_match_2382227,2025-05-12 01:00:00+00:00,FURIA,MIBR,,,team1,PGL Astana 2025,0
hltv_match_2382228,2025-05-12 01:00:00+00:00,BIG,Virtus.pro,,,team2,PGL Astana 2025,0
hltv_match_2382230,2025-05-12 02:55:00+00:00,paiN,ODDIK,,,team2,PGL Astana 2025,0
hltv_match_2382391,2025-05-12 04:00:00+00:00,Nexus,Fire Flux,,,team1,Galaxy Battle 2025 Phase 2,0
hltv_match_2382477,2025-05-12 04:00:00+00:00,ESC,BRUTE,,,team1,United21 League Season 31,0
hltv_match_2382229,2025-05-12 04:20:00+00:00,Ninjas in Pyjamas,Aurora,,,team2,PGL Astana 2025,0
hltv_match_2382457,2025-05-12 05:00:00+00:00,Change The Game,E9,,,team2,XSE Pro League Chengdu 2025 Closed Qualifier,0
hltv_match_2382232,2025-05-12 05:15:00+00:00,GamerLegion,HOTU,,,team2,PGL Astana 2025,0
hltv_match_2382417,2025-05-12 06:30:00+00:00,CPH Wolves,G2 Ares,,,team1,European Pro League 2nd Division Season 22,0
hltv_match_2382468,2025-05-12 07:00:00+00:00,Spirit Academy,Monte,,,team2,YaLLa Compass 2025 Contenders 1,0
hltv_match_2382234,2025-05-12 07:10:00+00:00,M80,G2,,,team2,PGL Astana 2025,0
hltv_match_2382231,2025-05-12 07:30:00+00:00,The MongolZ,Natus Vincere,,,team1,PGL Astana 2025,0
hltv_match_2382456,2025-05-12 08:15:00+00:00,Steel Helmet,GATERON,,,team1,XSE Pro League Chengdu 2025 Closed Qualifier,0
hltv_match_2382233,2025-05-12 10:00:00+00:00,Astralis,Spirit,,,team2,PGL Astana 2025,0
hltv_match_2382459,2025-05-12 10:00:00+00:00,Partizan,FAVBET,,,team2,CCT Season 3 Europe Series 1,0
hltv_match_2382312,2025-05-12 12:00:00+00:00,CYBERSHOKE,ENCE,,,team2,Rainbet Cup 2025,0
hltv_match_2382460,2025-05-12 13:00:00+00:00,Fire Flux,Zero Tenacity,,,team1,CCT Season 3 Europe Series 1,0
hltv_match_2382470,2025-05-12 13:00:00+00:00,500,Sangal,,,team1,YaLLa Compass 2025 Contenders 1,0
hltv_match_2382235,2025-05-13 01:00:00+00:00,FURIA,ODDIK,,,team1,PGL Astana 2025,0
hltv_match_2382236,2025-05-13 01:00:00+00:00,Ninjas in Pyjamas,HOTU,,,team1,PGL Astana 2025,0
hltv_match_2382237,2025-05-13 03:00:00+00:00,Astralis,Virtus.pro,,,team1,PGL Astana 2025,0
hltv_match_2382238,2025-05-13 03:05:00+00:00,BIG,G2,,,team2,PGL Astana 2025,0
hltv_match_2382240,2025-05-13 05:00:00+00:00,MIBR,paiN,,,team1,PGL Astana 2025,0
hltv_match_2382498,2025-05-13 05:00:00+00:00,Sashi,CYBERSHOKE,,,team2,YGames Pro Series Season 5,0
hltv_match_2382239,2025-05-13 06:50:00+00:00,Natus Vincere,Aurora,,,team1,PGL Astana 2025,0
hltv_match_2382461,2025-05-13 07:00:00+00:00,9INE,Passion UA,,,team1,CCT Season 3 Europe Series 1,0
hltv_match_2382472,2025-05-13 07:00:00+00:00,PARIVISION,AMKAL,,,team1,YaLLa Compass 2025 Contenders 1,0
hltv_match_2382395,2025-05-13 07:30:00+00:00,FORZE Reload,Spirit Academy,,,team2,Galaxy Battle 2025 Phase 2,0
hltv_match_2382500,2025-05-13 08:30:00+00:00,kONO,SPARTA,,,team2,YGames Pro Series Season 5,0
hltv_match_2382489,2025-05-13 09:00:00+00:00,BRUTE,ENCE Academy,,,team2,United21 League Season 31,0
hltv_match_2382473,2025-05-13 10:00:00+00:00,9INE,Zero Tenacity,,,team2,YaLLa Compass 2025 Contenders 1,0
hltv_match_2382501,2025-05-13 11:30:00+00:00,Nexus,ECLOT,,,team2,YGames Pro Series Season 5,0
hltv_match_2382474,2025-05-13 13:00:00+00:00,Passion UA,Sashi,,,team1,YaLLa Compass 2025 Contenders 1,0
hltv_match_2382463,2025-05-13 13:40:00+00:00,RUBY,Monte,,,team2,CCT Season 3 Europe Series 1,0
hltv_match_2382502,2025-05-13 14:00:00+00:00,SINNERS,Sangal,,,team1,YGames Pro Series Season 5,0
hltv_match_2382568,2025-05-13 16:10:00+00:00,Players,MAGICOS,,,team2,Odyssey Cup Brazil 2025,0
hltv_match_2382564,2025-05-13 16:10:00+00:00,RED Canids,Tropa do KinGui,,,team2,Odyssey Cup Brazil 2025,0
hltv_match_2382570,2025-05-13 16:10:00+00:00,MIBR Academy,ODDIK Academy,,,team2,Odyssey Cup Brazil 2025,0
hltv_match_2382635,2025-05-13 17:50:00+00:00,Players,MIBR Academy,,,team2,Odyssey Cup Brazil 2025,0
hltv_match_2382637,2025-05-13 17:50:00+00:00,RED Canids,2070,,,team1,Odyssey Cup Brazil 2025,0
hltv_match_2382638,2025-05-13 17:50:00+00:00,Sharks,ODDIK Academy,,,team1,Odyssey Cup Brazil 2025,0
hltv_match_2382241,2025-05-14 01:00:00+00:00,Ninjas in Pyjamas,G2,,,team1,PGL Astana 2025,0
hltv_match_2382242,2025-05-14 03:15:00+00:00,ODDIK,Aurora,,,team2,PGL Astana 2025,0
hltv_match_2382490,2025-05-14 04:00:00+00:00,Inner Circle,Mousquetaires,,,team2,United21 League Season 31,0
hltv_match_2382243,2025-05-14 05:05:00+00:00,MIBR,Virtus.pro,,,team1,PGL Astana 2025,0
hltv_match_2382480,2025-05-14 07:00:00+00:00,ECLOT,Sashi,,,team2,YaLLa Compass 2025 Contenders 1,0
hltv_match_2382503,2025-05-14 08:05:00+00:00,Imperial Valkyries,1win,,,team2,YGames Pro Series Season 5,0
hltv_match_2382421,2025-05-14 09:30:00+00:00,CPH Wolves,ESC,,,team2,European Pro League 2nd Division Season 22,0
hltv_match_2382465,2025-05-14 10:00:00+00:00,Passion UA,FAVBET,,,team2,CCT Season 3 Europe Series 1,0
hltv_match_2382481,2025-05-14 10:00:00+00:00,PARIVISION,500,,,team1,YaLLa Compass 2025 Contenders 1,0
hltv_match_2382398,2025-05-14 11:00:00+00:00,ECLOT,Nexus,,,team2,Galaxy Battle 2025 Phase 2,0
hltv_match_2382314,2025-05-14 12:00:00+00:00,fnatic,9INE,,,team1,Rainbet Cup 2025,0
hltv_match_2382482,2025-05-14 13:10:00+00:00,AMKAL,Sangal,,,team1,YaLLa Compass 2025 Contenders 1,0
hltv_match_2382315,2025-05-14 15:00:00+00:00,Passion UA,ENCE,,,team1,Rainbet Cup 2025,0
hltv_match_2382642,2025-05-14 16:10:00+00:00,RED Canids,ODDIK Academy,,,team1,Odyssey Cup Brazil 2025,0
hltv_match_2382643,2025-05-14 16:10:00+00:00,Tropa do KinGui,MIBR Academy,,,team2,Odyssey Cup Brazil 2025,0
hltv_match_2382334,2025-05-14 20:30:00+00:00,Wildcard,anything else,,,team1,Thunderpick World Championship 2025 North America Series 1,0
hltv_match_2382483,2025-05-15 04:00:00+00:00,CYBERSHOKE,Zero Tenacity,,,team1,YaLLa Compass 2025 Contenders 1,0
hltv_match_2382397,2025-05-15 04:00:00+00:00,Passion UA,Sashi,,,team1,Galaxy Battle 2025 Phase 2,0
hltv_match_2382516,2025-05-15 04:00:00+00:00,fnatic,9INE,,,team2,CCT Season 3 Europe Series 1,0
hltv_match_2382539,2025-05-15 04:30:00+00:00,AMKAL,Sangal,,,team2,CCT Season 3 Europe Series 2 Closed Qualifier,0
hltv_match_2382493,2025-05-15 06:50:00+00:00,ENCE Academy,Inner Circle,,,team2,United21 League Season 31,0
hltv_match_2382517,2025-05-15 08:10:00+00:00,Nemiga,Monte,,,team1,CCT Season 3 Europe Series 1,0
hltv_match_2382518,2025-05-15 11:40:00+00:00,BetBoom,ECSTATIC,,,team2,CCT Season 3 Europe Series 1,0
hltv_match_2382316,2025-05-15 12:00:00+00:00,Partizan,GUN5,,,team2,Rainbet Cup 2025,0
hltv_match_2382486,2025-05-15 13:00:00+00:00,Spirit Academy,FAVBET,,,team1,YaLLa Compass 2025 Contenders 1,0
hltv_match_2382317,2025-05-15 15:00:00+00:00,ECLOT,Sashi,,,team1,Rainbet Cup 2025,0
hltv_match_2382336,2025-05-15 20:30:00+00:00,Wildcard,Legacy,,,team2,Thunderpick World Championship 2025 North America Series 1,0
hltv_match_2382244,2025-05-16 01:00:00+00:00,The MongolZ,Aurora,,,team2,PGL Astana 2025,0
hltv_match_2382282,2025-05-16 02:30:00+00:00,JiJieHao,FlyQuest,,,team2,Hero Esports Asian Champions League 2025,0
hltv_match_2382520,2025-05-16 04:00:00+00:00,500,RUBY,,,team2,CCT Season 3 Europe Series 1,0
hltv_match_2382245,2025-05-16 04:00:00+00:00,Natus Vincere,Astralis,,,team2,PGL Astana 2025,0
hltv_match_2382401,2025-05-16 07:30:00+00:00,Zero Tenacity,Partizan,,,team1,Galaxy Battle 2025 Phase 2,0
hltv_match_2382283,2025-05-16 07:30:00+00:00,Lynn Vision,TYLOO,,,team2,Hero Esports Asian Champions League 2025,0
hltv_match_2382246,2025-05-16 08:00:00+00:00,FURIA,MIBR,,,team1,PGL Astana 2025,0
hltv_match_2382522,2025-05-16 10:00:00+00:00,SAW,FAVBET,,,team1,CCT Season 3 Europe Series 1,0
hltv_match_2382247,2025-05-16 11:00:00+00:00,Spirit,Ninjas in Pyjamas,,,team1,PGL Astana 2025,0
hltv_match_2382402,2025-05-16 11:00:00+00:00,Fire Flux,Monte,,,team1,Galaxy Battle 2025 Phase 2,0
hltv_match_2382319,2025-05-16 12:00:00+00:00,GUN5,ECLOT,,,team2,Rainbet Cup 2025,0
hltv_match_2382538,2025-05-16 13:30:00+00:00,FAVBET,Leo,,,team2,CCT Season 3 Europe Series 2 Closed Qualifier,0
hltv_match_2382523,2025-05-16 13:40:00+00:00,ENCE,Nexus,,,team1,CCT Season 3 Europe Series 1,0
hltv_match_2382318,2025-05-16 15:00:00+00:00,fnatic,Passion UA,,,team2,Rainbet Cup 2025,0
hltv_match_2382699,2025-05-16 16:00:00+00:00,MAGICOS,RED Canids,,,team2,Odyssey Cup Brazil 2025,0
hltv_match_2382337,2025-05-16 19:30:00+00:00,Legacy,NRG,,,team1,Thunderpick World Championship 2025 North America Series 1,0
hltv_match_2382524,2025-05-17 04:00:00+00:00,OG,9INE,,,team1,CCT Season 3 Europe Series 1,0
hltv_match_2382248,2025-05-17 06:00:00+00:00,Aurora,Astralis,,,team2,PGL Astana 2025,0
hltv_match_2382525,2025-05-17 07:00:00+00:00,RUBY,PARIVISION,,,team2,CCT Season 3 Europe Series 1,0
hltv_match_2382509,2025-05-17 07:30:00+00:00,ECLOT,FORZE Reload,,,team1,Galaxy Battle 2025 Phase 2,0
hltv_match_2382249,2025-05-17 10:00:00+00:00,FURIA,Spirit,,,team2,PGL Astana 2025,0
hltv_match_2382526,2025-05-17 10:00:00+00:00,SAW,ENCE,,,team2,CCT Season 3 Europe Series 1,0
hltv_match_2382527,2025-05-17 13:00:00+00:00,Nemiga,ECSTATIC,,,team1,CCT Season 3 Europe Series 1,0
hltv_match_2382511,2025-05-17 14:30:00+00:00,Zero Tenacity,Sashi,,,team1,Galaxy Battle 2025 Phase 2,0
hltv_match_2382673,2025-05-18 02:25:00+00:00,Rare Atom,TYLOO,,,team2,XSE Pro League Chengdu 2025,0
hltv_match_2382497,2025-05-18 04:00:00+00:00,Mousquetaires,ESC,,,team2,United21 League Season 31,0
hltv_match_2382250,2025-05-18 04:00:00+00:00,Aurora,FURIA,,,team1,PGL Astana 2025,0
hltv_match_2382528,2025-05-18 06:00:00+00:00,PARIVISION,OG,,,team1,CCT Season 3 Europe Series 1,0
hltv_match_2382251,2025-05-18 08:00:00+00:00,Astralis,Spirit,,,team2,PGL Astana 2025,0
hltv_match_2382529,2025-05-18 09:00:00+00:00,ENCE,Nemiga,,,team1,CCT Season 3 Europe Series 1,0
hltv_match_2382513,2025-05-18 11:00:00+00:00,Spirit Academy,Passion UA,,,team1,Galaxy Battle 2025 Phase 2,0
hltv_match_2382530,2025-05-18 12:25:00+00:00,PARIVISION,ENCE,,,team2,CCT Season 3 Europe Series 1,0
hltv_match_2382550,2025-05-18 13:30:00+00:00,FAVBET,Leo,,,team1,CCT Season 3 Europe Series 2 Closed Qualifier,0
hltv_match_2382663,2025-05-19 04:00:00+00:00,9INE,Sashi,,,team1,YaLLa Compass 2025 Contenders 1,0
hltv_match_2382732,2025-05-19 07:00:00+00:00,FORZE Reload,ESC,,,team2,Winline Insight Season 7 Closed Qualifier,0
hltv_match_2382664,2025-05-19 07:40:00+00:00,ECLOT,FAVBET,,,team2,YaLLa Compass 2025 Contenders 1,0
hltv_match_2382759,2025-05-19 08:00:00+00:00,Nexus,ENCE,,,team2,YGames Pro Series Season 5,0
hltv_match_2382320,2025-05-19 11:00:00+00:00,ECLOT,Passion UA,,,team1,Rainbet Cup 2025,0
hltv_match_2382760,2025-05-19 11:00:00+00:00,Hesta,Sangal,,,team2,YGames Pro Series Season 5,0
hltv_match_2382515,2025-05-19 11:00:00+00:00,Monte,Partizan,,,team1,Galaxy Battle 2025 Phase 2,0
hltv_match_2382380,2025-05-19 12:30:00+00:00,Liquid,FaZe,,,team1,IEM Dallas 2025,0
hltv_match_2382376,2025-05-19 12:30:00+00:00,3DMAX,GamerLegion,,,team2,IEM Dallas 2025,0
hltv_match_2382375,2025-05-19 15:00:00+00:00,Vitality,Legacy,,,team1,IEM Dallas 2025,0
hltv_match_2382761,2025-05-19 15:00:00+00:00,SINNERS,Monte,,,team1,YGames Pro Series Season 5,0
hltv_match_2382379,2025-05-19 16:00:00+00:00,MOUZ,BC.Game,,,team1,IEM Dallas 2025,0
hltv_match_2382382,2025-05-19 17:30:00+00:00,Falcons,NRG,,,team1,IEM Dallas 2025,0
hltv_match_2382378,2025-05-19 18:00:00+00:00,G2,Lynn Vision,,,team1,IEM Dallas 2025,0
hltv_match_2382377,2025-05-19 20:00:00+00:00,The MongolZ,FURIA,,,team1,IEM Dallas 2025,0
hltv_match_2382381,2025-05-19 20:05:00+00:00,Aurora,HEROIC,,,team2,IEM Dallas 2025,0
hltv_match_2382555,2025-05-20 04:00:00+00:00,Fire Flux,Sashi,,,team2,CCT Season 3 Europe Series 2,0
hltv_match_2382706,2025-05-20 04:00:00+00:00,ECLOT,Passion UA,,,team2,Galaxy Battle 2025 Phase 2,0
hltv_match_2382620,2025-05-20 05:00:00+00:00,ECSTATIC,Nordix,,,team1,Elisa Nordic Championship 2025,0
hltv_match_2382668,2025-05-20 07:10:00+00:00,Passion UA,Zero Tenacity,,,team2,YaLLa Compass 2025 Contenders 1,0
hltv_match_2382622,2025-05-20 07:30:00+00:00,ENCE Academy,WOPA,,,team1,Elisa Nordic Championship 2025,0
hltv_match_2382762,2025-05-20 08:00:00+00:00,kONO,1win,,,team2,YGames Pro Series Season 5,0
hltv_match_2382623,2025-05-20 08:30:00+00:00,Alliance,1ADL,,,team1,Elisa Nordic Championship 2025,0
hltv_match_2382624,2025-05-20 10:00:00+00:00,ECSTATIC,Johnny Speeds,,,team1,Elisa Nordic Championship 2025,0
hltv_match_2382557,2025-05-20 10:00:00+00:00,Partizan,CPH Wolves,,,team1,CCT Season 3 Europe Series 2,0
hltv_match_2382669,2025-05-20 10:00:00+00:00,Monte,AMKAL,,,team1,YaLLa Compass 2025 Contenders 1,0
hltv_match_2382685,2025-05-20 11:30:00+00:00,FaZe,BC.Game,,,team1,IEM Dallas 2025,0
hltv_match_2382763,2025-05-20 11:30:00+00:00,ECLOT,SPARTA,,,team2,YGames Pro Series Season 5,0
hltv_match_2382677,2025-05-20 11:30:00+00:00,3DMAX,Legacy,,,team1,IEM Dallas 2025,0
hltv_match_2382670,2025-05-20 13:00:00+00:00,500,Spirit Academy,,,team2,YaLLa Compass 2025 Contenders 1,0
hltv_match_2382558,2025-05-20 13:15:00+00:00,CYBERSHOKE,Sangal,,,team1,CCT Season 3 Europe Series 2,0
hltv_match_2382683,2025-05-20 14:00:00+00:00,Liquid,MOUZ,,,team2,IEM Dallas 2025,0
hltv_match_2382675,2025-05-20 15:05:00+00:00,GamerLegion,Vitality,,,team2,IEM Dallas 2025,0
hltv_match_2382684,2025-05-20 16:30:00+00:00,Falcons,HEROIC,,,team1,IEM Dallas 2025,0
hltv_match_2382686,2025-05-20 17:15:00+00:00,NRG,Aurora,,,team2,IEM Dallas 2025,0
hltv_match_2382678,2025-05-20 19:15:00+00:00,Lynn Vision,FURIA,,,team2,IEM Dallas 2025,0
hltv_match_2382676,2025-05-20 19:55:00+00:00,G2,The MongolZ,,,team2,IEM Dallas 2025,0
hltv_match_2382559,2025-05-21 04:00:00+00:00,Nexus,Zero Tenacity,,,team1,CCT Season 3 Europe Series 2,0
hltv_match_2382743,2025-05-21 04:00:00+00:00,9INE,Spirit Academy,,,team2,YaLLa Compass 2025 Contenders 1,0
hltv_match_2382625,2025-05-21 06:00:00+00:00,ENCE Academy,Alliance,,,team2,Elisa Nordic Championship 2025,0
hltv_match_2382709,2025-05-21 06:30:00+00:00,Monte,Sashi,,,team2,Galaxy Battle 2025 Phase 2,0
hltv_match_2382779,2025-05-21 08:00:00+00:00,ENCE,1win,,,team1,YGames Pro Series Season 5,0
hltv_match_2382745,2025-05-21 10:00:00+00:00,Passion UA,AMKAL,,,team1,YaLLa Compass 2025 Contenders 1,0
hltv_match_2382688,2025-05-21 11:30:00+00:00,Liquid,Aurora,,,team2,IEM Dallas 2025,0
hltv_match_2382627,2025-05-21 11:30:00+00:00,WOPA,1ADL,,,team1,Elisa Nordic Championship 2025,0
hltv_match_2382687,2025-05-21 11:30:00+00:00,FaZe,HEROIC,,,team2,IEM Dallas 2025,0
hltv_match_2382562,2025-05-21 13:30:00+00:00,ECLOT,Ninjas in Pyjamas,,,team2,CCT Season 3 Europe Series 2,0
hltv_match_2382781,2025-05-21 14:00:00+00:00,Monte,Sangal,,,team2,YGames Pro Series Season 5,0
hltv_match_2382680,2025-05-21 14:00:00+00:00,GamerLegion,FURIA,,,team1,IEM Dallas 2025,0
hltv_match_2382679,2025-05-21 14:55:00+00:00,3DMAX,G2,,,team2,IEM Dallas 2025,0
hltv_match_2382711,2025-05-21 15:10:00+00:00,SINNERS,FORZE Reload,,,team1,Galaxy Battle 2025 Phase 2,0
hltv_match_2382690,2025-05-21 17:00:00+00:00,Aurora,HEROIC,,,team1,IEM Dallas 2025,0
hltv_match_2382689,2025-05-21 17:50:00+00:00,MOUZ,Falcons,,,team1,IEM Dallas 2025,0
hltv_match_2382681,2025-05-21 20:00:00+00:00,Vitality,The MongolZ,,,team1,IEM Dallas 2025,0
hltv_match_2382682,2025-05-21 20:05:00+00:00,GamerLegion,G2,,,team1,IEM Dallas 2025,0
hltv_match_2382746,2025-05-22 04:00:00+00:00,Monte,Zero Tenacity,,,team2,YaLLa Compass 2025 Contenders 1,0
hltv_match_2382766,2025-05-22 07:00:00+00:00,ECLOT,Sangal,,,team2,CCT Season 3 Europe Series 2,0
hltv_match_2382712,2025-05-22 07:00:00+00:00,SINNERS,Zero Tenacity,,,team1,Galaxy Battle 2025 Phase 2,0
hltv_match_2382775,2025-05-22 07:00:00+00:00,ESC,Mousquetaires,,,team1,Winline Insight Season 7 Closed Qualifier,0
hltv_match_2382747,2025-05-22 07:15:00+00:00,FAVBET,Sashi,,,team2,YaLLa Compass 2025 Contenders 1,0
hltv_match_2382713,2025-05-22 10:25:00+00:00,ECLOT,Sashi,,,team2,Galaxy Battle 2025 Phase 2,0
hltv_match_2382629,2025-05-22 10:30:00+00:00,Johnny Speeds,WOPA,,,team1,Elisa Nordic Championship 2025,0
hltv_match_2382714,2025-05-22 13:30:00+00:00,CYBERSHOKE,Fire Flux,,,team1,Galaxy Battle 2025 Phase 2,0
hltv_match_2382652,2025-05-22 15:05:00+00:00,MIBR fe,NIP Impact,,,team2,ESL Impact League Season 7 Finals,0
hltv_match_2382653,2025-05-22 16:05:00+00:00,Imperial Valkyries,FlyQuest RED,,,team1,ESL Impact League Season 7 Finals,0
hltv_match_2382655,2025-05-22 18:25:00+00:00,NIP Impact,Imperial Valkyries,,,team1,ESL Impact League Season 7 Finals,0
hltv_match_2382769,2025-05-23 04:00:00+00:00,Passion UA,Sashi,,,team1,CCT Season 3 Europe Series 2,0
hltv_match_2382749,2025-05-23 04:00:00+00:00,9INE,Monte,,,team2,YaLLa Compass 2025 Contenders 1,0
hltv_match_2382777,2025-05-23 07:00:00+00:00,FORZE Reload,Mousquetaires,,,team1,Winline Insight Season 7 Closed Qualifier,0
hltv_match_2382750,2025-05-23 07:55:00+00:00,Passion UA,CYBERSHOKE,,,team1,YaLLa Compass 2025 Contenders 1,0
hltv_match_2382771,2025-05-23 10:00:00+00:00,Nexus,Monte,,,team1,CCT Season 3 Europe Series 2,0
hltv_match_2382630,2025-05-23 10:00:00+00:00,ECSTATIC,Alliance,,,team1,Elisa Nordic Championship 2025,0
hltv_match_2382656,2025-05-23 11:00:00+00:00,MIBR fe,FlyQuest RED,,,team2,ESL Impact League Season 7 Finals,0
hltv_match_2382840,2025-05-23 11:00:00+00:00,BIG,XPERION NXT,,,team1,DACH Masters Season 3,0
hltv_match_2382631,2025-05-23 12:55:00+00:00,ENCE Academy,Johnny Speeds,,,team2,Elisa Nordic Championship 2025,0
hltv_match_2382772,2025-05-23 13:00:00+00:00,CYBERSHOKE,Ninjas in Pyjamas,,,team1,CCT Season 3 Europe Series 2,0
hltv_match_2382691,2025-05-23 14:15:00+00:00,The MongolZ,Aurora,,,team1,IEM Dallas 2025,0
hltv_match_2382718,2025-05-23 16:08:58+00:00,SAW,Sashi,,,team2,Galaxy Battle 2025 Phase 2,0
hltv_match_2382658,2025-05-23 16:55:00+00:00,Imperial Valkyries,FlyQuest RED,,,team1,ESL Impact League Season 7 Finals,0
hltv_match_2382692,2025-05-23 17:15:00+00:00,Falcons,GamerLegion,,,team1,IEM Dallas 2025,0
hltv_match_2382791,2025-05-24 07:00:00+00:00,ECLOT,CPH Wolves,,,team1,CCT Season 3 Europe Series 2,0
hltv_match_2382843,2025-05-24 09:00:00+00:00,Arrow,XPERION NXT,,,team2,DACH Masters Season 3,0
hltv_match_2382632,2025-05-24 09:00:00+00:00,Alliance,Johnny Speeds,,,team1,Elisa Nordic Championship 2025,0
hltv_match_2382633,2025-05-24 12:30:00+00:00,ECSTATIC,Alliance,,,team1,Elisa Nordic Championship 2025,0
hltv_match_2382693,2025-05-24 14:15:00+00:00,MOUZ,The MongolZ,,,team1,IEM Dallas 2025,0
hltv_match_2382661,2025-05-24 14:45:00+00:00,FURIA fe,Imperial Valkyries,,,team1,ESL Impact League Season 7 Finals,0
hltv_match_2382694,2025-05-24 17:15:00+00:00,Vitality,Falcons,,,team1,IEM Dallas 2025,0
hltv_match_2382794,2025-05-25 04:00:00+00:00,Ninjas in Pyjamas,Sashi,,,team1,CCT Season 3 Europe Series 2,0
hltv_match_2382795,2025-05-25 07:00:00+00:00,Partizan,Sangal,,,team2,CCT Season 3 Europe Series 2,0
hltv_match_2382793,2025-05-25 10:15:00+00:00,Fire Flux,Monte,,,team1,CCT Season 3 Europe Series 2,0
hltv_match_2382797,2025-05-25 13:00:00+00:00,CYBERSHOKE,Nexus,,,team1,CCT Season 3 Europe Series 2,0
hltv_match_2382695,2025-05-25 15:30:00+00:00,MOUZ,Vitality,,,team2,IEM Dallas 2025,0
hltv_match_2382752,2025-05-26 04:00:00+00:00,PARIVISION,Sashi,,,team1,YaLLa Compass 2025 Contenders 1,0
hltv_match_2382853,2025-05-26 10:00:00+00:00,ECLOT,Monte,,,team2,CCT Season 3 Europe Series 2,0
hltv_match_2382802,2025-05-26 10:00:00+00:00,SINNERS,SPARTA,,,team2,YGames Pro Series Season 5,0
hltv_match_2382803,2025-05-26 13:00:00+00:00,Sashi,ENCE,,,team2,YGames Pro Series Season 5,0
hltv_match_2382755,2025-05-26 14:00:00+00:00,Spirit Academy,Monte,,,team1,YaLLa Compass 2025 Contenders 1,0
hltv_match_2382756,2025-05-27 04:00:00+00:00,Passion UA,Spirit Academy,,,team1,YaLLa Compass 2025 Contenders 1,0
hltv_match_2382719,2025-05-27 04:00:00+00:00,Nemiga,SINNERS,,,team2,Galaxy Battle 2025 Phase 2,0
hltv_match_2382855,2025-05-27 07:00:00+00:00,Nexus,Ninjas in Pyjamas,,,team2,CCT Season 3 Europe Series 2,0
hltv_match_2382738,2025-05-27 07:00:00+00:00,CPH Wolves,EYEBALLERS,,,team2,Winline Insight Season 7 Closed Qualifier,0
hltv_match_2382720,2025-05-27 07:30:00+00:00,ENCE,Passion UA,,,team1,Galaxy Battle 2025 Phase 2,0
hltv_match_2382786,2025-05-27 09:00:00+00:00,WOPA,BRUTE,,,team1,European Pro League Season 25,0
hltv_match_2382856,2025-05-27 10:00:00+00:00,Fire Flux,Zero Tenacity,,,team1,CCT Season 3 Europe Series 2,0
hltv_match_2382721,2025-05-27 11:50:00+00:00,BIG,CYBERSHOKE,,,team2,Galaxy Battle 2025 Phase 2,0
hltv_match_2382722,2025-05-27 14:50:00+00:00,Betclic,Nexus,,,team2,Galaxy Battle 2025 Phase 2,0
hltv_match_2382815,2025-05-28 06:30:00+00:00,EYEBALLERS,WOPA,,,team1,European Pro League Season 25,0
hltv_match_2382858,2025-05-28 07:00:00+00:00,Partizan,Zero Tenacity,,,team1,CCT Season 3 Europe Series 2,0
hltv_match_2382822,2025-05-28 07:00:00+00:00,UNiTY,BIG EQUIPA,,,team1,Winline Insight Season 7 Closed Qualifier,0
hltv_match_2382788,2025-05-28 09:35:00+00:00,ENCE Academy,Johnny Speeds,,,team1,European Pro League Season 25,0
hltv_match_2382860,2025-05-28 13:30:00+00:00,Passion UA,Nexus,,,team1,CCT Season 3 Europe Series 2,0
hltv_match_2382724,2025-05-29 04:30:00+00:00,CYBERSHOKE,Nexus,,,team2,Galaxy Battle 2025 Phase 2,0
hltv_match_2382817,2025-05-29 06:30:00+00:00,ENCE Academy,Leo,,,team2,European Pro League Season 25,0
hltv_match_2382725,2025-05-29 07:30:00+00:00,ENCE,PARIVISION,,,team2,Galaxy Battle 2025 Phase 2,0
hltv_match_2382863,2025-05-29 07:55:00+00:00,Betclic,Fire Flux,,,team1,CCT Season 3 Europe Series 2,0
hltv_match_2382825,2025-05-29 10:00:00+00:00,EYEBALLERS,8Sins,,,team1,Winline Insight Season 7 Closed Qualifier,0
hltv_match_2382887,2025-05-29 11:00:00+00:00,Inner Circle,GenOne,,,team1,ESEA Advanced Season 53 Europe,0
hltv_match_2382897,2025-05-29 11:00:00+00:00,Wildcard Academy,K27,,,team2,ESEA Advanced Season 53 Europe,0
hltv_match_2382726,2025-05-29 11:45:00+00:00,SINNERS,9INE,,,team1,Galaxy Battle 2025 Phase 2,0
hltv_match_2382890,2025-05-29 11:45:56+00:00,Spirit Academy,SKYFURY,,,team2,ESEA Advanced Season 53 Europe,0
hltv_match_2382862,2025-05-29 13:00:00+00:00,PARIVISION,Partizan,,,team2,CCT Season 3 Europe Series 2,0
hltv_match_2382893,2025-05-29 13:30:00+00:00,Eternal Fire,Bushido Wildcats,,,team1,ESEA Advanced Season 53 Europe,0
hltv_match_2382900,2025-05-29 13:30:00+00:00,FAVBET,AMKAL,,,team2,ESEA Advanced Season 53 Europe,0
hltv_match_2382898,2025-05-29 13:30:00+00:00,Zero Tenacity,QUAZAR,,,team1,ESEA Advanced Season 53 Europe,0
hltv_match_2382865,2025-05-30 04:00:00+00:00,SINNERS,CYBERSHOKE,,,team2,CCT Season 3 Europe Series 2,0
hltv_match_2382819,2025-05-30 06:30:00+00:00,ENCE Academy,Johnny Speeds,,,team2,European Pro League Season 25,0
hltv_match_2382894,2025-05-30 10:00:00+00:00,Betera,XP Academy,,,team1,ESEA Advanced Season 53 Europe,0
hltv_match_2382891,2025-05-30 11:00:00+00:00,1win,Ursa,,,team1,ESEA Advanced Season 53 Europe,0
hltv_match_2382448,2025-05-30 11:00:00+00:00,ENCE,500,,,team1,Tipsport Conquest of Prague 2025 Finals,0
hltv_match_2382867,2025-05-30 11:05:00+00:00,BC.Game,Passion UA,,,team2,CCT Season 3 Europe Series 2,0
hltv_match_2382728,2025-05-30 11:20:00+00:00,Nexus,SINNERS,,,team1,Galaxy Battle 2025 Phase 2,0
hltv_match_2382921,2025-05-30 11:30:00+00:00,UNiTY,FORZE Reload,,,team2,Exort Series 11,0
hltv_match_2382868,2025-05-30 13:30:00+00:00,GUN5,Ninjas in Pyjamas,,,team2,CCT Season 3 Europe Series 2,0
hltv_match_2382449,2025-05-30 15:00:00+00:00,9INE,fnatic,,,team2,Tipsport Conquest of Prague 2025 Finals,0
hltv_match_2382923,2025-05-30 15:10:00+00:00,Nexus,G2 Ares,,,team2,Exort Series 11,0
hltv_match_2382943,2025-05-30 18:30:00+00:00,paiN Academy,RED Canids Academy,,,team1,Liga Gamers Club 2025 Serie A May Cup,0
hltv_match_2382869,2025-05-31 04:00:00+00:00,Partizan,Betclic,,,team1,CCT Season 3 Europe Series 2,0
hltv_match_2382729,2025-05-31 06:00:00+00:00,PARIVISION,Nexus,,,team2,Galaxy Battle 2025 Phase 2,0
hltv_match_2382450,2025-05-31 11:00:00+00:00,500,9INE,,,team2,Tipsport Conquest of Prague 2025 Finals,0
hltv_match_2382925,2025-05-31 11:30:00+00:00,Young Ninjas,G2 Ares,,,team2,Exort Series 11,0
hltv_match_2382947,2025-05-31 12:00:00+00:00,777,INFURITY,,,team1,Good Game League Spring 2025 Finals,0
hltv_match_2382936,2025-05-31 12:30:00+00:00,Spirit Academy,Ursa,,,team2,ESEA Advanced Season 53 Europe,0
hltv_match_2382941,2025-05-31 13:00:00+00:00,FAVBET,Hesta,,,team1,ESEA Advanced Season 53 Europe,0
hltv_match_2382933,2025-05-31 13:30:00+00:00,Zero Tenacity,BAKS,,,team1,ESEA Advanced Season 53 Europe,0
hltv_match_2382929,2025-05-31 13:30:00+00:00,SKYFURY,1win,,,team1,ESEA Advanced Season 53 Europe,0
hltv_match_2382872,2025-05-31 13:55:00+00:00,Passion UA,CYBERSHOKE,,,team1,CCT Season 3 Europe Series 2,0
hltv_match_2382451,2025-05-31 14:05:00+00:00,ENCE,fnatic,,,team1,Tipsport Conquest of Prague 2025 Finals,0
hltv_match_2382798,2025-05-31 16:00:00+00:00,Tricked,CPH Wolves,,,team1,OMEN Retake Season 10 Finals,0
hltv_match_2382902,2025-06-01 06:30:00+00:00,Wildcard Academy,Johnny Speeds,,,team2,European Pro League Season 25,0
hltv_match_2382949,2025-06-01 08:00:00+00:00,Nordix,INFURITY,,,team1,Good Game League Spring 2025 Finals,0
hltv_match_2382452,2025-06-01 09:00:00+00:00,9INE,fnatic,,,team2,Tipsport Conquest of Prague 2025 Finals,0
hltv_match_2382927,2025-06-01 12:00:00+00:00,SINNERS,Inner Circle,,,team2,ESEA Advanced Season 53 Europe,0
hltv_match_2382453,2025-06-01 12:10:00+00:00,ENCE,fnatic,,,team2,Tipsport Conquest of Prague 2025 Finals,0
hltv_match_2382966,2025-06-02 11:00:00+00:00,UNiTY,BAKS,,,team2,ESEA Advanced Season 53 Europe,0
hltv_match_2382961,2025-06-02 12:00:00+00:00,Insilio,Inner Circle,,,team1,ESEA Advanced Season 53 Europe,0
hltv_match_2382969,2025-06-02 13:30:00+00:00,XP Academy,Eternal Fire,,,team2,ESEA Advanced Season 53 Europe,0
hltv_match_2382965,2025-06-02 13:30:00+00:00,GenOne,AMKAL,,,team2,ESEA Advanced Season 53 Europe,0
hltv_match_2382956,2025-06-03 06:30:00+00:00,Bushido Wildcats,Wildcard Academy,,,team2,United21 League Season 32,0
hltv_match_2382967,2025-06-03 11:00:00+00:00,K27,Ursa,,,team1,ESEA Advanced Season 53 Europe,0
hltv_match_2382297,2025-06-03 11:20:00+00:00,HEROIC,Chinggis Warriors,,,team1,BLAST.tv Austin Major 2025 Stage 1,0
hltv_match_2382972,2025-06-03 12:00:00+00:00,FAVBET,SINNERS,,,team2,ESEA Advanced Season 53 Europe,0
hltv_match_2382298,2025-06-03 12:15:00+00:00,B8,Imperial,,,team1,BLAST.tv Austin Major 2025 Stage 1,0
hltv_match_2382299,2025-06-03 12:30:00+00:00,BetBoom,Nemiga,,,team1,BLAST.tv Austin Major 2025 Stage 1,0
hltv_match_2382300,2025-06-03 13:40:00+00:00,TYLOO,NRG,,,team2,BLAST.tv Austin Major 2025 Stage 1,0
hltv_match_2382301,2025-06-03 13:45:00+00:00,Lynn Vision,Legacy,,,team1,BLAST.tv Austin Major 2025 Stage 1,0
hltv_match_2382302,2025-06-03 14:30:00+00:00,Wildcard,Metizport,,,team1,BLAST.tv Austin Major 2025 Stage 1,0
hltv_match_2382303,2025-06-03 14:50:00+00:00,FlyQuest,Fluxo,,,team1,BLAST.tv Austin Major 2025 Stage 1,0
hltv_match_2382346,2025-06-03 16:35:00+00:00,HEROIC,NRG,,,team1,BLAST.tv Austin Major 2025 Stage 1,0
hltv_match_2382345,2025-06-03 16:35:00+00:00,B8,OG,,,team1,BLAST.tv Austin Major 2025 Stage 1,0
hltv_match_2382347,2025-06-03 17:40:00+00:00,BetBoom,FlyQuest,,,team2,BLAST.tv Austin Major 2025 Stage 1,0
hltv_match_2383008,2025-06-05 13:00:00+00:00,AMKAL,NOVAQ,,,team1,CCT Season 3 Europe Series 3 Closed Qualifier,0
hltv_match_2382827,2025-06-05 13:00:00+00:00,CPH Wolves,8Sins,,,team1,Winline Insight Season 7 Closed Qualifier,0
hltv_match_2382363,2025-06-05 13:10:00+00:00,OG,NRG,,,team1,BLAST.tv Austin Major 2025 Stage 1,0
hltv_match_2382364,2025-06-05 13:30:00+00:00,Chinggis Warriors,Lynn Vision,,,team2,BLAST.tv Austin Major 2025 Stage 1,0
hltv_match_2383034,2025-06-05 14:00:00+00:00,Linx Legacy,MASONIC,,,team2,POWER Ligaen Season 29,0
hltv_match_2382365,2025-06-05 14:50:00+00:00,BetBoom,Wildcard,,,team1,BLAST.tv Austin Major 2025 Stage 1,0
hltv_match_2382366,2025-06-05 17:00:00+00:00,FlyQuest,Nemiga,,,team2,BLAST.tv Austin Major 2025 Stage 1,0
hltv_match_2382981,2025-06-06 03:00:00+00:00,Sashi,SINNERS,,,team1,Exort The Proving Grounds Season 1,0
hltv_match_2382960,2025-06-06 06:00:00+00:00,G2 Ares,Wildcard Academy,,,team2,United21 League Season 32,0
hltv_match_2382982,2025-06-06 06:15:00+00:00,Partizan,GUN5,,,team1,Exort The Proving Grounds Season 1,0
hltv_match_2383004,2025-06-06 10:00:00+00:00,UNiTY,Leo,,,team2,CCT Season 3 Europe Series 3 Closed Qualifier,0
hltv_match_2382367,2025-06-06 11:00:00+00:00,NRG,Lynn Vision,,,team2,BLAST.tv Austin Major 2025 Stage 1,0
hltv_match_2383039,2025-06-06 13:30:00+00:00,SKYFURY,AMKAL,,,team2,ESEA Advanced Season 53 Europe,0
hltv_match_2382368,2025-06-06 14:05:00+00:00,Wildcard,Legacy,,,team2,BLAST.tv Austin Major 2025 Stage 1,0
hltv_match_2382369,2025-06-06 16:20:00+00:00,FlyQuest,TYLOO,,,team2,BLAST.tv Austin Major 2025 Stage 1,0
hltv_match_2382984,2025-06-07 03:00:00+00:00,Nexus,Fire Flux,,,team2,Exort The Proving Grounds Season 1,0
hltv_match_2382986,2025-06-07 09:00:00+00:00,9INE,ECLOT,,,team1,Exort The Proving Grounds Season 1,0
hltv_match_2382428,2025-06-07 11:00:00+00:00,FaZe,HEROIC,,,team1,BLAST.tv Austin Major 2025 Stage 2,0
hltv_match_2382424,2025-06-07 11:00:00+00:00,Falcons,B8,,,team2,BLAST.tv Austin Major 2025 Stage 2,0
hltv_match_2382429,2025-06-07 11:45:00+00:00,Virtus.pro,OG,,,team1,BLAST.tv Austin Major 2025 Stage 2,0
hltv_match_2383040,2025-06-07 12:00:00+00:00,Inner Circle,Bushido Wildcats,,,team1,ESEA Advanced Season 53 Europe,0
hltv_match_2382425,2025-06-07 12:00:00+00:00,3DMAX,BetBoom,,,team1,BLAST.tv Austin Major 2025 Stage 2,0
hltv_match_2382430,2025-06-07 12:35:00+00:00,FURIA,Lynn Vision,,,team1,BLAST.tv Austin Major 2025 Stage 2,0
hltv_match_2382426,2025-06-07 12:55:00+00:00,paiN,Nemiga,,,team1,BLAST.tv Austin Major 2025 Stage 2,0
hltv_match_2382427,2025-06-07 13:30:00+00:00,MIBR,Legacy,,,team2,BLAST.tv Austin Major 2025 Stage 2,0
hltv_match_2382431,2025-06-07 13:55:00+00:00,M80,TYLOO,,,team2,BLAST.tv Austin Major 2025 Stage 2,0
hltv_match_2382441,2025-06-07 15:30:00+00:00,Virtus.pro,B8,,,team1,BLAST.tv Austin Major 2025 Stage 2,0
hltv_match_2382440,2025-06-07 15:30:00+00:00,paiN,FURIA,,,team1,BLAST.tv Austin Major 2025 Stage 2,0
hltv_match_2382443,2025-06-07 16:20:00+00:00,3DMAX,Legacy,,,team2,BLAST.tv Austin Major 2025 Stage 2,0
hltv_match_2382442,2025-06-07 16:40:00+00:00,FaZe,TYLOO,,,team1,BLAST.tv Austin Major 2025 Stage 2,0
hltv_match_2382445,2025-06-07 17:20:00+00:00,HEROIC,BetBoom,,,team1,BLAST.tv Austin Major 2025 Stage 2,0
hltv_match_2382444,2025-06-07 17:30:00+00:00,Falcons,Lynn Vision,,,team2,BLAST.tv Austin Major 2025 Stage 2,0
hltv_match_2382447,2025-06-07 18:20:00+00:00,M80,OG,,,team1,BLAST.tv Austin Major 2025 Stage 2,0
hltv_match_2382446,2025-06-07 18:35:00+00:00,MIBR,Nemiga,,,team2,BLAST.tv Austin Major 2025 Stage 2,0
hltv_match_2383013,2025-06-08 04:00:00+00:00,EYEBALLERS,Monte,,,team2,CCT Season 3 Europe Series 3 Closed Qualifier,0
hltv_match_2382988,2025-06-08 06:00:00+00:00,CYBERSHOKE,RUBY,,,team1,Exort The Proving Grounds Season 1,0
hltv_match_2382572,2025-06-08 11:00:00+00:00,3DMAX,Nemiga,,,team1,BLAST.tv Austin Major 2025 Stage 2,0
hltv_match_2382571,2025-06-08 11:00:00+00:00,TYLOO,Lynn Vision,,,team2,BLAST.tv Austin Major 2025 Stage 2,0
hltv_match_2382573,2025-06-08 11:50:00+00:00,FURIA,M80,,,team1,BLAST.tv Austin Major 2025 Stage 2,0
hltv_match_2382574,2025-06-08 12:00:00+00:00,B8,HEROIC,,,team1,BLAST.tv Austin Major 2025 Stage 2,0
hltv_match_2382950,2025-06-08 12:00:00+00:00,777,Nordix,,,team2,Good Game League Spring 2025 Finals,0
hltv_match_2382575,2025-06-08 12:50:00+00:00,FaZe,Legacy,,,team2,BLAST.tv Austin Major 2025 Stage 2,0
hltv_match_2382576,2025-06-08 13:00:00+00:00,paiN,Virtus.pro,,,team2,BLAST.tv Austin Major 2025 Stage 2,0
hltv_match_2382577,2025-06-08 15:00:00+00:00,OG,Falcons,,,team2,BLAST.tv Austin Major 2025 Stage 2,0
hltv_match_2382578,2025-06-08 15:50:00+00:00,MIBR,BetBoom,,,team1,BLAST.tv Austin Major 2025 Stage 2,0
hltv_match_2382990,2025-06-09 06:15:00+00:00,CYBERSHOKE,9INE,,,team2,Exort The Proving Grounds Season 1,0
hltv_match_2383018,2025-06-09 07:00:00+00:00,AMKAL,CPH Wolves,,,team1,CCT Season 3 Europe Series 3 Closed Qualifier,0
hltv_match_2382991,2025-06-09 09:00:00+00:00,PARIVISION,Partizan,,,team2,Exort The Proving Grounds Season 1,0
hltv_match_2383019,2025-06-09 10:00:00+00:00,Monte,Leo,,,team1,CCT Season 3 Europe Series 3 Closed Qualifier,0
hltv_match_2382579,2025-06-09 11:00:00+00:00,TYLOO,HEROIC,,,team2,BLAST.tv Austin Major 2025 Stage 2,0
hltv_match_2382580,2025-06-09 11:00:00+00:00,Nemiga,M80,,,team1,BLAST.tv Austin Major 2025 Stage 2,0
hltv_match_2383047,2025-06-09 12:00:00+00:00,AMKAL,Inner Circle,,,team2,ESEA Advanced Season 53 Europe,0
hltv_match_2382581,2025-06-09 12:50:00+00:00,paiN,Lynn Vision,,,team1,BLAST.tv Austin Major 2025 Stage 2,0
hltv_match_2382582,2025-06-09 14:35:00+00:00,Falcons,MIBR,,,team2,BLAST.tv Austin Major 2025 Stage 2,0
hltv_match_2382584,2025-06-09 14:45:00+00:00,FURIA,B8,,,team1,BLAST.tv Austin Major 2025 Stage 2,0
hltv_match_2382583,2025-06-09 18:35:00+00:00,FaZe,3DMAX,,,team2,BLAST.tv Austin Major 2025 Stage 2,0
hltv_match_2383063,2025-06-09 20:10:00+00:00,LAG,Wanted Goons,,,team1,Dust2.us Eagle Masters Series 2,0
hltv_match_2383045,2025-06-09 20:30:00+00:00,Akimbo,Take Flyte,,,team2,ESEA Advanced Season 53 North America,0
hltv_match_2383022,2025-06-10 07:00:00+00:00,GUN5,FAVBET,,,team1,CCT Season 3 Europe Series 3,0
hltv_match_2383050,2025-06-10 11:00:00+00:00,Betera,Inner Circle,,,team1,ESEA Advanced Season 53 Europe,0
hltv_match_2382585,2025-06-10 11:00:00+00:00,Nemiga,HEROIC,,,team1,BLAST.tv Austin Major 2025 Stage 2,0
hltv_match_2383024,2025-06-10 13:00:00+00:00,ECLOT,AMKAL,,,team1,CCT Season 3 Europe Series 3,0
hltv_match_2382586,2025-06-10 13:30:00+00:00,B8,Lynn Vision,,,team2,BLAST.tv Austin Major 2025 Stage 2,0
hltv_match_2382587,2025-06-10 16:30:00+00:00,FaZe,MIBR,,,team1,BLAST.tv Austin Major 2025 Stage 2,0
hltv_match_2383067,2025-06-10 17:53:12+00:00,anything else,Akimbo,,,team2,Dust2.us Eagle Masters Series 2,0
hltv_match_2382995,2025-06-11 06:00:00+00:00,SINNERS,Zero Tenacity,,,team2,Exort The Proving Grounds Season 1,0
hltv_match_2383098,2025-06-11 07:00:00+00:00,Nexus,Rebels,,,team1,Galaxy Battle 2025 Phase 3,0
hltv_match_2383026,2025-06-11 07:00:00+00:00,Partizan,Monte,,,team2,CCT Season 3 Europe Series 3,0
hltv_match_2382996,2025-06-11 09:05:00+00:00,ECLOT,RUBY,,,team2,Exort The Proving Grounds Season 1,0
hltv_match_2383028,2025-06-11 13:00:00+00:00,Nexus,RUBY,,,team2,CCT Season 3 Europe Series 3,0
hltv_match_2383088,2025-06-11 21:10:00+00:00,BOSS,Akimbo,,,team1,Dust2.us Eagle Masters Series 2,0
hltv_match_2383053,2025-06-12 03:00:00+00:00,9INE,Partizan,,,team2,Exort The Proving Grounds Season 1,0
hltv_match_2383054,2025-06-12 06:10:00+00:00,Sashi,Nexus,,,team1,Exort The Proving Grounds Season 1,0
hltv_match_2383102,2025-06-12 07:00:00+00:00,TPuDCATb TPu,FAVBET,,,team2,Galaxy Battle 2025 Phase 3,0
hltv_match_2383082,2025-06-12 10:00:00+00:00,Nexus,FAVBET,,,team2,CCT Season 3 Europe Series 3,0
hltv_match_2382432,2025-06-12 11:00:00+00:00,Vitality,Legacy,,,team2,BLAST.tv Austin Major 2025,0
hltv_match_2382433,2025-06-12 11:00:00+00:00,MOUZ,Virtus.pro,,,team2,BLAST.tv Austin Major 2025,0
hltv_match_2382434,2025-06-12 11:55:00+00:00,Spirit,paiN,,,team1,BLAST.tv Austin Major 2025,0
hltv_match_2383113,2025-06-12 12:00:00+00:00,Betera,Insilio,,,team2,ESEA Advanced Season 53 Europe,0
hltv_match_2382435,2025-06-12 12:10:00+00:00,G2,3DMAX,,,team2,BLAST.tv Austin Major 2025,0
hltv_match_2382437,2025-06-12 12:45:00+00:00,Aurora,FaZe,,,team1,BLAST.tv Austin Major 2025,0
hltv_match_2382436,2025-06-12 13:00:00+00:00,The MongolZ,FURIA,,,team2,BLAST.tv Austin Major 2025,0
hltv_match_2382438,2025-06-12 13:45:00+00:00,Natus Vincere,Nemiga,,,team1,BLAST.tv Austin Major 2025,0
hltv_match_2382439,2025-06-12 14:05:00+00:00,Liquid,Lynn Vision,,,team2,BLAST.tv Austin Major 2025,0
hltv_match_2382589,2025-06-12 15:35:00+00:00,Aurora,FURIA,,,team2,BLAST.tv Austin Major 2025,0
hltv_match_2382588,2025-06-12 15:35:00+00:00,Virtus.pro,Legacy,,,team1,BLAST.tv Austin Major 2025,0
hltv_match_2382591,2025-06-12 16:35:00+00:00,3DMAX,Natus Vincere,,,team2,BLAST.tv Austin Major 2025,0
hltv_match_2382590,2025-06-12 16:40:00+00:00,Spirit,Lynn Vision,,,team1,BLAST.tv Austin Major 2025,0
hltv_match_2382592,2025-06-12 17:35:00+00:00,MOUZ,FaZe,,,team2,BLAST.tv Austin Major 2025,0
hltv_match_2382593,2025-06-12 18:00:00+00:00,Vitality,Nemiga,,,team1,BLAST.tv Austin Major 2025,0
hltv_match_2382594,2025-06-12 18:40:00+00:00,The MongolZ,Liquid,,,team1,BLAST.tv Austin Major 2025,0
hltv_match_2382595,2025-06-12 18:50:00+00:00,G2,paiN,,,team1,BLAST.tv Austin Major 2025,0
hltv_match_2383084,2025-06-13 04:00:00+00:00,ECLOT,Zero Tenacity,,,team1,CCT Season 3 Europe Series 3,0
hltv_match_2383057,2025-06-13 06:40:00+00:00,Fire Flux,RUBY,,,team2,Exort The Proving Grounds Season 1,0
hltv_match_2383106,2025-06-13 07:00:00+00:00,Nexus,Leo,,,team1,Galaxy Battle 2025 Phase 3,0
hltv_match_2383058,2025-06-13 09:00:00+00:00,PARIVISION,Zero Tenacity,,,team2,Exort The Proving Grounds Season 1,0
hltv_match_2383107,2025-06-13 10:00:00+00:00,UNiTY,CPH Wolves,,,team2,Galaxy Battle 2025 Phase 3,0
hltv_match_2383086,2025-06-13 10:15:00+00:00,GUN5,RUBY,,,team1,CCT Season 3 Europe Series 3,0
hltv_match_2382596,2025-06-13 11:00:00+00:00,3DMAX,Vitality,,,team2,BLAST.tv Austin Major 2025,0
hltv_match_2382597,2025-06-13 11:00:00+00:00,Legacy,FaZe,,,team2,BLAST.tv Austin Major 2025,0
hltv_match_2382598,2025-06-13 11:45:00+00:00,Aurora,G2,,,team2,BLAST.tv Austin Major 2025,0
hltv_match_2382599,2025-06-13 12:00:00+00:00,The MongolZ,Lynn Vision,,,team1,BLAST.tv Austin Major 2025,0
hltv_match_2382600,2025-06-13 12:35:00+00:00,Spirit,Natus Vincere,,,team1,BLAST.tv Austin Major 2025,0
hltv_match_2383056,2025-06-13 12:45:00+00:00,SINNERS,ECLOT,,,team2,Exort The Proving Grounds Season 1,0
hltv_match_2382601,2025-06-13 12:55:00+00:00,FURIA,Virtus.pro,,,team1,BLAST.tv Austin Major 2025,0
hltv_match_2383114,2025-06-13 13:00:00+00:00,Zero Tenacity,Insilio,,,team2,ESEA Advanced Season 53 Europe,0
hltv_match_2383108,2025-06-13 13:30:00+00:00,ENCE Academy,FAVBET,,,team2,Galaxy Battle 2025 Phase 3,0
hltv_match_2383192,2025-06-13 14:30:00+00:00,Tricked,Alliance,,,team2,Glitched Masters 2025,0
hltv_match_2383187,2025-06-13 14:30:00+00:00,Ninjas in Pyjamas,Phantom,,,team1,Glitched Masters 2025,0
hltv_match_2383194,2025-06-13 14:30:00+00:00,ECSTATIC,EYEBALLERS,,,team1,Glitched Masters 2025,0
hltv_match_2383188,2025-06-13 14:30:00+00:00,Johnny Speeds,Metizport,,,team2,Glitched Masters 2025,0
hltv_match_2383190,2025-06-13 14:30:00+00:00,Passion UA,Sangal,,,team1,Glitched Masters 2025,0
hltv_match_2383193,2025-06-13 14:30:00+00:00,9INE,Sashi,,,team1,Glitched Masters 2025,0
hltv_match_2382602,2025-06-13 14:40:00+00:00,MOUZ,Liquid,,,team1,BLAST.tv Austin Major 2025,0
hltv_match_2382603,2025-06-13 14:40:00+00:00,paiN,Nemiga,,,team1,BLAST.tv Austin Major 2025,0
hltv_match_2383120,2025-06-13 21:15:00+00:00,Aether,Akimbo,,,team2,Dust2.us Eagle Masters Series 2,0
hltv_match_2383199,2025-06-14 04:00:00+00:00,Phantom,Johnny Speeds,,,team2,Glitched Masters 2025,0
hltv_match_2383195,2025-06-14 04:00:00+00:00,Ninjas in Pyjamas,Metizport,,,team1,Glitched Masters 2025,0
hltv_match_2383202,2025-06-14 04:00:00+00:00,EYEBALLERS,Sashi,,,team2,Glitched Masters 2025,0
hltv_match_2383196,2025-06-14 04:00:00+00:00,fnatic,Passion UA,,,team1,Glitched Masters 2025,0
hltv_match_2383198,2025-06-14 04:00:00+00:00,ECSTATIC,9INE,,,team2,Glitched Masters 2025,0
hltv_match_2383110,2025-06-14 07:00:00+00:00,RUBY,Rebels,,,team2,Galaxy Battle 2025 Phase 3,0
hltv_match_2383157,2025-06-14 10:00:00+00:00,RUBY,AMKAL,,,team2,CCT Season 3 Europe Series 3,0
hltv_match_2382605,2025-06-14 11:00:00+00:00,3DMAX,paiN,,,team2,BLAST.tv Austin Major 2025,0
hltv_match_2382604,2025-06-14 11:00:00+00:00,Legacy,Lynn Vision,,,team1,BLAST.tv Austin Major 2025,0
hltv_match_2383245,2025-06-14 11:30:00+00:00,ECSTATIC,Johnny Speeds,,,team1,Glitched Masters 2025,0
hltv_match_2383244,2025-06-14 11:30:00+00:00,Alliance,9INE,,,team2,Glitched Masters 2025,0
hltv_match_2383243,2025-06-14 11:55:00+00:00,fnatic,Ninjas in Pyjamas,,,team1,Glitched Masters 2025,0
hltv_match_2383248,2025-06-14 11:55:00+00:00,Sashi,Metizport,,,team1,Glitched Masters 2025,0
hltv_match_2382607,2025-06-14 13:25:00+00:00,Aurora,MOUZ,,,team2,BLAST.tv Austin Major 2025,0
hltv_match_2382606,2025-06-14 13:30:00+00:00,The MongolZ,FaZe,,,team2,BLAST.tv Austin Major 2025,0
hltv_match_2383250,2025-06-14 14:45:00+00:00,Passion UA,Sashi,,,team1,Glitched Masters 2025,0
hltv_match_2382609,2025-06-14 15:25:00+00:00,Natus Vincere,G2,,,team1,BLAST.tv Austin Major 2025,0
hltv_match_2382878,2025-06-14 16:15:00+00:00,RED Canids,Sharks,,,team2,Odyssey Cup Brazil 2025 Finals,0
hltv_match_2382608,2025-06-14 16:45:00+00:00,Virtus.pro,Vitality,,,team2,BLAST.tv Austin Major 2025,0
hltv_match_2383174,2025-06-14 18:55:00+00:00,ShindeN,Yawara,,,team1,CCT Season 3 South America Series 1,0
hltv_match_2383253,2025-06-15 04:00:00+00:00,Alliance,Passion UA,,,team2,Glitched Masters 2025,0
hltv_match_2383252,2025-06-15 04:00:00+00:00,Ninjas in Pyjamas,ECSTATIC,,,team2,Glitched Masters 2025,0
hltv_match_2383163,2025-06-15 04:00:00+00:00,ENCE Academy,Leo,,,team2,Galaxy Battle 2025 Phase 3,0
hltv_match_2383251,2025-06-15 04:00:00+00:00,9INE,fnatic,,,team2,Glitched Masters 2025,0
hltv_match_2383160,2025-06-15 07:00:00+00:00,Partizan,FAVBET,,,team1,CCT Season 3 Europe Series 3,0
hltv_match_2383254,2025-06-15 07:40:00+00:00,ECSTATIC,Passion UA,,,team2,Glitched Masters 2025,0
hltv_match_2383164,2025-06-15 08:00:00+00:00,UNiTY,NOVAQ,,,team2,Galaxy Battle 2025 Phase 3,0
hltv_match_2383175,2025-06-15 10:00:00+00:00,LP,KRÜ,,,team2,CCT Season 3 South America Series 1,0
hltv_match_2383165,2025-06-15 10:15:00+00:00,TPuDCATb TPu,Rebels,,,team2,Galaxy Battle 2025 Phase 3,0
hltv_match_2383255,2025-06-15 10:50:00+00:00,9INE,Passion UA,,,team2,Glitched Masters 2025,0
hltv_match_2383161,2025-06-15 10:55:00+00:00,GUN5,ECLOT,,,team1,CCT Season 3 Europe Series 3,0
hltv_match_2382610,2025-06-15 11:00:00+00:00,Legacy,MOUZ,,,team2,BLAST.tv Austin Major 2025,0
hltv_match_2383115,2025-06-15 13:45:00+00:00,TPuDCATb TPu,Insilio,,,team1,ESEA Advanced Season 53 Europe,0
hltv_match_2382611,2025-06-15 14:15:00+00:00,The MongolZ,G2,,,team1,BLAST.tv Austin Major 2025,0
hltv_match_2383256,2025-06-15 14:50:00+00:00,fnatic,Passion UA,,,team2,Glitched Masters 2025,0
hltv_match_2382612,2025-06-15 17:45:00+00:00,Virtus.pro,paiN,,,team2,BLAST.tv Austin Major 2025,0
hltv_match_2383178,2025-06-15 18:00:00+00:00,Players,MIBR Academy,,,team2,CCT Season 3 South America Series 1,0
hltv_match_2383133,2025-06-16 03:00:00+00:00,CYBERSHOKE,Sashi,,,team1,Exort The Proving Grounds Season 1,0
hltv_match_2383167,2025-06-16 04:00:00+00:00,Nexus,FAVBET,,,team1,Galaxy Battle 2025 Phase 3,0
hltv_match_2383134,2025-06-16 06:00:00+00:00,PARIVISION,ECLOT,,,team1,Exort The Proving Grounds Season 1,0
hltv_match_2383135,2025-06-16 09:35:00+00:00,Nexus,GUN5,,,team1,Exort The Proving Grounds Season 1,0
hltv_match_2383127,2025-06-16 11:00:00+00:00,Bushido Wildcats,Fire Flux,,,team2,BtcTurk GameFest 2025,0
hltv_match_2383126,2025-06-16 11:00:00+00:00,Eternal Fire,Sangal Academy,,,team1,BtcTurk GameFest 2025,0
hltv_match_2383180,2025-06-16 12:00:00+00:00,Dusty Roots,LP,,,team2,CCT Season 3 South America Series 1,0
hltv_match_2383136,2025-06-16 12:40:00+00:00,9INE,Zero Tenacity,,,team2,Exort The Proving Grounds Season 1,0
hltv_match_2383208,2025-06-16 21:15:00+00:00,Ghost,Wanted Goons,,,team2,Dust2.us Eagle Masters Series 2,0
hltv_match_2383257,2025-06-17 07:00:00+00:00,Rebels,CPH Wolves,,,team1,Galaxy Battle 2025 Phase 3,0
hltv_match_2383222,2025-06-17 07:00:00+00:00,ECLOT,Monte,,,team2,CCT Season 3 Europe Series 3,0
hltv_match_2383139,2025-06-17 09:00:00+00:00,Sashi,PARIVISION,,,team2,Exort The Proving Grounds Season 1,0
hltv_match_2383258,2025-06-17 10:00:00+00:00,Leo,NOVAQ,,,team1,Galaxy Battle 2025 Phase 3,0
hltv_match_2383223,2025-06-17 10:00:00+00:00,Partizan,AMKAL,,,team2,CCT Season 3 Europe Series 3,0
hltv_match_2383128,2025-06-17 11:00:00+00:00,Bushido Wildcats,Sangal Academy,,,team1,BtcTurk GameFest 2025,0
hltv_match_2383184,2025-06-17 12:00:00+00:00,JERSA,Bounty Hunters,,,team2,CCT Season 3 South America Series 1,0
hltv_match_2383129,2025-06-17 13:10:00+00:00,Fire Flux,Eternal Fire,,,team2,BtcTurk GameFest 2025,0
hltv_match_2383224,2025-06-17 13:45:00+00:00,CYBERSHOKE,Zero Tenacity,,,team1,CCT Season 3 Europe Series 3,0
hltv_match_2383185,2025-06-17 15:00:00+00:00,ShindeN,KRÜ,,,team2,CCT Season 3 South America Series 1,0
hltv_match_2383141,2025-06-18 06:00:00+00:00,OG,RUBY,,,team1,Exort The Proving Grounds Season 1,0
hltv_match_2383225,2025-06-18 07:00:00+00:00,Partizan,Zero Tenacity,,,team2,CCT Season 3 Europe Series 3,0
hltv_match_2383143,2025-06-18 12:00:00+00:00,BC.Game,Partizan,,,team1,Exort The Proving Grounds Season 1,0
hltv_match_2383227,2025-06-18 13:00:00+00:00,ECLOT,FAVBET,,,team1,CCT Season 3 Europe Series 3,0
hltv_match_2383269,2025-06-18 18:45:00+00:00,GameHunters,MIBR Academy,,,team1,CCT Season 3 South America Series 1,0
hltv_match_2383144,2025-06-19 03:00:00+00:00,Betclic,CYBERSHOKE,,,team1,Exort The Proving Grounds Season 1,0
hltv_match_2383145,2025-06-19 06:00:00+00:00,fnatic,Zero Tenacity,,,team1,Exort The Proving Grounds Season 1,0
hltv_match_2383270,2025-06-19 09:00:00+00:00,ShindeN,LP,,,team1,CCT Season 3 South America Series 1,0
hltv_match_2383146,2025-06-19 09:20:00+00:00,BIG,PARIVISION,,,team1,Exort The Proving Grounds Season 1,0
hltv_match_2383230,2025-06-19 10:00:00+00:00,Ninjas in Pyjamas,CYBERSHOKE,,,team1,CCT Season 3 Europe Series 3,0
hltv_match_2383264,2025-06-19 10:25:00+00:00,FAVBET,UNiTY,,,team1,Galaxy Battle 2025 Phase 3,0
hltv_match_2383265,2025-06-19 13:00:00+00:00,CPH Wolves,ENCE Academy,,,team1,Galaxy Battle 2025 Phase 3,0
hltv_match_2383271,2025-06-19 13:00:00+00:00,JERSA,Yawara,,,team2,CCT Season 3 South America Series 1,0
hltv_match_2382614,2025-06-19 15:05:00+00:00,Spirit,MOUZ,,,team2,BLAST.tv Austin Major 2025,0
hltv_match_2382613,2025-06-19 20:20:00+00:00,FURIA,paiN,,,team2,BLAST.tv Austin Major 2025,0
hltv_match_2383232,2025-06-20 04:00:00+00:00,Betclic,ECLOT,,,team2,CCT Season 3 Europe Series 3,0
hltv_match_2383275,2025-06-20 07:00:00+00:00,9INE,Rebels,,,team2,Galaxy Battle 2025 Phase 3,0
hltv_match_2383344,2025-06-20 07:30:00+00:00,ESC,Prestige,,,team1,European Pro League 2nd Division Season 23,0
hltv_match_2383233,2025-06-20 07:35:00+00:00,Passion UA,GUN5,,,team2,CCT Season 3 Europe Series 3,0
hltv_match_2383149,2025-06-20 09:10:00+00:00,fnatic,OG,,,team1,Exort The Proving Grounds Season 1,0
hltv_match_2383234,2025-06-20 10:00:00+00:00,500,AMKAL,,,team1,CCT Season 3 Europe Series 3,0
hltv_match_2383276,2025-06-20 10:00:00+00:00,Betclic,CPH Wolves,,,team2,Galaxy Battle 2025 Phase 3,0
hltv_match_2383289,2025-06-20 11:00:00+00:00,JERSA,LP,,,team2,CCT Season 3 South America Series 1,0
hltv_match_2383130,2025-06-20 11:00:00+00:00,Bushido Wildcats,Fire Flux,,,team1,BtcTurk GameFest 2025,0
hltv_match_2383235,2025-06-20 13:00:00+00:00,BIG,Zero Tenacity,,,team1,CCT Season 3 Europe Series 3,0
hltv_match_2382616,2025-06-20 14:10:00+00:00,Natus Vincere,Vitality,,,team2,BLAST.tv Austin Major 2025,0
hltv_match_2382615,2025-06-20 17:15:00+00:00,FaZe,The MongolZ,,,team2,BLAST.tv Austin Major 2025,0
hltv_match_2383236,2025-06-21 04:00:00+00:00,ECLOT,500,,,team2,CCT Season 3 Europe Series 3,0
hltv_match_2383151,2025-06-21 06:00:00+00:00,BIG,BC.Game,,,team2,Exort The Proving Grounds Season 1,0
hltv_match_2383346,2025-06-21 06:30:00+00:00,GenOne,XI,,,team2,European Pro League 2nd Division Season 23,0
hltv_match_2383280,2025-06-21 10:30:00+00:00,GUN5,Nexus,,,team2,Galaxy Battle 2025 Phase 3,0
hltv_match_2383292,2025-06-21 11:00:00+00:00,ShindeN,Bounty Hunters,,,team2,CCT Season 3 South America Series 1,0
hltv_match_2383239,2025-06-21 13:45:00+00:00,BIG,GUN5,,,team1,CCT Season 3 Europe Series 3,0
hltv_match_2383293,2025-06-21 14:00:00+00:00,Players,GameHunters,,,team2,CCT Season 3 South America Series 1,0
hltv_match_2382618,2025-06-21 14:00:00+00:00,MOUZ,Vitality,,,team2,BLAST.tv Austin Major 2025,0
hltv_match_2382617,2025-06-21 17:50:00+00:00,paiN,The MongolZ,,,team2,BLAST.tv Austin Major 2025,0
hltv_match_2383152,2025-06-22 03:00:00+00:00,Ninjas in Pyjamas,fnatic,,,team2,Exort The Proving Grounds Season 1,0
hltv_match_2383348,2025-06-22 05:30:00+00:00,Nexus,ALGO,,,team1,Exort Series 12,0
hltv_match_2383240,2025-06-22 06:00:00+00:00,BIG,Ninjas in Pyjamas,,,team2,CCT Season 3 Europe Series 3,0
hltv_match_2383283,2025-06-22 07:00:00+00:00,Rebels,PARIVISION,,,team2,Galaxy Battle 2025 Phase 3,0
hltv_match_2383349,2025-06-22 08:30:00+00:00,SPARTA,K27,,,team2,Exort Series 12,0
hltv_match_2383295,2025-06-22 11:00:00+00:00,Dusty Roots,Yawara,,,team1,CCT Season 3 South America Series 1,0
hltv_match_2383350,2025-06-22 11:30:00+00:00,TPuDCATb TPu,RUSTEC,,,team2,Exort Series 12,0
hltv_match_2382619,2025-06-22 15:30:00+00:00,Vitality,The MongolZ,,,team1,BLAST.tv Austin Major 2025,0
hltv_match_2383351,2025-06-22 15:55:00+00:00,FORZE Reload,Eternal Fire,,,team2,Exort Series 12,0
hltv_match_2383297,2025-06-22 17:00:00+00:00,Players,LP,,,team2,CCT Season 3 South America Series 1,0
hltv_match_2383327,2025-06-23 04:00:00+00:00,Rebels,GenOne,,,team2,United21 League Season 33,0
hltv_match_2382828,2025-06-23 07:00:00+00:00,AMKAL,UNiTY,,,team1,Winline Insight Season 7,0
hltv_match_2383352,2025-06-23 08:30:00+00:00,Nexus,K27,,,team1,Exort Series 12,0
hltv_match_2383298,2025-06-23 09:00:00+00:00,RED Canids,GameHunters,,,team1,CCT Season 3 South America Series 1,0
hltv_match_2382829,2025-06-23 10:00:00+00:00,Fire Flux,Hesta,,,team1,Winline Insight Season 7,0
hltv_match_2383286,2025-06-23 10:00:00+00:00,CPH Wolves,PARIVISION,,,team1,Galaxy Battle 2025 Phase 3,0
hltv_match_2383353,2025-06-23 11:30:00+00:00,RUSTEC,Eternal Fire,,,team2,Exort Series 12,0
hltv_match_2383299,2025-06-23 12:00:00+00:00,Keyd Stars,KRÜ,,,team2,CCT Season 3 South America Series 1,0
hltv_match_2383300,2025-06-23 15:10:00+00:00,9z,Dusty Roots,,,team1,CCT Season 3 South America Series 1,0
hltv_match_2383354,2025-06-23 16:00:00+00:00,Nexus,Eternal Fire,,,team1,Exort Series 12,0
hltv_match_2383338,2025-06-24 06:30:00+00:00,Prestige,XI,,,team1,European Pro League 2nd Division Season 23,0
hltv_match_2383303,2025-06-24 13:00:00+00:00,ODDIK,Bounty Hunters,,,team2,CCT Season 3 South America Series 1,0
hltv_match_2383304,2025-06-24 15:20:00+00:00,BESTIA,ShindeN,,,team1,CCT Season 3 South America Series 1,0
hltv_match_2383305,2025-06-24 18:50:00+00:00,Sharks,LP,,,team2,CCT Season 3 South America Series 1,0
hltv_match_2383339,2025-06-25 04:00:00+00:00,Prestige,GenOne,,,team2,European Pro League 2nd Division Season 23,0
hltv_match_2382831,2025-06-25 06:30:00+00:00,GUN5,ESC,,,team2,Winline Insight Season 7,0
hltv_match_2383308,2025-06-25 15:30:00+00:00,9z,KRÜ,,,team2,CCT Season 3 South America Series 1,0
hltv_match_2383309,2025-06-25 18:55:00+00:00,Bounty Hunters,RED Canids,,,team2,CCT Season 3 South America Series 1,0
hltv_match_2383341,2025-06-26 06:30:00+00:00,GenOne,ESC,,,team2,European Pro League 2nd Division Season 23,0
hltv_match_2382834,2025-06-26 07:00:00+00:00,NOVAQ,CPH Wolves,,,team1,Winline Insight Season 7,0
hltv_match_2383317,2025-06-26 09:00:00+00:00,Johnny Speeds,Lilmix,,,team1,Svenska Elitserien Spring 2025 Finals,0
hltv_match_2382835,2025-06-26 10:00:00+00:00,RUBY,EYEBALLERS,,,team2,Winline Insight Season 7,0
hltv_match_2383311,2025-06-26 14:50:00+00:00,BESTIA,KRÜ,,,team1,CCT Season 3 South America Series 1,0
hltv_match_2383382,2025-06-26 18:00:00+00:00,LP,MIBR Academy,,,team2,Liga Gamers Club 2025 Serie A June Cup,0
hltv_match_2383363,2025-06-27 10:30:00+00:00,Eternal Fire,Bushido Wildcats,,,team2,BtcTurk GameFest 2025 Finals,0
hltv_match_2383364,2025-06-27 11:00:00+00:00,9z,GameHunters,,,team1,Thunderpick World Championship 2025 South America Series 1,0
hltv_match_2382847,2025-06-28 08:10:00+00:00,BIG,Bärendienst,,,team1,DACH Masters Season 3 Finals,0
hltv_match_2383369,2025-06-28 14:00:00+00:00,GameHunters,Keyd Stars,,,team2,Thunderpick World Championship 2025 South America Series 1,0
hltv_match_2383216,2025-06-28 20:45:00+00:00,Akimbo,BOSS,,,team2,Dust2.us Eagle Masters Series 2,0
hltv_match_2383412,2025-06-29 13:30:00+00:00,XI,GenOne,,,team2,Urban Contenders Season 6,0
hltv_match_2383367,2025-06-29 14:00:00+00:00,RED Canids,Bounty Hunters,,,team1,Thunderpick World Championship 2025 South America Series 1,0
hltv_match_2383385,2025-06-30 04:00:00+00:00,Prestige,GenOne,,,team1,European Pro League Season 26,0
hltv_match_2383355,2025-06-30 07:00:00+00:00,GUN5,Hesta,,,team1,Winline Insight Season 7,0
hltv_match_2383356,2025-06-30 10:00:00+00:00,TPuDCATb TPu,FORZE Reload,,,team2,Winline Insight Season 7,0
hltv_match_2383387,2025-07-01 04:00:00+00:00,1win,WOPA,,,team2,European Pro League Season 26,0
hltv_match_2383374,2025-07-01 09:00:00+00:00,ODDIK,RED Canids,,,team1,Thunderpick World Championship 2025 South America Series 1,0
hltv_match_2383375,2025-07-01 12:00:00+00:00,Imperial,Bounty Hunters,,,team1,Thunderpick World Championship 2025 South America Series 1,0
hltv_match_2383376,2025-07-01 15:30:00+00:00,BESTIA,9z,,,team1,Thunderpick World Championship 2025 South America Series 1,0
hltv_match_2383390,2025-07-02 06:30:00+00:00,CPH Wolves,Alliance,,,team2,European Pro League Season 26,0
hltv_match_2383359,2025-07-02 07:00:00+00:00,NOVAQ,EYEBALLERS,,,team2,Winline Insight Season 7,0
hltv_match_2383402,2025-07-02 10:00:00+00:00,Fire Flux,FORZE Reload,,,team1,Exort The Proving Grounds Season 2,0
hltv_match_2383378,2025-07-02 11:00:00+00:00,Imperial,BESTIA,,,team1,Thunderpick World Championship 2025 South America Series 1,0
hltv_match_2383403,2025-07-02 13:00:00+00:00,AMKAL,EYEBALLERS,,,team2,Exort The Proving Grounds Season 2,0
hltv_match_2383380,2025-07-02 17:00:00+00:00,Imperial,ODDIK,,,team1,Thunderpick World Championship 2025 South America Series 1,0
hltv_match_2383391,2025-07-03 04:00:00+00:00,MANA,fish123,,,team2,European Pro League Season 26,0
hltv_match_2383392,2025-07-03 06:30:00+00:00,FORZE Reload,BIG Academy,,,team1,European Pro League Season 26,0
hltv_match_2383405,2025-07-03 07:35:00+00:00,NOVAQ,EYEBALLERS,,,team2,Exort The Proving Grounds Season 2,0
hltv_match_2383362,2025-07-03 10:00:00+00:00,Fire Flux,ESC,,,team2,Winline Insight Season 7,0
hltv_match_2383407,2025-07-03 13:00:00+00:00,Wildcard Academy,Fire Flux,,,team1,Exort The Proving Grounds Season 2,0
hltv_match_2383437,2025-07-04 04:00:00+00:00,GenOne,AaB,,,team2,European Pro League Season 26,0
hltv_match_2383463,2025-07-05 04:00:00+00:00,TPuDCATb TPu,Wildcard Academy,,,team1,Exort The Proving Grounds Season 2,0
hltv_match_2383440,2025-07-05 04:00:00+00:00,1win,BRUTE,,,team1,European Pro League Season 26,0
hltv_match_2383499,2025-07-05 05:30:00+00:00,Rare Atom,XDM,,,team1,GangKui Cup Season 1,0
hltv_match_2383443,2025-07-06 06:30:00+00:00,CPH Wolves,XI,,,team1,European Pro League Season 26,0
hltv_match_2383469,2025-07-06 10:00:00+00:00,Fire Flux,AMKAL,,,team2,Exort The Proving Grounds Season 2,0
hltv_match_2383516,2025-07-07 03:00:00+00:00,Mindfreak,DXA,,,team1,CCT Season 3 Oceania Series 1,0
hltv_match_2383447,2025-07-07 04:00:00+00:00,fish123,FORZE Reload,,,team1,European Pro League Season 26,0
hltv_match_2383517,2025-07-07 06:00:00+00:00,LE-LUX,Animus Victoria,,,team2,CCT Season 3 Oceania Series 1,0
hltv_match_2383520,2025-07-07 07:00:00+00:00,FORZE Reload,AMKAL,,,team1,Exort The Proving Grounds Season 2,0
hltv_match_2383413,2025-07-07 07:00:00+00:00,RUBY,Alliance,,,team2,Winline Insight Season 7,0
hltv_match_2383446,2025-07-07 10:00:00+00:00,MANA,BIG Academy,,,team2,European Pro League Season 26,0
hltv_match_2383414,2025-07-07 11:10:00+00:00,FORZE Reload,EYEBALLERS,,,team1,Winline Insight Season 7,0
hltv_match_2383448,2025-07-08 06:30:00+00:00,FORZE Reload,BIG Academy,,,team2,European Pro League Season 26,0
hltv_match_2383415,2025-07-08 07:00:00+00:00,TPuDCATb TPu,NOVAQ,,,team1,Winline Insight Season 7,0
hltv_match_2383611,2025-07-08 08:30:00+00:00,MASONIC,AaB,,,team1,United21 League Season 34,0
hltv_match_2383583,2025-07-08 12:30:00+00:00,Sharks,Crashers,,,team1,Circuito FERJEE de Esports 2025,0
hltv_match_2383626,2025-07-08 16:50:00+00:00,Sharks,Keyd Stars,,,team1,Circuito FERJEE de Esports 2025,0
hltv_match_2383548,2025-07-08 17:00:00+00:00,RED Canids,BESTIA,,,team1,Thunderpick World Championship 2025 South America Series 2,0
hltv_match_2383561,2025-07-09 03:00:00+00:00,Mindfreak,Animus Victoria,,,team2,CCT Season 3 Oceania Series 1,0
hltv_match_2383613,2025-07-09 04:00:00+00:00,fish123,WOPA,,,team1,United21 League Season 34,0
hltv_match_2383564,2025-07-09 06:30:00+00:00,FURY,Underground,,,team1,CCT Season 3 Oceania Series 1,0
hltv_match_2383417,2025-07-09 07:00:00+00:00,GUN5,MANA,,,team1,Winline Insight Season 7,0
hltv_match_2383612,2025-07-09 07:00:00+00:00,ESC,BASEMENT BOYS,,,team1,United21 League Season 34,0
hltv_match_2383442,2025-07-09 07:00:00+00:00,1win,WOPA,,,team2,European Pro League Season 26,0
hltv_match_2383585,2025-07-09 10:00:00+00:00,ODDIK,LP,,,team1,Circuito FERJEE de Esports 2025,0
hltv_match_2383586,2025-07-09 10:00:00+00:00,FURIA fe,Players,,,team2,Circuito FERJEE de Esports 2025,0
hltv_match_2383649,2025-07-09 12:00:00+00:00,AaB,BASEMENT BOYS,,,team1,ESL Pro League Season 22 Europe Open Qualifier,0
hltv_match_2383646,2025-07-09 12:00:00+00:00,Zero Tenacity,Nuclear TigeRES,,,team2,ESL Pro League Season 22 Europe Open Qualifier,0
hltv_match_2383648,2025-07-09 12:00:00+00:00,GUN5,Hesta,,,team2,ESL Pro League Season 22 Europe Open Qualifier,0
hltv_match_2383642,2025-07-09 12:00:00+00:00,Partizan,ESC,,,team2,ESL Pro League Season 22 Europe Open Qualifier,0
hltv_match_2383645,2025-07-09 12:00:00+00:00,CSDE,WATERMELON,,,team2,ESL Pro League Season 22 Europe Open Qualifier,0
hltv_match_2383650,2025-07-09 13:00:00+00:00,ESC,Betera,,,team1,ESL Pro League Season 22 Europe Open Qualifier,0
hltv_match_2383653,2025-07-09 13:15:00+00:00,Hesta,AaB,,,team1,ESL Pro League Season 22 Europe Open Qualifier,0
hltv_match_2383631,2025-07-09 13:15:00+00:00,LP,FURIA fe,,,team1,Circuito FERJEE de Esports 2025,0
hltv_match_2383630,2025-07-09 13:15:00+00:00,ODDIK,Players,,,team1,Circuito FERJEE de Esports 2025,0
hltv_match_2383652,2025-07-09 13:15:00+00:00,Nuclear TigeRES,1win,,,team2,ESL Pro League Season 22 Europe Open Qualifier,0
hltv_match_2383656,2025-07-09 17:10:00+00:00,Dusty Roots,BURN,,,team1,ESL Pro League Season 22 South America Open Qualifier,0
hltv_match_2383655,2025-07-09 17:10:00+00:00,Galorys,R2,,,team1,ESL Pro League Season 22 South America Open Qualifier,0
hltv_match_2383449,2025-07-10 04:00:00+00:00,Prestige,BIG Academy,,,team2,European Pro League Season 26,0
hltv_match_2383615,2025-07-10 06:30:00+00:00,WOPA,BASEMENT BOYS,,,team1,United21 League Season 34,0
hltv_match_2383530,2025-07-10 07:00:00+00:00,GUN5,TPuDCATb TPu,,,team1,Exort The Proving Grounds Season 2,0
hltv_match_2383420,2025-07-10 10:00:00+00:00,Fire Flux,AMKAL,,,team2,Winline Insight Season 7,0
hltv_match_2383587,2025-07-10 11:00:00+00:00,RED Canids,GameHunters,,,team1,Circuito FERJEE de Esports 2025,0
hltv_match_2383532,2025-07-10 13:15:00+00:00,Passion UA,FORZE Reload,,,team1,Exort The Proving Grounds Season 2,0
hltv_match_2383547,2025-07-10 14:00:00+00:00,9z,Bounty Hunters,,,team1,Thunderpick World Championship 2025 South America Series 2,0
hltv_match_2383668,2025-07-10 23:00:00+00:00,LE-LUX,Change The Game,,,team2,ESL Pro League Season 22 Asia Closed Qualifier,0
hltv_match_2383671,2025-07-11 02:00:00+00:00,Underground,The QUBE,,,team2,ESL Pro League Season 22 Asia Closed Qualifier,0
hltv_match_2383563,2025-07-11 03:00:00+00:00,Mindfreak,DXA,,,team1,CCT Season 3 Oceania Series 1,0
hltv_match_2383616,2025-07-11 04:00:00+00:00,MANA,MASONIC,,,team2,United21 League Season 34,0
hltv_match_2383451,2025-07-11 04:00:00+00:00,Alliance,WOPA,,,team1,European Pro League Season 26,0
hltv_match_2383675,2025-07-11 05:00:00+00:00,SemperFi,Alter Ego,,,team1,ESL Pro League Season 22 Asia Closed Qualifier,0
hltv_match_2383672,2025-07-11 05:00:00+00:00,Chinggis Warriors,Change The Game,,,team1,ESL Pro League Season 22 Asia Closed Qualifier,0
hltv_match_2383617,2025-07-11 06:30:00+00:00,fish123,ESC,,,team2,United21 League Season 34,0
hltv_match_2383679,2025-07-11 09:00:00+00:00,HOTU,The QUBE,,,team1,ESL Pro League Season 22 Asia Closed Qualifier,0
hltv_match_2383677,2025-07-11 09:00:00+00:00,Kaleido,NomadS,,,team2,ESL Pro League Season 22 Asia Closed Qualifier,0
hltv_match_2383624,2025-07-11 10:00:00+00:00,Imperial,Bounty Hunters,,,team1,Circuito FERJEE de Esports 2025,0
hltv_match_2383684,2025-07-11 11:00:00+00:00,Outfit 49,Mythic,,,team1,ESL Pro League Season 22 North America Closed Qualifier,0
hltv_match_2383685,2025-07-11 11:30:00+00:00,Aether,seoul,,,team1,ESL Pro League Season 22 North America Closed Qualifier,0
hltv_match_2383629,2025-07-11 12:40:00+00:00,Sharks,Keyd Stars,,,team1,Circuito FERJEE de Esports 2025,0
hltv_match_2383536,2025-07-11 13:00:00+00:00,Metizport,NOVAQ,,,team1,Exort The Proving Grounds Season 2,0
hltv_match_2383632,2025-07-11 15:15:00+00:00,Players,LP,,,team2,Circuito FERJEE de Esports 2025,0
hltv_match_2383552,2025-07-11 16:00:00+00:00,Keyd Stars,Bounty Hunters,,,team1,Thunderpick World Championship 2025 South America Series 2,0
hltv_match_2383688,2025-07-11 17:00:00+00:00,M80,Outfit 49,,,team1,ESL Pro League Season 22 North America Closed Qualifier,0
hltv_match_2383633,2025-07-11 18:00:00+00:00,ODDIK,LP,,,team1,Circuito FERJEE de Esports 2025,0
hltv_match_2383553,2025-07-11 18:30:00+00:00,9z,Keyd Stars,,,team1,Thunderpick World Championship 2025 South America Series 2,0
hltv_match_2383682,2025-07-12 03:30:00+00:00,SemperFi,FengDa,,,team1,ESL Pro League Season 22 Asia Closed Qualifier,0
hltv_match_2383683,2025-07-12 03:30:00+00:00,IHC,HOTU,,,team2,ESL Pro League Season 22 Asia Closed Qualifier,0
hltv_match_2383618,2025-07-12 04:00:00+00:00,AaB,fish123,,,team2,United21 League Season 34,0
hltv_match_2383568,2025-07-12 06:15:00+00:00,Rooster,Animus Victoria,,,team1,CCT Season 3 Oceania Series 1,0
hltv_match_2383619,2025-07-12 06:30:00+00:00,WOPA,MANA,,,team2,United21 League Season 34,0
hltv_match_2383766,2025-07-12 07:30:00+00:00,SemperFi,HOTU,,,team2,ESL Pro League Season 22 Asia Closed Qualifier,0
hltv_match_2383765,2025-07-12 07:30:00+00:00,Chinggis Warriors,NomadS,,,team1,ESL Pro League Season 22 Asia Closed Qualifier,0
hltv_match_2383768,2025-07-12 07:30:00+00:00,FengDa,IHC,,,team2,ESL Pro League Season 22 Asia Closed Qualifier,0
hltv_match_2383454,2025-07-12 09:00:00+00:00,WOPA,fish123,,,team1,European Pro League Season 26,0
hltv_match_2383554,2025-07-12 09:00:00+00:00,Sharks,RED Canids,,,team2,Thunderpick World Championship 2025 South America Series 2,0
hltv_match_2383555,2025-07-12 12:15:00+00:00,FURIA fe,9z,,,team2,Thunderpick World Championship 2025 South America Series 2,0
hltv_match_2383540,2025-07-12 13:55:00+00:00,Metizport,Passion UA,,,team2,Exort The Proving Grounds Season 2,0
hltv_match_2383557,2025-07-12 18:00:00+00:00,Fluxo,BESTIA,,,team1,Thunderpick World Championship 2025 South America Series 2,0
hltv_match_2383770,2025-07-13 03:30:00+00:00,NomadS,IHC,,,team2,ESL Pro League Season 22 Asia Closed Qualifier,0
hltv_match_2383620,2025-07-13 04:00:00+00:00,MASONIC,ESC,,,team2,United21 League Season 34,0
hltv_match_2383455,2025-07-13 04:00:00+00:00,BIG Academy,CPH Wolves,,,team2,European Pro League Season 26,0
hltv_match_2383621,2025-07-13 06:30:00+00:00,fish123,MANA,,,team1,United21 League Season 34,0
hltv_match_2383541,2025-07-13 07:00:00+00:00,GUN5,PARIVISION,,,team2,Exort The Proving Grounds Season 2,0
hltv_match_2383772,2025-07-13 07:30:00+00:00,SemperFi,IHC,,,team2,ESL Pro League Season 22 Asia Closed Qualifier,0
hltv_match_2383771,2025-07-13 07:30:00+00:00,Chinggis Warriors,HOTU,,,team2,ESL Pro League Season 22 Asia Closed Qualifier,0
hltv_match_2383732,2025-07-13 08:00:00+00:00,9INE,Betera,,,team2,Whale Cup 2025,0
hltv_match_2383558,2025-07-13 11:00:00+00:00,9z,RED Canids,,,team1,Thunderpick World Championship 2025 South America Series 2,0
hltv_match_2383733,2025-07-13 12:30:00+00:00,TPuDCATb TPu,GUN5,,,team2,Whale Cup 2025,0
hltv_match_2383559,2025-07-13 15:00:00+00:00,ODDIK,Fluxo,,,team1,Thunderpick World Championship 2025 South America Series 2,0
hltv_match_2383791,2025-07-13 15:30:00+00:00,BOSS,Marsborne,,,team2,ESL Pro League Season 22 North America Closed Qualifier,0
hltv_match_2383560,2025-07-13 19:00:00+00:00,9z,ODDIK,,,team1,Thunderpick World Championship 2025 South America Series 2,0
hltv_match_2383659,2025-07-14 03:00:00+00:00,Animus Victoria,Mindfreak,,,team1,CCT Season 3 Oceania Series 1,0
hltv_match_2383773,2025-07-14 03:30:00+00:00,Chinggis Warriors,IHC,,,team2,ESL Pro League Season 22 Asia Closed Qualifier,0
hltv_match_2383622,2025-07-14 04:00:00+00:00,MASONIC,fish123,,,team2,United21 League Season 34,0
hltv_match_2383658,2025-07-14 06:00:00+00:00,FURY,SemperFi,,,team2,CCT Season 3 Oceania Series 1,0
hltv_match_2383458,2025-07-14 06:30:00+00:00,WOPA,BIG Academy,,,team1,European Pro League Season 26,0
hltv_match_2383421,2025-07-14 07:00:00+00:00,RUBY,NOVAQ,,,team1,Winline Insight Season 7,0
hltv_match_2383774,2025-07-14 07:50:00+00:00,HOTU,IHC,,,team1,ESL Pro League Season 22 Asia Closed Qualifier,0
hltv_match_2383702,2025-07-14 08:25:00+00:00,Hesta,Alliance,,,team2,ESL Pro League Season 22 Europe Closed Qualifier,0
hltv_match_2383736,2025-07-14 10:30:00+00:00,Betera,GUN5,,,team2,Whale Cup 2025,0
hltv_match_2383704,2025-07-14 11:00:00+00:00,Liquid,Sashi,,,team2,ESL Pro League Season 22 Europe Closed Qualifier,0
hltv_match_2383711,2025-07-14 14:00:00+00:00,fnatic,ESC,,,team1,ESL Pro League Season 22 Europe Closed Qualifier,0
hltv_match_2383709,2025-07-14 14:20:00+00:00,PARIVISION,ENCE,,,team1,ESL Pro League Season 22 Europe Closed Qualifier,0
hltv_match_2383737,2025-07-14 14:30:00+00:00,9INE,TPuDCATb TPu,,,team1,Whale Cup 2025,0
hltv_match_2383710,2025-07-14 14:40:00+00:00,Passion UA,JiJieHao,,,team1,ESL Pro League Season 22 Europe Closed Qualifier,0
hltv_match_2383795,2025-07-14 17:30:00+00:00,Marsborne,M80,,,team2,ESL Pro League Season 22 North America Closed Qualifier,0
hltv_match_2383623,2025-07-15 04:00:00+00:00,ESC,fish123,,,team1,United21 League Season 34,0
hltv_match_2383571,2025-07-15 05:15:00+00:00,GamerLegion,Wildcard,,,team1,FISSURE Playground 1,0
hltv_match_2383573,2025-07-15 05:20:00+00:00,3DMAX,Lynn Vision,,,team2,FISSURE Playground 1,0
hltv_match_2383807,2025-07-15 05:30:00+00:00,Betera,RUSTEC,,,team1,Exort Series 13,0
hltv_match_2383460,2025-07-15 06:30:00+00:00,CPH Wolves,Alliance,,,team2,European Pro League Season 26,0
hltv_match_2383574,2025-07-15 08:00:00+00:00,paiN,Rare Atom,,,team1,FISSURE Playground 1,0
hltv_match_2383808,2025-07-15 08:35:00+00:00,TPuDCATb TPu,K27,,,team1,Exort Series 13,0
hltv_match_2383572,2025-07-15 09:10:00+00:00,SAW,FURIA,,,team1,FISSURE Playground 1,0
hltv_match_2383712,2025-07-15 09:30:00+00:00,fnatic,Sashi,,,team2,ESL Pro League Season 22 Europe Closed Qualifier,0
hltv_match_2383714,2025-07-15 09:30:00+00:00,Nemiga,OG,,,team1,ESL Pro League Season 22 Europe Closed Qualifier,0
hltv_match_2383424,2025-07-15 10:00:00+00:00,AMKAL,Alliance,,,team2,Winline Insight Season 7,0
hltv_match_2383738,2025-07-15 11:00:00+00:00,Betera,9INE,,,team1,Whale Cup 2025,0
hltv_match_2383809,2025-07-15 11:30:00+00:00,SPARTA,BIG Academy,,,team1,Exort Series 13,0
hltv_match_2383575,2025-07-15 12:00:00+00:00,Virtus.pro,TYLOO,,,team2,FISSURE Playground 1,0
hltv_match_2383799,2025-07-15 13:30:00+00:00,fnatic,Passion UA,,,team2,ESL Pro League Season 22 Europe Closed Qualifier,0
hltv_match_2383798,2025-07-15 13:45:00+00:00,PARIVISION,Nemiga,,,team2,ESL Pro League Season 22 Europe Closed Qualifier,0
hltv_match_2383578,2025-07-15 14:35:00+00:00,HEROIC,BIG,,,team2,FISSURE Playground 1,0
hltv_match_2383810,2025-07-15 14:45:00+00:00,Nexus,MINLATE,,,team1,Exort Series 13,0
hltv_match_2383576,2025-07-15 15:30:00+00:00,Astralis,MIBR,,,team1,FISSURE Playground 1,0
hltv_match_2383592,2025-07-16 05:00:00+00:00,3DMAX,Rare Atom,,,team1,FISSURE Playground 1,0
hltv_match_2383589,2025-07-16 05:00:00+00:00,Wildcard,FURIA,,,team2,FISSURE Playground 1,0
hltv_match_2383590,2025-07-16 07:20:00+00:00,GamerLegion,SAW,,,team1,FISSURE Playground 1,0
hltv_match_2383593,2025-07-16 08:05:00+00:00,Lynn Vision,paiN,,,team1,FISSURE Playground 1,0
hltv_match_2383812,2025-07-16 08:30:00+00:00,SPARTA,Nexus,,,team1,Exort Series 13,0
hltv_match_2383801,2025-07-16 09:30:00+00:00,PARIVISION,Passion UA,,,team1,ESL Pro League Season 22 Europe Closed Qualifier,0
hltv_match_2383717,2025-07-16 10:00:00+00:00,Keyd Stars,Galorys,,,team1,ESL Pro League Season 22 South America Closed Qualifier,0
hltv_match_2383716,2025-07-16 10:00:00+00:00,Dusty Roots,ShindeN,,,team1,ESL Pro League Season 22 South America Closed Qualifier,0
hltv_match_2383595,2025-07-16 10:05:00+00:00,Virtus.pro,MIBR,,,team2,FISSURE Playground 1,0
hltv_match_2383426,2025-07-16 10:35:00+00:00,GUN5,EYEBALLERS,,,team1,Winline Insight Season 7,0
hltv_match_2383734,2025-07-16 11:00:00+00:00,Metizport,NIP Impact,,,team1,Whale Cup 2025,0
hltv_match_2383811,2025-07-16 11:30:00+00:00,Betera,TPuDCATb TPu,,,team2,Exort Series 13,0
hltv_match_2383598,2025-07-16 12:05:00+00:00,BetBoom,HEROIC,,,team1,FISSURE Playground 1,0
hltv_match_2383596,2025-07-16 13:00:00+00:00,TYLOO,Astralis,,,team1,FISSURE Playground 1,0
hltv_match_2383804,2025-07-16 14:00:00+00:00,Sashi,PARIVISION,,,team2,ESL Pro League Season 22 Europe Closed Qualifier,0
hltv_match_2383735,2025-07-16 14:00:00+00:00,Partizan,RUBY,,,team2,Whale Cup 2025,0
hltv_match_2383813,2025-07-16 15:30:00+00:00,SPARTA,TPuDCATb TPu,,,team2,Exort Series 13,0
hltv_match_2383720,2025-07-16 16:15:00+00:00,Legacy,Dusty Roots,,,team1,ESL Pro League Season 22 South America Closed Qualifier,0
hltv_match_2383723,2025-07-16 16:45:00+00:00,Sharks,Keyd Stars,,,team1,ESL Pro League Season 22 South America Closed Qualifier,0
hltv_match_2383726,2025-07-16 19:00:00+00:00,9z,Bounty Hunters,,,team1,ESL Pro League Season 22 South America Closed Qualifier,0
hltv_match_2383594,2025-07-17 05:00:00+00:00,3DMAX,paiN,,,team1,FISSURE Playground 1,0
hltv_match_2383427,2025-07-17 07:00:00+00:00,RUBY,Hesta,,,team1,Winline Insight Season 7,0
hltv_match_2383805,2025-07-17 07:30:00+00:00,PARIVISION,Nemiga,,,team1,ESL Pro League Season 22 Europe Closed Qualifier,0
hltv_match_2383591,2025-07-17 08:30:00+00:00,FURIA,SAW,,,team2,FISSURE Playground 1,0
hltv_match_2383428,2025-07-17 10:00:00+00:00,AMKAL,MANA,,,team1,Winline Insight Season 7,0
hltv_match_2383739,2025-07-17 11:00:00+00:00,Metizport,RUBY,,,team2,Whale Cup 2025,0
hltv_match_2383597,2025-07-17 13:25:00+00:00,MIBR,Astralis,,,team2,FISSURE Playground 1,0
hltv_match_2383740,2025-07-17 14:00:00+00:00,NIP Impact,Partizan,,,team2,Whale Cup 2025,0
hltv_match_2383730,2025-07-17 14:30:00+00:00,ODDIK,9z,,,team2,ESL Pro League Season 22 South America Closed Qualifier,0
hltv_match_2383731,2025-07-17 14:30:00+00:00,RED Canids,Imperial,,,team2,ESL Pro League Season 22 South America Closed Qualifier,0
hltv_match_2383600,2025-07-17 16:25:00+00:00,BetBoom,BIG,,,team1,FISSURE Playground 1,0
hltv_match_2383817,2025-07-17 18:30:00+00:00,RED Canids,ODDIK,,,team1,ESL Pro League Season 22 South America Closed Qualifier,0
hltv_match_2383814,2025-07-17 18:30:00+00:00,Sharks,Legacy,,,team2,ESL Pro League Season 22 South America Closed Qualifier,0
hltv_match_2383815,2025-07-17 18:30:00+00:00,Imperial,9z,,,team1,ESL Pro League Season 22 South America Closed Qualifier,0
hltv_match_2383667,2025-07-18 02:00:00+00:00,Rooster,SemperFi,,,team2,CCT Season 3 Oceania Series 1,0
hltv_match_2383601,2025-07-18 04:00:00+00:00,TYLOO,3DMAX,,,team1,FISSURE Playground 1,0
hltv_match_2383741,2025-07-18 11:00:00+00:00,Metizport,Partizan,,,team2,Whale Cup 2025,0
hltv_match_2383603,2025-07-18 11:15:00+00:00,Lynn Vision,Astralis,,,team2,FISSURE Playground 1,0
hltv_match_2383853,2025-07-18 13:45:00+00:00,LAG,Marsborne,,,team2,Fragadelphia 19,0
hltv_match_2383863,2025-07-18 14:00:00+00:00,AaB,Glitchtech,,,team1,Intel epic45,0
hltv_match_2383819,2025-07-18 14:30:00+00:00,Sharks,RED Canids,,,team1,ESL Pro League Season 22 South America Closed Qualifier,0
hltv_match_2383604,2025-07-18 14:30:00+00:00,GamerLegion,BetBoom,,,team2,FISSURE Playground 1,0
hltv_match_2383864,2025-07-18 16:35:00+00:00,NRG,Marsborne,,,team1,Fragadelphia 19,0
hltv_match_2383866,2025-07-18 17:05:00+00:00,M80,GameHunters,,,team1,Fragadelphia 19,0
hltv_match_2383820,2025-07-18 18:30:00+00:00,Imperial,Legacy,,,team1,ESL Pro League Season 22 South America Closed Qualifier,0
hltv_match_2383821,2025-07-18 18:40:00+00:00,Sharks,9z,,,team1,ESL Pro League Season 22 South America Closed Qualifier,0
hltv_match_2383859,2025-07-18 18:45:00+00:00,Fluxo,InControl,,,team1,Fragadelphia 19,0
hltv_match_2383856,2025-07-18 19:15:00+00:00,Betclic,Zomblers,,,team1,Fragadelphia 19,0
hltv_match_2383871,2025-07-18 21:45:00+00:00,InControl,NuTorious,,,team1,Fragadelphia 19,0
hltv_match_2383845,2025-07-19 03:10:00+00:00,ASTRAL,HAVENs,,,team1,Azeron Baltic Superfinals 2025,0
hltv_match_2383884,2025-07-19 05:10:00+00:00,Glitchtech,FUT,,,team2,Intel epic45,0
hltv_match_2383431,2025-07-19 07:00:00+00:00,FORZE Reload,EYEBALLERS,,,team2,Winline Insight Season 7,0
hltv_match_2383430,2025-07-19 07:00:00+00:00,RUBY,GUN5,,,team1,Winline Insight Season 7,0
hltv_match_2383889,2025-07-19 08:00:00+00:00,8Sins,AaB,,,team2,Intel epic45,0
hltv_match_2383605,2025-07-19 08:00:00+00:00,TYLOO,SAW,,,team1,FISSURE Playground 1,0
hltv_match_2383847,2025-07-19 10:00:00+00:00,drosselfamily,M1Z,,,team2,Azeron Baltic Superfinals 2025,0
hltv_match_2383872,2025-07-19 11:15:00+00:00,Marsborne,LAG,,,team1,Fragadelphia 19,0
hltv_match_2383606,2025-07-19 11:40:00+00:00,Astralis,BetBoom,,,team1,FISSURE Playground 1,0
hltv_match_2383893,2025-07-19 12:00:00+00:00,FUT,Alliance,,,team2,Intel epic45,0
hltv_match_2383898,2025-07-19 13:45:00+00:00,Players,MAGICOS,,,team1,KaBuM! Prime League 2025,0
hltv_match_2383743,2025-07-19 14:00:00+00:00,HOTU,Partizan,,,team2,Whale Cup 2025,0
hltv_match_2383879,2025-07-19 14:30:00+00:00,Fluxo,Marsborne,,,team1,Fragadelphia 19,0
hltv_match_2383822,2025-07-19 14:30:00+00:00,Sharks,Legacy,,,team2,ESL Pro League Season 22 South America Closed Qualifier,0
hltv_match_2383880,2025-07-19 16:45:00+00:00,M80,Fluxo,,,team1,Fragadelphia 19,0
hltv_match_2383823,2025-07-19 18:30:00+00:00,Imperial,Legacy,,,team2,ESL Pro League Season 22 South America Closed Qualifier,0
hltv_match_2383850,2025-07-20 07:00:00+00:00,M1Z,hypewrld,,,team2,Azeron Baltic Superfinals 2025,0
hltv_match_2383607,2025-07-20 09:05:00+00:00,TYLOO,Astralis,,,team1,FISSURE Playground 1,0
hltv_match_2383433,2025-07-20 10:00:00+00:00,ESC,AMKAL,,,team1,Winline Insight Season 7,0
hltv_match_2383744,2025-07-20 11:00:00+00:00,Sangal,GUN5,,,team2,Whale Cup 2025,0
hltv_match_2383906,2025-07-20 12:25:00+00:00,VP.Prodigy,Leo,,,team1,RES Showdown 2 East Europe Open Qualifier,0
hltv_match_2383745,2025-07-20 14:00:00+00:00,Passion UA,RUBY,,,team2,Whale Cup 2025,0
hltv_match_2383899,2025-07-20 14:10:00+00:00,ODDIK,MIBR Academy,,,team1,KaBuM! Prime League 2025,0
hltv_match_2383434,2025-07-21 06:30:00+00:00,TPuDCATb TPu,EYEBALLERS,,,team2,Winline Insight Season 7,0
hltv_match_2383435,2025-07-21 10:00:00+00:00,RUBY,ESC,,,team2,Winline Insight Season 7,0
hltv_match_2383911,2025-07-21 10:40:00+00:00,PARIVISION,Zero Tenacity,,,team2,RES Showdown 2 Adria Open Qualifier,0
hltv_match_2383914,2025-07-21 11:25:00+00:00,OG,Rounds,,,team1,RES Showdown 2 Nordics Open Qualifier,0
hltv_match_2383915,2025-07-21 11:50:00+00:00,EYEBALLERS,9INE,,,team2,RES Showdown 2 Nordics Open Qualifier,0
hltv_match_2383916,2025-07-21 12:45:00+00:00,OG,9INE,,,team1,RES Showdown 2 Nordics Open Qualifier,0
hltv_match_2383747,2025-07-21 14:00:00+00:00,Partizan,GUN5,,,team1,Whale Cup 2025,0
hltv_match_2383900,2025-07-21 14:00:00+00:00,Bounty Hunters,Galorys,,,team1,KaBuM! Prime League 2025,0
hltv_match_2383436,2025-07-22 09:00:00+00:00,EYEBALLERS,ESC,,,team2,Winline Insight Season 7,0
hltv_match_2383909,2025-07-22 11:00:00+00:00,ODDIK,Players,,,team1,KaBuM! Prime League 2025,0
hltv_match_2383918,2025-07-22 15:00:00+00:00,Bounty Hunters,Players,,,team1,KaBuM! Prime League 2025,0
hltv_match_2383754,2025-07-23 04:30:00+00:00,TYLOO,Virtus.pro,,,team2,IEM Cologne 2025 Stage 1,0
hltv_match_2383755,2025-07-23 07:00:00+00:00,Astralis,B8,,,team1,IEM Cologne 2025 Stage 1,0
hltv_match_2383756,2025-07-23 07:00:00+00:00,FlyQuest,FURIA,,,team2,IEM Cologne 2025 Stage 1,0
hltv_match_2383751,2025-07-23 10:20:00+00:00,3DMAX,MIBR,,,team1,IEM Cologne 2025 Stage 1,0
hltv_match_2383921,2025-07-23 11:15:00+00:00,TPuDCATb TPu,Eternal Fire,,,team1,CCT Season 3 Europe Series 4 Closed Qualifier,0
hltv_match_2383749,2025-07-23 11:35:00+00:00,FaZe,BIG,,,team1,IEM Cologne 2025 Stage 1,0
hltv_match_2383752,2025-07-23 12:25:00+00:00,Ninjas in Pyjamas,HEROIC,,,team1,IEM Cologne 2025 Stage 1,0
hltv_match_2383750,2025-07-23 13:45:00+00:00,Liquid,paiN,,,team1,IEM Cologne 2025 Stage 1,0
hltv_match_2383922,2025-07-23 14:00:00+00:00,NIP Impact,Betera,,,team2,CCT Season 3 Europe Series 4 Closed Qualifier,0
hltv_match_2383777,2025-07-24 07:30:00+00:00,GamerLegion,Virtus.pro,,,team1,IEM Cologne 2025 Stage 1,0
hltv_match_2383928,2025-07-24 07:45:00+00:00,Eternal Fire,NIP Impact,,,team1,CCT Season 3 Europe Series 4 Closed Qualifier,0
hltv_match_2383782,2025-07-24 10:00:00+00:00,B8,FlyQuest,,,team2,IEM Cologne 2025 Stage 1,0
hltv_match_2383776,2025-07-24 11:00:00+00:00,3DMAX,Ninjas in Pyjamas,,,team2,IEM Cologne 2025 Stage 1,0
hltv_match_2383775,2025-07-24 13:00:00+00:00,FaZe,Liquid,,,team1,IEM Cologne 2025 Stage 1,0
hltv_match_2383930,2025-07-24 13:35:00+00:00,TPuDCATb TPu,Betera,,,team2,CCT Season 3 Europe Series 4 Closed Qualifier,0
hltv_match_2383780,2025-07-24 13:45:00+00:00,MIBR,HEROIC,,,team2,IEM Cologne 2025 Stage 1,0
hltv_match_2383953,2025-07-24 15:00:00+00:00,RED Canids,MIBR Academy,,,team1,CCT Season 3 South America Series 2,0
hltv_match_2383972,2025-07-24 17:45:00+00:00,Players,Yawara,,,team1,Liga Gamers Club 2025 Serie A July Cup,0
hltv_match_2383954,2025-07-24 18:00:00+00:00,Bounty Hunters,MAGICOS,,,team1,CCT Season 3 South America Series 2,0
hltv_match_2383923,2025-07-25 04:00:00+00:00,RUBY,Imperial Valkyries,,,team1,CCT Season 3 Europe Series 4 Closed Qualifier,0
hltv_match_2383778,2025-07-25 07:30:00+00:00,Astralis,FURIA,,,team2,IEM Cologne 2025 Stage 1,0
hltv_match_2383779,2025-07-25 07:30:00+00:00,BIG,paiN,,,team2,IEM Cologne 2025 Stage 1,0
hltv_match_2383955,2025-07-25 09:00:00+00:00,GameHunters,Players,,,team1,CCT Season 3 South America Series 2,0
hltv_match_2383926,2025-07-25 10:00:00+00:00,Alliance,1win,,,team2,CCT Season 3 Europe Series 4 Closed Qualifier,0
hltv_match_2383786,2025-07-25 10:00:00+00:00,FlyQuest,Liquid,,,team2,IEM Cologne 2025 Stage 1,0
hltv_match_2383784,2025-07-25 10:35:00+00:00,Virtus.pro,HEROIC,,,team2,IEM Cologne 2025 Stage 1,0
hltv_match_2383783,2025-07-25 12:45:00+00:00,Astralis,paiN,,,team1,IEM Cologne 2025 Stage 1,0
hltv_match_2383785,2025-07-25 12:45:00+00:00,3DMAX,TYLOO,,,team1,IEM Cologne 2025 Stage 1,0
hltv_match_2383956,2025-07-25 12:45:00+00:00,ShindeN,Yawara,,,team1,CCT Season 3 South America Series 2,0
hltv_match_2383957,2025-07-25 15:00:00+00:00,JERSA,Crashers,,,team2,CCT Season 3 South America Series 2,0
hltv_match_2383958,2025-07-25 18:00:00+00:00,KRÜ,Dusty Roots,,,team2,CCT Season 3 South America Series 2,0
hltv_match_2383759,2025-07-26 07:45:00+00:00,Falcons,GamerLegion,,,team1,IEM Cologne 2025,0
hltv_match_2383758,2025-07-26 07:45:00+00:00,G2,FURIA,,,team1,IEM Cologne 2025,0
hltv_match_2383757,2025-07-26 10:00:00+00:00,Vitality,Astralis,,,team1,IEM Cologne 2025,0
hltv_match_2383933,2025-07-26 10:00:00+00:00,RUBY,Monte,,,team2,CCT Season 3 Europe Series 4 Closed Qualifier,0
hltv_match_2383760,2025-07-26 10:05:00+00:00,The MongolZ,3DMAX,,,team1,IEM Cologne 2025,0
hltv_match_2383960,2025-07-26 12:15:00+00:00,Players,Yawara,,,team1,CCT Season 3 South America Series 2,0
hltv_match_2383763,2025-07-26 12:30:00+00:00,Aurora,Ninjas in Pyjamas,,,team1,IEM Cologne 2025,0
hltv_match_2383762,2025-07-26 12:30:00+00:00,Natus Vincere,FaZe,,,team1,IEM Cologne 2025,0
hltv_match_2383934,2025-07-26 13:20:00+00:00,1win,Zero Tenacity,,,team2,CCT Season 3 Europe Series 4 Closed Qualifier,0
hltv_match_2383961,2025-07-26 15:00:00+00:00,JERSA,MIBR Academy,,,team2,CCT Season 3 South America Series 2,0
hltv_match_2383974,2025-07-26 17:30:00+00:00,Marsborne,LAG,,,team1,Thunderpick World Championship 2025 North America Series 2,0
hltv_match_2384002,2025-07-26 18:00:00+00:00,M80,regain,,,team1,PrizePicks NA Revival Series 7,0
hltv_match_2383965,2025-07-26 18:00:00+00:00,GameHunters,ShindeN,,,team1,CCT Season 3 South America Series 2,0
hltv_match_2384011,2025-07-27 04:15:00+00:00,Legion,ScarX,,,team2,Dust2 India 1xBet Masters 24,0
hltv_match_2383936,2025-07-27 07:00:00+00:00,Eternal Fire,TPuDCATb TPu,,,team2,CCT Season 3 Europe Series 4 Closed Qualifier,0
hltv_match_2383761,2025-07-27 07:30:00+00:00,MOUZ,Liquid,,,team1,IEM Cologne 2025,0
hltv_match_2383764,2025-07-27 07:30:00+00:00,Spirit,HEROIC,,,team1,IEM Cologne 2025,0
hltv_match_2383825,2025-07-27 10:00:00+00:00,Falcons,The MongolZ,,,team2,IEM Cologne 2025,0
hltv_match_2383827,2025-07-27 10:00:00+00:00,GamerLegion,3DMAX,,,team2,IEM Cologne 2025,0
hltv_match_2383962,2025-07-27 12:10:00+00:00,LP,MAGICOS,,,team2,CCT Season 3 South America Series 2,0
hltv_match_2383824,2025-07-27 12:30:00+00:00,G2,Vitality,,,team2,IEM Cologne 2025,0
hltv_match_2383826,2025-07-27 14:00:00+00:00,FURIA,Astralis,,,team1,IEM Cologne 2025,0
hltv_match_2384035,2025-07-27 15:45:00+00:00,BESTIA,R2,,,team1,Ace SA Masters 2025 Season 2 South America Open Qualifier,0
hltv_match_2384037,2025-07-27 16:00:00+00:00,ShindeN,JERSA,,,team1,Ace SA Masters 2025 Season 2 South America Open Qualifier,0
hltv_match_2384038,2025-07-27 16:00:00+00:00,KRÜ,Dusty Roots,,,team2,Ace SA Masters 2025 Season 2 South America Open Qualifier,0
hltv_match_2384041,2025-07-27 17:05:00+00:00,Bounty Hunters,paiN Academy,,,team1,Ace SA Masters 2025 Season 2 Brazil Open Qualifier,0
hltv_match_2383966,2025-07-27 18:00:00+00:00,RED Canids,Crashers,,,team1,CCT Season 3 South America Series 2,0
hltv_match_2384046,2025-07-27 19:20:00+00:00,BOSS,NuTorious,,,team1,Ace NA Masters 2025 Season 2 Open Qualifier,0
hltv_match_2383994,2025-07-27 21:00:00+00:00,LP,Yawara,,,team2,CCT Season 3 South America Series 2,0
hltv_match_2383939,2025-07-28 04:00:00+00:00,Betera,RUBY,,,team1,CCT Season 3 Europe Series 4 Closed Qualifier,0
hltv_match_2384023,2025-07-28 06:30:00+00:00,WOPA,fish123,,,team2,United21 League Season 35,0
hltv_match_2383940,2025-07-28 07:00:00+00:00,Zero Tenacity,SINNERS,,,team1,CCT Season 3 Europe Series 4 Closed Qualifier,0
hltv_match_2383835,2025-07-28 07:30:00+00:00,Ninjas in Pyjamas,HEROIC,,,team1,IEM Cologne 2025,0
hltv_match_2383832,2025-07-28 07:30:00+00:00,Natus Vincere,MOUZ,,,team2,IEM Cologne 2025,0
hltv_match_2383834,2025-07-28 10:00:00+00:00,FaZe,Liquid,,,team1,IEM Cologne 2025,0
hltv_match_2383833,2025-07-28 10:00:00+00:00,Aurora,Spirit,,,team2,IEM Cologne 2025,0
hltv_match_2383941,2025-07-28 10:00:00+00:00,Monte,TPuDCATb TPu,,,team1,CCT Season 3 Europe Series 4 Closed Qualifier,0
hltv_match_2383829,2025-07-28 12:30:00+00:00,3DMAX,G2,,,team2,IEM Cologne 2025,0
hltv_match_2383828,2025-07-28 12:30:00+00:00,Falcons,FURIA,,,team2,IEM Cologne 2025,0
hltv_match_2384039,2025-07-28 14:00:00+00:00,9z,Dusty Roots,,,team1,Ace SA Masters 2025 Season 2 South America Open Qualifier,0
hltv_match_2384040,2025-07-28 14:20:00+00:00,ShindeN,BESTIA,,,team1,Ace SA Masters 2025 Season 2 South America Open Qualifier,0
hltv_match_2383997,2025-07-28 18:00:00+00:00,ShindeN,MIBR Academy,,,team1,CCT Season 3 South America Series 2,0
hltv_match_2384083,2025-07-29 04:00:00+00:00,Eternal Fire,AaB,,,team1,European Pro League 2nd Division Season 24,0
hltv_match_2383943,2025-07-29 04:00:00+00:00,Sangal,Monte,,,team1,CCT Season 3 Europe Series 4,0
hltv_match_2384084,2025-07-29 06:30:00+00:00,Prestige,fish123,,,team2,European Pro League 2nd Division Season 24,0
hltv_match_2384021,2025-07-29 06:30:00+00:00,MANA,G2 Ares,,,team2,United21 League Season 35,0
hltv_match_2383944,2025-07-29 07:00:00+00:00,Betclic,Betera,,,team1,CCT Season 3 Europe Series 4,0
hltv_match_2383836,2025-07-29 07:30:00+00:00,FaZe,Aurora,,,team1,IEM Cologne 2025,0
hltv_match_2383837,2025-07-29 07:30:00+00:00,Ninjas in Pyjamas,Natus Vincere,,,team2,IEM Cologne 2025,0
hltv_match_2383998,2025-07-29 09:00:00+00:00,Dusty Roots,Crashers,,,team1,CCT Season 3 South America Series 2,0
hltv_match_2384024,2025-07-29 09:00:00+00:00,GenOne,Prestige,,,team1,United21 League Season 35,0
hltv_match_2383945,2025-07-29 10:00:00+00:00,Passion UA,Zero Tenacity,,,team2,CCT Season 3 Europe Series 4,0
hltv_match_2383838,2025-07-29 10:00:00+00:00,MOUZ,Spirit,,,team2,IEM Cologne 2025,0
hltv_match_2383830,2025-07-29 10:35:00+00:00,The MongolZ,Vitality,,,team2,IEM Cologne 2025,0
hltv_match_2383999,2025-07-29 12:00:00+00:00,KRÜ,Players,,,team2,CCT Season 3 South America Series 2,0
hltv_match_2383839,2025-07-29 12:30:00+00:00,FaZe,Natus Vincere,,,team2,IEM Cologne 2025,0
hltv_match_2383946,2025-07-29 13:05:00+00:00,9INE,Sashi,,,team1,CCT Season 3 Europe Series 4,0
hltv_match_2383831,2025-07-29 14:15:00+00:00,G2,FURIA,,,team2,IEM Cologne 2025,0
hltv_match_2384000,2025-07-29 15:30:00+00:00,RED Canids,GameHunters,,,team1,CCT Season 3 South America Series 2,0
hltv_match_2384085,2025-07-30 04:00:00+00:00,Northern Lights,VP.Prodigy,,,team2,European Pro League 2nd Division Season 24,0
hltv_match_2384025,2025-07-30 04:00:00+00:00,WOPA,MANA,,,team1,United21 League Season 35,0
hltv_match_2383947,2025-07-30 04:00:00+00:00,Nexus,Partizan,,,team2,CCT Season 3 Europe Series 4,0
hltv_match_2383948,2025-07-30 07:00:00+00:00,Tricked,ARCRED,,,team1,CCT Season 3 Europe Series 4,0
hltv_match_2383950,2025-07-30 13:00:00+00:00,Johnny Speeds,CYBERSHOKE,,,team2,CCT Season 3 Europe Series 4,0
hltv_match_2384052,2025-07-30 14:00:00+00:00,Yawara,MAGICOS,,,team1,CCT Season 3 South America Series 2,0
hltv_match_2384053,2025-07-30 17:00:00+00:00,KRÜ,MIBR Academy,,,team1,CCT Season 3 South America Series 2,0
hltv_match_2383982,2025-07-30 17:30:00+00:00,Wildcard,LAG,,,team1,Thunderpick World Championship 2025 North America Series 2,0
hltv_match_2383983,2025-07-30 20:45:00+00:00,NRG,Aether,,,team1,Thunderpick World Championship 2025 North America Series 2,0
hltv_match_2384075,2025-07-31 04:00:00+00:00,Sashi,ARCRED,,,team1,CCT Season 3 Europe Series 4,0
hltv_match_2384027,2025-07-31 04:00:00+00:00,fish123,G2 Ares,,,team1,United21 League Season 35,0
hltv_match_2384094,2025-07-31 04:00:00+00:00,AaB,Prestige,,,team1,European Pro League 2nd Division Season 24,0
hltv_match_2384028,2025-07-31 07:00:00+00:00,MASONIC,GenOne,,,team1,United21 League Season 35,0
hltv_match_2384097,2025-07-31 10:00:00+00:00,VP.Prodigy,MANA,,,team2,European Pro League 2nd Division Season 24,0
hltv_match_2384077,2025-07-31 10:35:00+00:00,Nexus,Betera,,,team1,CCT Season 3 Europe Series 4,0
hltv_match_2384078,2025-07-31 13:00:00+00:00,Johnny Speeds,Monte,,,team1,CCT Season 3 Europe Series 4,0
hltv_match_2384055,2025-07-31 14:00:00+00:00,Bounty Hunters,Players,,,team1,CCT Season 3 South America Series 2,0
hltv_match_2384056,2025-07-31 17:00:00+00:00,GameHunters,Dusty Roots,,,team2,CCT Season 3 South America Series 2,0
hltv_match_2383985,2025-07-31 20:30:00+00:00,Wildcard,NRG,,,team1,Thunderpick World Championship 2025 North America Series 2,0
hltv_match_2384087,2025-07-31 23:05:00+00:00,The Huns,FengDa,,,team1,BLAST Rising Asia 2025 Season 2,0
hltv_match_2384088,2025-08-01 01:50:00+00:00,SemperFi,Eruption,,,team2,BLAST Rising Asia 2025 Season 2,0
hltv_match_2383842,2025-08-02 13:50:00+00:00,Vitality,MOUZ,,,team2,IEM Cologne 2025,0
hltv_match_2384124,2025-08-02 14:00:00+00:00,Imperial,ODDIK,,,team1,Ace SA Masters 2025 Season 2 - BLAST Premier Rising Event,0
hltv_match_2384116,2025-08-02 14:15:00+00:00,NRG,BOSS,,,team1,Ace NA Masters 2025 Season 2 - BLAST Premier Rising Event,0
hltv_match_2384062,2025-08-02 15:20:00+00:00,FURIA fe,Yawara,,,team2,CCT Season 3 South America Series 2,0
hltv_match_2384091,2025-08-03 00:00:00+00:00,Eruption,FlyQuest,,,team2,BLAST Rising Asia 2025 Season 2,0
hltv_match_2384092,2025-08-03 02:50:00+00:00,The Huns,Chinggis Warriors,,,team1,BLAST Rising Asia 2025 Season 2,0
hltv_match_2384108,2025-08-03 04:00:00+00:00,Sangal,Zero Tenacity,,,team2,CCT Season 3 Europe Series 4,0
hltv_match_2384033,2025-08-03 06:30:00+00:00,MASONIC,G2 Ares,,,team2,United21 League Season 35,0
hltv_match_2384109,2025-08-03 07:00:00+00:00,9INE,Johnny Speeds,,,team1,CCT Season 3 Europe Series 4,0
hltv_match_2384064,2025-08-03 09:00:00+00:00,Keyd Stars,RED Canids,,,team2,CCT Season 3 South America Series 2,0
hltv_match_2384110,2025-08-03 10:45:00+00:00,SAW,CYBERSHOKE,,,team2,CCT Season 3 Europe Series 4,0
hltv_match_2384125,2025-08-03 11:00:00+00:00,Legacy,Imperial,,,team1,Ace SA Masters 2025 Season 2 - BLAST Premier Rising Event,0
hltv_match_2383993,2025-08-03 11:00:00+00:00,VP.Prodigy,ECSTATIC,,,team2,RES Showdown 2: BLAST Premier Rising Event,0
hltv_match_2383844,2025-08-03 11:00:00+00:00,Spirit,MOUZ,,,team1,IEM Cologne 2025,0
hltv_match_2384093,2025-08-03 12:00:00+00:00,FlyQuest,The Huns,,,team1,BLAST Rising Asia 2025 Season 2,0
hltv_match_2384118,2025-08-03 12:00:00+00:00,NRG,M80,,,team2,Ace NA Masters 2025 Season 2 - BLAST Premier Rising Event,0
hltv_match_2384111,2025-08-03 13:55:00+00:00,Betclic,Tricked,,,team2,CCT Season 3 Europe Series 4,0
hltv_match_2384066,2025-08-03 16:10:00+00:00,ODDIK,GameHunters,,,team1,CCT Season 3 South America Series 2,0
hltv_match_2384067,2025-08-03 19:40:00+00:00,9z,Bounty Hunters,,,team1,CCT Season 3 South America Series 2,0
hltv_match_2384101,2025-08-04 04:00:00+00:00,MANA,Eternal Fire,,,team2,European Pro League 2nd Division Season 24,0
hltv_match_2384034,2025-08-04 06:30:00+00:00,fish123,G2 Ares,,,team2,United21 League Season 35,0
hltv_match_2384157,2025-08-04 07:00:00+00:00,Sangal,ARCRED,,,team1,CCT Season 3 Europe Series 4,0
hltv_match_2384158,2025-08-04 10:00:00+00:00,Passion UA,Monte,,,team2,CCT Season 3 Europe Series 4,0
hltv_match_2384069,2025-08-04 12:00:00+00:00,Sharks,BESTIA,,,team2,CCT Season 3 South America Series 2,0
hltv_match_2384159,2025-08-04 13:00:00+00:00,Nexus,Johnny Speeds,,,team2,CCT Season 3 Europe Series 4,0
hltv_match_2384070,2025-08-04 15:00:00+00:00,ODDIK,9z,,,team2,CCT Season 3 South America Series 2,0
hltv_match_2384071,2025-08-04 18:00:00+00:00,Yawara,RED Canids,,,team1,CCT Season 3 South America Series 2,0
hltv_match_2384181,2025-08-05 04:00:00+00:00,500,TPuDCATb TPu,,,team1,Thunderpick World Championship 2025 European Series 2,0
hltv_match_2384131,2025-08-05 06:00:00+00:00,FUT,B8,,,team2,BLAST Bounty 2025 Season 2,0
hltv_match_2384182,2025-08-05 07:00:00+00:00,ARCRED,NIP Impact,,,team1,Thunderpick World Championship 2025 European Series 2,0
hltv_match_2384160,2025-08-05 07:00:00+00:00,9INE,Zero Tenacity,,,team1,CCT Season 3 Europe Series 4,0
hltv_match_2384130,2025-08-05 08:30:00+00:00,ECSTATIC,Liquid,,,team2,BLAST Bounty 2025 Season 2,0
hltv_match_2384161,2025-08-05 10:00:00+00:00,SAW,Partizan,,,team1,CCT Season 3 Europe Series 4,0
hltv_match_2384189,2025-08-05 10:00:00+00:00,500,ARCRED,,,team1,Thunderpick World Championship 2025 European Series 2,0
hltv_match_2384072,2025-08-05 11:00:00+00:00,ShindeN,9z,,,team2,CCT Season 3 South America Series 2,0
hltv_match_2384132,2025-08-05 11:35:00+00:00,Nemiga,G2,,,team2,BLAST Bounty 2025 Season 2,0
hltv_match_2384162,2025-08-05 13:00:00+00:00,Betclic,Sashi,,,team2,CCT Season 3 Europe Series 4,0
hltv_match_2384073,2025-08-05 14:00:00+00:00,Yawara,BESTIA,,,team2,CCT Season 3 South America Series 2,0
hltv_match_2384139,2025-08-05 14:45:00+00:00,BetBoom,FaZe,,,team2,BLAST Bounty 2025 Season 2,0
hltv_match_2384074,2025-08-05 17:15:00+00:00,9z,BESTIA,,,team2,CCT Season 3 South America Series 2,0
hltv_match_2384216,2025-08-06 04:00:00+00:00,Eternal Fire,WOPA,,,team2,European Pro League Season 27,0
hltv_match_2384126,2025-08-06 06:00:00+00:00,MIBR,Virtus.pro,,,team2,BLAST Bounty 2025 Season 2,0
hltv_match_2384184,2025-08-06 07:00:00+00:00,ECLOT,CPH Wolves,,,team1,Thunderpick World Championship 2025 European Series 2,0
hltv_match_2384163,2025-08-06 07:00:00+00:00,Betclic,Monte,,,team2,CCT Season 3 Europe Series 4,0
hltv_match_2384217,2025-08-06 07:15:00+00:00,K27,G2 Ares,,,team1,European Pro League Season 27,0
hltv_match_2384190,2025-08-06 10:20:00+00:00,Partizan,ECLOT,,,team1,Thunderpick World Championship 2025 European Series 2,0
hltv_match_2384164,2025-08-06 11:20:00+00:00,Johnny Speeds,Zero Tenacity,,,team1,CCT Season 3 Europe Series 4,0
hltv_match_2384138,2025-08-06 12:15:00+00:00,Passion UA,Spirit,,,team2,BLAST Bounty 2025 Season 2,0
hltv_match_2384165,2025-08-06 14:40:00+00:00,Sangal,Partizan,,,team2,CCT Season 3 Europe Series 4,0
hltv_match_2384135,2025-08-06 15:25:00+00:00,Rare Atom,Astralis,,,team2,BLAST Bounty 2025 Season 2,0
hltv_match_2384191,2025-08-07 04:00:00+00:00,TPuDCATb TPu,NIP Impact,,,team1,Thunderpick World Championship 2025 European Series 2,0
hltv_match_2384218,2025-08-07 04:00:00+00:00,Alliance,Mousquetaires,,,team1,European Pro League Season 27,0
hltv_match_2384137,2025-08-07 06:00:00+00:00,BIG,FURIA,,,team2,BLAST Bounty 2025 Season 2,0
hltv_match_2384219,2025-08-07 06:30:00+00:00,MASONIC,FORZE Reload,,,team2,European Pro League Season 27,0
hltv_match_2384167,2025-08-07 07:00:00+00:00,ENCE,Monte,,,team1,CCT Season 3 Europe Series 4,0
hltv_match_2384141,2025-08-07 08:00:00+00:00,OG,MOUZ,,,team2,BLAST Bounty 2025 Season 2,0
hltv_match_2384224,2025-08-07 09:00:00+00:00,GameHunters,Dusty Roots,,,team1,CCT Season 3 South America Series 3,0
hltv_match_2384193,2025-08-07 10:00:00+00:00,ARCRED,TPuDCATb TPu,,,team1,Thunderpick World Championship 2025 European Series 2,0
hltv_match_2384168,2025-08-07 10:00:00+00:00,BetBoom,SAW,,,team2,CCT Season 3 Europe Series 4,0
hltv_match_2384127,2025-08-07 11:15:00+00:00,Ninjas in Pyjamas,paiN,,,team2,BLAST Bounty 2025 Season 2,0
hltv_match_2384194,2025-08-07 13:00:00+00:00,ECLOT,CPH Wolves,,,team2,Thunderpick World Championship 2025 European Series 2,0
hltv_match_2384169,2025-08-07 13:10:00+00:00,Spirit Academy,9INE,,,team2,CCT Season 3 Europe Series 4,0
hltv_match_2384129,2025-08-07 14:35:00+00:00,fnatic,Legacy,,,team2,BLAST Bounty 2025 Season 2,0
hltv_match_2384227,2025-08-07 18:20:00+00:00,Bounty Hunters,R2,,,team1,CCT Season 3 South America Series 3,0
hltv_match_2384241,2025-08-07 20:30:00+00:00,Marsborne,Arrival Seven,,,team1,CCT Season 3 North America Series 1,0
hltv_match_2384170,2025-08-08 04:00:00+00:00,PARIVISION,CYBERSHOKE,,,team1,CCT Season 3 Europe Series 4,0
hltv_match_2384136,2025-08-08 05:00:00+00:00,ENCE,The MongolZ,,,team2,BLAST Bounty 2025 Season 2,0
hltv_match_2384292,2025-08-08 05:30:00+00:00,TPuDCATb TPu,BASEMENT BOYS,,,team1,Exort Series 14,0
hltv_match_2384221,2025-08-08 06:30:00+00:00,Bushido Wildcats,BIG Academy,,,team1,European Pro League Season 27,0
hltv_match_2384186,2025-08-08 07:00:00+00:00,Monte,Eternal Fire,,,team2,Thunderpick World Championship 2025 European Series 2,0
hltv_match_2384134,2025-08-08 08:00:00+00:00,FlyQuest,Aurora,,,team2,BLAST Bounty 2025 Season 2,0
hltv_match_2384171,2025-08-08 08:20:00+00:00,OG,Tricked,,,team1,CCT Season 3 Europe Series 4,0
hltv_match_2384228,2025-08-08 09:00:00+00:00,Keyd Stars,Yawara,,,team1,CCT Season 3 South America Series 3,0
hltv_match_2384172,2025-08-08 10:15:00+00:00,BIG,Partizan,,,team2,CCT Season 3 Europe Series 4,0
hltv_match_2384140,2025-08-08 10:25:00+00:00,NRG,Vitality,,,team2,BLAST Bounty 2025 Season 2,0
hltv_match_2384294,2025-08-08 11:30:00+00:00,SPARTA,RUSTEC,,,team2,Exort Series 14,0
hltv_match_2384229,2025-08-08 12:00:00+00:00,ShindeN,Crashers,,,team1,CCT Season 3 South America Series 3,0
hltv_match_2384173,2025-08-08 13:00:00+00:00,fnatic,Sashi,,,team1,CCT Season 3 Europe Series 4,0
hltv_match_2384287,2025-08-08 13:00:00+00:00,VP.Prodigy,Hesta,,,team1,ESEA League Season 54 Europe Elite Cup 1,0
hltv_match_2384295,2025-08-08 14:30:00+00:00,ARCRED,HyperSpirit,,,team1,Exort Series 14,0
hltv_match_2384231,2025-08-08 18:00:00+00:00,KRÜ,MAGICOS,,,team1,CCT Season 3 South America Series 3,0
hltv_match_2384187,2025-08-09 04:00:00+00:00,Metizport,SPARTA,,,team1,Thunderpick World Championship 2025 European Series 2,0
hltv_match_2384145,2025-08-09 06:00:00+00:00,Astralis,Natus Vincere,,,team1,BLAST Bounty 2025 Season 2,0
hltv_match_2384223,2025-08-09 06:30:00+00:00,Leo,8Sins,,,team1,European Pro League Season 27,0
hltv_match_2384175,2025-08-09 07:00:00+00:00,ENCE,OG,,,team2,CCT Season 3 Europe Series 4,0
hltv_match_2384188,2025-08-09 07:00:00+00:00,SINNERS,RUBY,,,team1,Thunderpick World Championship 2025 European Series 2,0
hltv_match_2384296,2025-08-09 08:30:00+00:00,TPuDCATb TPu,EYEBALLERS,,,team1,Exort Series 14,0
hltv_match_2384144,2025-08-09 09:10:00+00:00,Virtus.pro,FaZe,,,team1,BLAST Bounty 2025 Season 2,0
hltv_match_2384285,2025-08-09 10:00:00+00:00,ECLOT,SKYFURY,,,team2,ESEA League Season 54 Europe Elite Cup 1,0
hltv_match_2384176,2025-08-09 10:35:00+00:00,9INE,fnatic,,,team2,CCT Season 3 Europe Series 4,0
hltv_match_2384196,2025-08-09 11:20:00+00:00,Metizport,SINNERS,,,team2,Thunderpick World Championship 2025 European Series 2,0
hltv_match_2384297,2025-08-09 11:35:00+00:00,RUSTEC,ARCRED,,,team2,Exort Series 14,0
hltv_match_2384233,2025-08-09 12:15:00+00:00,JERSA,R2,,,team2,CCT Season 3 South America Series 3,0
hltv_match_2384142,2025-08-09 12:40:00+00:00,G2,Spirit,,,team2,BLAST Bounty 2025 Season 2,0
hltv_match_2384177,2025-08-09 13:00:00+00:00,Partizan,PARIVISION,,,team2,CCT Season 3 Europe Series 4,0
hltv_match_2384234,2025-08-09 15:00:00+00:00,Yawara,MAGICOS,,,team1,CCT Season 3 South America Series 3,0
hltv_match_2384298,2025-08-09 15:30:00+00:00,TPuDCATb TPu,ARCRED,,,team1,Exort Series 14,0
hltv_match_2384147,2025-08-09 16:00:00+00:00,Liquid,FURIA,,,team1,BLAST Bounty 2025 Season 2,0
hltv_match_2384256,2025-08-09 17:30:00+00:00,BOSS,Marsborne,,,team2,CCT Season 3 North America Series 1,0
hltv_match_2384244,2025-08-10 04:00:00+00:00,Eternal Fire,G2 Ares,,,team1,European Pro League Season 27,0
hltv_match_2384307,2025-08-10 04:00:00+00:00,Betclic,GUN5,,,team1,Exort The Proving Grounds Season 3,0
hltv_match_2384178,2025-08-10 06:00:00+00:00,PARIVISION,fnatic,,,team1,CCT Season 3 Europe Series 4,0
hltv_match_2384146,2025-08-10 06:00:00+00:00,paiN,The MongolZ,,,team2,BLAST Bounty 2025 Season 2,0
hltv_match_2384245,2025-08-10 06:30:00+00:00,WOPA,K27,,,team2,European Pro League Season 27,0
hltv_match_2384198,2025-08-10 07:00:00+00:00,SPARTA,RUBY,,,team1,Thunderpick World Championship 2025 European Series 2,0
hltv_match_2384308,2025-08-10 07:10:00+00:00,Spirit Academy,ECLOT,,,team1,Exort The Proving Grounds Season 3,0
hltv_match_2384148,2025-08-10 08:20:00+00:00,B8,MOUZ,,,team2,BLAST Bounty 2025 Season 2,0
hltv_match_2384390,2025-08-10 09:00:00+00:00,AMKAL,Sangal,,,team2,CS Asia Championships 2025 Europe Open Qualifier,0
hltv_match_2384179,2025-08-10 09:00:00+00:00,OG,SAW,,,team1,CCT Season 3 Europe Series 4,0
hltv_match_2384391,2025-08-10 09:45:00+00:00,Inner Circle,Sashi,,,team2,CS Asia Championships 2025 Europe Open Qualifier,0
hltv_match_2384389,2025-08-10 09:50:00+00:00,1win,BASEMENT BOYS,,,team1,CS Asia Championships 2025 Europe Open Qualifier,0
hltv_match_2384309,2025-08-10 10:00:00+00:00,CYBERSHOKE,BC.Game,,,team2,Exort The Proving Grounds Season 3,0
hltv_match_2384392,2025-08-10 10:00:00+00:00,HOTU,EYEBALLERS,,,team2,CS Asia Championships 2025 Europe Open Qualifier,0
hltv_match_2384143,2025-08-10 10:35:00+00:00,HEROIC,Aurora,,,team2,BLAST Bounty 2025 Season 2,0
hltv_match_2384199,2025-08-10 11:00:00+00:00,Eternal Fire,FAVBET,,,team2,Thunderpick World Championship 2025 European Series 2,0
hltv_match_2384393,2025-08-10 11:30:00+00:00,BIG,EYEBALLERS,,,team1,CS Asia Championships 2025 Europe Open Qualifier,0
hltv_match_2384394,2025-08-10 11:30:00+00:00,Passion UA,1win,,,team1,CS Asia Championships 2025 Europe Open Qualifier,0
hltv_match_2384395,2025-08-10 11:30:00+00:00,BetBoom,Sashi,,,team1,CS Asia Championships 2025 Europe Open Qualifier,0
hltv_match_2384180,2025-08-10 12:00:00+00:00,PARIVISION,OG,,,team2,CCT Season 3 Europe Series 4,0
hltv_match_2384400,2025-08-10 12:10:00+00:00,ECSTATIC,Sangal,,,team1,CS Asia Championships 2025 Europe Open Qualifier,0
hltv_match_2384149,2025-08-10 12:15:00+00:00,Legacy,Vitality,,,team2,BLAST Bounty 2025 Season 2,0
hltv_match_2384398,2025-08-10 13:00:00+00:00,Nemiga,Passion UA,,,team2,CS Asia Championships 2025 Europe Open Qualifier,0
hltv_match_2384399,2025-08-10 13:30:00+00:00,FUT,BetBoom,,,team1,CS Asia Championships 2025 Europe Open Qualifier,0
hltv_match_2384310,2025-08-10 14:20:00+00:00,Nexus,Partizan,,,team2,Exort The Proving Grounds Season 3,0
hltv_match_2384238,2025-08-10 15:00:00+00:00,KRÜ,Keyd Stars,,,team1,CCT Season 3 South America Series 3,0
hltv_match_2384200,2025-08-10 15:30:00+00:00,Metizport,SPARTA,,,team2,Thunderpick World Championship 2025 European Series 2,0
hltv_match_2384246,2025-08-11 04:00:00+00:00,Mousquetaires,MASONIC,,,team1,European Pro League Season 27,0
hltv_match_2384311,2025-08-11 04:00:00+00:00,Sangal,Tricked,,,team2,Exort The Proving Grounds Season 3,0
hltv_match_2384362,2025-08-11 05:10:00+00:00,Mindfreak,Ground Zero,,,team1,ESL Challenger League Season 50 Oceania Cup 1,0
hltv_match_2384202,2025-08-11 07:00:00+00:00,ENCE,SPARTA,,,team1,Thunderpick World Championship 2025 European Series 2,0
hltv_match_2384312,2025-08-11 07:00:00+00:00,9INE,500,,,team2,Exort The Proving Grounds Season 3,0
hltv_match_2384247,2025-08-11 07:10:00+00:00,Alliance,FORZE Reload,,,team2,European Pro League Season 27,0
hltv_match_2384368,2025-08-11 09:00:00+00:00,The Huns,IHC,,,team1,ESL Challenger League Season 50 Asia-Pacific Cup 1,0
hltv_match_2384372,2025-08-11 09:00:00+00:00,Eruption,Just Swing,,,team1,ESL Challenger League Season 50 Asia-Pacific Cup 1,0
hltv_match_2384373,2025-08-11 09:00:00+00:00,JERSA,MAGICOS,,,team1,CCT Season 3 South America Series 3,0
hltv_match_2384371,2025-08-11 09:00:00+00:00,Rare Atom,BORING PLAYERS,,,team1,ESL Challenger League Season 50 Asia-Pacific Cup 1,0
hltv_match_2384366,2025-08-11 09:00:00+00:00,NomadS,FengDa,,,team1,ESL Challenger League Season 50 Asia-Pacific Cup 1,0
hltv_match_2384401,2025-08-11 10:00:00+00:00,GamerLegion,BIG,,,team1,CS Asia Championships 2025 Europe Open Qualifier,0
hltv_match_2384402,2025-08-11 10:00:00+00:00,HEROIC,Passion UA,,,team1,CS Asia Championships 2025 Europe Open Qualifier,0
hltv_match_2384403,2025-08-11 10:00:00+00:00,Ninjas in Pyjamas,FUT,,,team2,CS Asia Championships 2025 Europe Open Qualifier,0
hltv_match_2384203,2025-08-11 10:00:00+00:00,Tricked,Partizan,,,team2,Thunderpick World Championship 2025 European Series 2,0
hltv_match_2384404,2025-08-11 10:00:00+00:00,fnatic,ECSTATIC,,,team1,CS Asia Championships 2025 Europe Open Qualifier,0
hltv_match_2384313,2025-08-11 10:00:00+00:00,JiJieHao,ARCRED,,,team2,Exort The Proving Grounds Season 3,0
hltv_match_2384222,2025-08-11 10:30:00+00:00,EYEBALLERS,Prestige,,,team1,European Pro League Season 27,0
hltv_match_2384288,2025-08-11 11:00:00+00:00,K27,Wildcard Academy,,,team1,ESEA League Season 54 Europe Elite Cup 1,0
hltv_match_2384275,2025-08-11 13:00:00+00:00,Betclic,BC.Game,,,team2,ESL Challenger League Season 50 Europe Cup 1,0
hltv_match_2384273,2025-08-11 13:00:00+00:00,BetBoom,TPuDCATb TPu,,,team1,ESL Challenger League Season 50 Europe Cup 1,0
hltv_match_2384271,2025-08-11 13:00:00+00:00,JiJieHao,Partizan,,,team2,ESL Challenger League Season 50 Europe Cup 1,0
hltv_match_2384270,2025-08-11 13:00:00+00:00,Alliance,Sangal,,,team1,ESL Challenger League Season 50 Europe Cup 1,0
hltv_match_2384272,2025-08-11 13:00:00+00:00,Zero Tenacity,Spirit Academy,,,team1,ESL Challenger League Season 50 Europe Cup 1,0
hltv_match_2384269,2025-08-11 13:00:00+00:00,Nemiga,Insilio,,,team1,ESL Challenger League Season 50 Europe Cup 1,0
hltv_match_2384204,2025-08-11 13:00:00+00:00,CYBERSHOKE,500,,,team2,Thunderpick World Championship 2025 European Series 2,0
hltv_match_2384314,2025-08-11 13:15:00+00:00,HOTU,Metizport,,,team1,Exort The Proving Grounds Season 3,0
hltv_match_2384276,2025-08-11 13:30:00+00:00,Betera,Passion UA,,,team1,ESL Challenger League Season 50 Europe Cup 1,0
hltv_match_2384333,2025-08-11 17:00:00+00:00,JERSA,GameHunters,,,team2,ESL Challenger League Season 50 South America Cup 1,0
hltv_match_2384332,2025-08-11 17:00:00+00:00,Keyd Stars,Dusty Roots,,,team2,ESL Challenger League Season 50 South America Cup 1,0
hltv_match_2384331,2025-08-11 17:00:00+00:00,Yawara,KRÜ,,,team2,ESL Challenger League Season 50 South America Cup 1,0
hltv_match_2384350,2025-08-11 21:00:00+00:00,FlyQuest RED,InControl,,,team2,ESL Challenger League Season 50 North America Cup 1,0
hltv_match_2384352,2025-08-11 21:00:00+00:00,Aether,Wanted Goons,,,team1,ESL Challenger League Season 50 North America Cup 1,0
hltv_match_2384315,2025-08-12 04:00:00+00:00,HOTU,Tricked,,,team2,Exort The Proving Grounds Season 3,0
hltv_match_2384205,2025-08-12 04:00:00+00:00,Passion UA,CPH Wolves,,,team1,Thunderpick World Championship 2025 European Series 2,0
hltv_match_2384413,2025-08-12 05:00:00+00:00,SemperFi,Mindfreak,,,team1,ESL Challenger League Season 50 Oceania Cup 1,0
hltv_match_2384316,2025-08-12 07:00:00+00:00,Spirit Academy,BC.Game,,,team2,Exort The Proving Grounds Season 3,0
hltv_match_2384286,2025-08-12 07:00:00+00:00,UNiTY,MOUZ NXT,,,team1,ESEA League Season 54 Europe Elite Cup 1,0
hltv_match_2384249,2025-08-12 07:10:00+00:00,GenOne,Bushido Wildcats,,,team1,European Pro League Season 27,0
hltv_match_2384206,2025-08-12 07:30:00+00:00,Alliance,SINNERS,,,team2,Thunderpick World Championship 2025 European Series 2,0
hltv_match_2384408,2025-08-12 09:00:00+00:00,Rare Atom,Eruption,,,team1,ESL Challenger League Season 50 Asia-Pacific Cup 1,0
hltv_match_2384405,2025-08-12 09:00:00+00:00,NomadS,Lynn Vision,,,team2,ESL Challenger League Season 50 Asia-Pacific Cup 1,0
hltv_match_2384377,2025-08-12 09:00:00+00:00,GameHunters,Yawara,,,team2,CCT Season 3 South America Series 3,0
hltv_match_2384412,2025-08-12 09:00:00+00:00,BORING PLAYERS,Just Swing,,,team1,ESL Challenger League Season 50 Asia-Pacific Cup 1,0
hltv_match_2384406,2025-08-12 09:00:00+00:00,Chinggis Warriors,The Huns,,,team2,ESL Challenger League Season 50 Asia-Pacific Cup 1,0
hltv_match_2384317,2025-08-12 10:00:00+00:00,ARCRED,Partizan,,,team2,Exort The Proving Grounds Season 3,0
hltv_match_2384207,2025-08-12 10:15:00+00:00,Betclic,FAVBET,,,team1,Thunderpick World Championship 2025 European Series 2,0
hltv_match_2384378,2025-08-12 12:00:00+00:00,Keyd Stars,Dusty Roots,,,team2,CCT Season 3 South America Series 3,0
hltv_match_2384280,2025-08-12 13:00:00+00:00,RUBY,OG,,,team2,ESL Challenger League Season 50 Europe Cup 1,0
hltv_match_2384277,2025-08-12 13:00:00+00:00,BIG,The Glecs,,,team1,ESL Challenger League Season 50 Europe Cup 1,0
hltv_match_2384279,2025-08-12 13:00:00+00:00,9INE,Tricked,,,team1,ESL Challenger League Season 50 Europe Cup 1,0
hltv_match_2384283,2025-08-12 13:00:00+00:00,Nexus,CYBERSHOKE,,,team2,ESL Challenger League Season 50 Europe Cup 1,0
hltv_match_2384282,2025-08-12 13:00:00+00:00,Sashi,PARIVISION,,,team2,ESL Challenger League Season 50 Europe Cup 1,0
hltv_match_2384278,2025-08-12 13:00:00+00:00,Johnny Speeds,SAW,,,team1,ESL Challenger League Season 50 Europe Cup 1,0
hltv_match_2384208,2025-08-12 13:15:00+00:00,HOTU,ARCRED,,,team1,Thunderpick World Championship 2025 European Series 2,0
hltv_match_2384318,2025-08-12 13:25:00+00:00,500,Betclic,,,team2,Exort The Proving Grounds Season 3,0
hltv_match_2384563,2025-08-12 16:45:00+00:00,FURIA fe,MIBR fe,,,team2,Lótus Challenge 2025,0
hltv_match_2384341,2025-08-12 17:00:00+00:00,Sharks,GameHunters,,,team1,ESL Challenger League Season 50 South America Cup 1,0
hltv_match_2384340,2025-08-12 17:00:00+00:00,Fluxo,Dusty Roots,,,team2,ESL Challenger League Season 50 South America Cup 1,0
hltv_match_2384338,2025-08-12 17:00:00+00:00,RED Canids,Galorys,,,team1,ESL Challenger League Season 50 South America Cup 1,0
hltv_match_2384337,2025-08-12 17:00:00+00:00,Imperial,ShindeN,,,team1,ESL Challenger League Season 50 South America Cup 1,0
hltv_match_2384262,2025-08-12 17:30:00+00:00,NRG,BOSS,,,team1,CCT Season 3 North America Series 1,0
hltv_match_2384354,2025-08-12 21:00:00+00:00,Arrival Seven,LAG,,,team2,ESL Challenger League Season 50 North America Cup 1,0
hltv_match_2384358,2025-08-12 21:00:00+00:00,Shimmer,InControl,,,team2,ESL Challenger League Season 50 North America Cup 1,0
hltv_match_2384360,2025-08-12 21:00:00+00:00,M80,Aether,,,team1,ESL Challenger League Season 50 North America Cup 1,0
hltv_match_2384359,2025-08-12 21:00:00+00:00,Marsborne,Take Flyte,,,team1,ESL Challenger League Season 50 North America Cup 1,0
hltv_match_2384250,2025-08-13 04:00:00+00:00,8Sins,Prestige,,,team2,European Pro League Season 27,0
hltv_match_2384509,2025-08-13 04:00:00+00:00,RUBY,The Glecs,,,team1,CCT Season 3 Europe Series 5 Closed Qualifier,0
hltv_match_2384319,2025-08-13 04:00:00+00:00,GUN5,9INE,,,team2,Exort The Proving Grounds Season 3,0
hltv_match_2384557,2025-08-13 05:00:00+00:00,Ground Zero,Rooster,,,team2,ESL Challenger League Season 50 Oceania Cup 1,0
hltv_match_2384477,2025-08-13 06:00:00+00:00,BIG,Passion UA,,,team1,StarLadder StarSeries Fall 2025 Europe Closed Qualifier,0
hltv_match_2384479,2025-08-13 06:00:00+00:00,ENCE,BetBoom,,,team1,StarLadder StarSeries Fall 2025 Europe Closed Qualifier,0
hltv_match_2384322,2025-08-13 07:00:00+00:00,Nexus,JiJieHao,,,team2,Exort The Proving Grounds Season 3,0
hltv_match_2384251,2025-08-13 07:10:00+00:00,EYEBALLERS,Leo,,,team1,European Pro League Season 27,0
hltv_match_2384210,2025-08-13 08:00:00+00:00,Passion UA,500,,,team2,Thunderpick World Championship 2025 European Series 2,0
hltv_match_2384552,2025-08-13 09:00:00+00:00,NomadS,BORING PLAYERS,,,team1,ESL Challenger League Season 50 Asia-Pacific Cup 1,0
hltv_match_2384551,2025-08-13 09:00:00+00:00,Kaleido,Chinggis Warriors,,,team1,ESL Challenger League Season 50 Asia-Pacific Cup 1,0
hltv_match_2384549,2025-08-13 09:00:00+00:00,Eruption,FengDa,,,team1,ESL Challenger League Season 50 Asia-Pacific Cup 1,0
hltv_match_2384480,2025-08-13 09:30:00+00:00,fnatic,PARIVISION,,,team2,StarLadder StarSeries Fall 2025 Europe Closed Qualifier,0
hltv_match_2384478,2025-08-13 09:40:00+00:00,Ninjas in Pyjamas,9INE,,,team2,StarLadder StarSeries Fall 2025 Europe Closed Qualifier,0
hltv_match_2384511,2025-08-13 10:00:00+00:00,NIP Impact,Imperial Valkyries,,,team2,CCT Season 3 Europe Series 5 Closed Qualifier,0
hltv_match_2384321,2025-08-13 10:00:00+00:00,Sangal,Metizport,,,team1,Exort The Proving Grounds Season 3,0
hltv_match_2384417,2025-08-13 11:00:00+00:00,Keyd Stars,Crashers,,,team2,CCT Season 3 South America Series 3,0
hltv_match_2384211,2025-08-13 11:45:00+00:00,ENCE,Partizan,,,team1,Thunderpick World Championship 2025 European Series 2,0
hltv_match_2384323,2025-08-13 11:45:00+00:00,Sharks,ODDIK,,,team2,Circuito FERJEE de Esports 2025 Finals,0
hltv_match_2384485,2025-08-13 12:40:00+00:00,BIG,9INE,,,team2,StarLadder StarSeries Fall 2025 Europe Closed Qualifier,0
hltv_match_2384430,2025-08-13 13:00:00+00:00,Spirit Academy,JiJieHao,,,team2,ESL Challenger League Season 50 Europe Cup 1,0
hltv_match_2384320,2025-08-13 13:00:00+00:00,CYBERSHOKE,ECLOT,,,team1,Exort The Proving Grounds Season 3,0
hltv_match_2384432,2025-08-13 13:00:00+00:00,Betclic,Passion UA,,,team1,ESL Challenger League Season 50 Europe Cup 1,0
hltv_match_2384434,2025-08-13 13:00:00+00:00,Tricked,RUBY,,,team2,ESL Challenger League Season 50 Europe Cup 1,0
hltv_match_2384429,2025-08-13 13:00:00+00:00,Insilio,Sangal,,,team2,ESL Challenger League Season 50 Europe Cup 1,0
hltv_match_2384433,2025-08-13 13:00:00+00:00,SAW,The Glecs,,,team2,ESL Challenger League Season 50 Europe Cup 1,0
hltv_match_2384435,2025-08-13 13:00:00+00:00,Sashi,GUN5,,,team1,ESL Challenger League Season 50 Europe Cup 1,0
hltv_match_2384418,2025-08-13 14:00:00+00:00,GameHunters,ShindeN,,,team2,CCT Season 3 South America Series 3,0
hltv_match_2384486,2025-08-13 14:10:00+00:00,ENCE,PARIVISION,,,team2,StarLadder StarSeries Fall 2025 Europe Closed Qualifier,0
hltv_match_2384212,2025-08-13 14:10:00+00:00,HOTU,SINNERS,,,team2,Thunderpick World Championship 2025 European Series 2,0
hltv_match_2384324,2025-08-13 15:10:00+00:00,Imperial,RED Canids,,,team1,Circuito FERJEE de Esports 2025 Finals,0
hltv_match_2384450,2025-08-13 17:00:00+00:00,MAGICOS,KRÜ,,,team2,ESL Challenger League Season 50 South America Cup 1,0
hltv_match_2384452,2025-08-13 17:00:00+00:00,Crashers,ShindeN,,,team2,ESL Challenger League Season 50 South America Cup 1,0
hltv_match_2384448,2025-08-13 17:00:00+00:00,Keyd Stars,GameHunters,,,team2,ESL Challenger League Season 50 South America Cup 1,0
hltv_match_2384264,2025-08-13 17:30:00+00:00,M80,Marsborne,,,team1,CCT Season 3 North America Series 1,0
hltv_match_2384462,2025-08-13 21:00:00+00:00,Akimbo,Take Flyte,,,team2,ESL Challenger League Season 50 North America Cup 1,0
hltv_match_2384213,2025-08-14 04:00:00+00:00,ENCE,Betclic,,,team1,Thunderpick World Championship 2025 European Series 2,0
hltv_match_2384252,2025-08-14 04:00:00+00:00,BIG Academy,Bushido Wildcats,,,team2,European Pro League Season 27,0
hltv_match_2384501,2025-08-14 04:00:00+00:00,Nexus,GUN5,,,team1,Exort The Proving Grounds Season 3,0
hltv_match_2384253,2025-08-14 06:30:00+00:00,Prestige,Leo,,,team2,European Pro League Season 27,0
hltv_match_2384502,2025-08-14 07:00:00+00:00,BC.Game,Partizan,,,team2,Exort The Proving Grounds Season 3,0
hltv_match_2384214,2025-08-14 07:00:00+00:00,500,SINNERS,,,team2,Thunderpick World Championship 2025 European Series 2,0
hltv_match_2384556,2025-08-14 09:00:00+00:00,Kaleido,NomadS,,,team2,ESL Challenger League Season 50 Asia-Pacific Cup 1,0
hltv_match_2384289,2025-08-14 09:00:00+00:00,SKYFURY,UNiTY,,,team2,ESEA League Season 54 Europe Elite Cup 1,0
hltv_match_2384555,2025-08-14 09:00:00+00:00,Eruption,IHC,,,team2,ESL Challenger League Season 50 Asia-Pacific Cup 1,0
hltv_match_2384482,2025-08-14 09:00:00+00:00,ECSTATIC,JiJieHao,,,team2,StarLadder StarSeries Fall 2025 Europe Closed Qualifier,0
hltv_match_2384484,2025-08-14 09:00:00+00:00,FUT,Spirit Academy,,,team1,StarLadder StarSeries Fall 2025 Europe Closed Qualifier,0
hltv_match_2384553,2025-08-14 09:30:00+00:00,Lynn Vision,The Huns,,,team1,ESL Challenger League Season 50 Asia-Pacific Cup 1,0
hltv_match_2384150,2025-08-14 10:00:00+00:00,MOUZ,Astralis,,,team1,BLAST Bounty 2025 Season 2 Finals,0
hltv_match_2384290,2025-08-14 10:00:00+00:00,VP.Prodigy,K27,,,team1,ESEA League Season 54 Europe Elite Cup 1,0
hltv_match_2384503,2025-08-14 10:00:00+00:00,ECLOT,Metizport,,,team2,Exort The Proving Grounds Season 3,0
hltv_match_2384215,2025-08-14 10:00:00+00:00,ENCE,SINNERS,,,team1,Thunderpick World Championship 2025 European Series 2,0
hltv_match_2384325,2025-08-14 11:00:00+00:00,ODDIK,Imperial,,,team2,Circuito FERJEE de Esports 2025 Finals,0
hltv_match_2384151,2025-08-14 12:20:00+00:00,The MongolZ,Aurora,,,team1,BLAST Bounty 2025 Season 2 Finals,0
hltv_match_2384444,2025-08-14 13:00:00+00:00,CYBERSHOKE,ENCE,,,team2,ESL Challenger League Season 50 Europe Cup 1,0
hltv_match_2384520,2025-08-14 13:00:00+00:00,Imperial Valkyries,Eternal Fire,,,team2,CCT Season 3 Europe Series 5 Closed Qualifier,0
hltv_match_2384439,2025-08-14 13:00:00+00:00,BetBoom,HOTU,,,team1,ESL Challenger League Season 50 Europe Cup 1,0
hltv_match_2384442,2025-08-14 13:00:00+00:00,9INE,OG,,,team1,ESL Challenger League Season 50 Europe Cup 1,0
hltv_match_2384504,2025-08-14 13:00:00+00:00,Betclic,Tricked,,,team1,Exort The Proving Grounds Season 3,0
hltv_match_2384438,2025-08-14 13:00:00+00:00,Zero Tenacity,Partizan,,,team1,ESL Challenger League Season 50 Europe Cup 1,0
hltv_match_2384437,2025-08-14 13:00:00+00:00,Nemiga,Alliance,,,team1,ESL Challenger League Season 50 Europe Cup 1,0
hltv_match_2384441,2025-08-14 13:00:00+00:00,Johnny Speeds,BIG,,,team1,ESL Challenger League Season 50 Europe Cup 1,0
hltv_match_2384440,2025-08-14 13:00:00+00:00,BC.Game,Betera,,,team1,ESL Challenger League Season 50 Europe Cup 1,0
hltv_match_2384326,2025-08-14 13:50:00+00:00,Sharks,RED Canids,,,team1,Circuito FERJEE de Esports 2025 Finals,0
hltv_match_2384421,2025-08-14 14:00:00+00:00,Bounty Hunters,Dusty Roots,,,team2,CCT Season 3 South America Series 3,0
hltv_match_2384422,2025-08-14 18:00:00+00:00,Yawara,R2,,,team2,CCT Season 3 South America Series 3,0
hltv_match_2384267,2025-08-14 18:45:00+00:00,M80,Wildcard,,,team2,CCT Season 3 North America Series 1,0
hltv_match_2384472,2025-08-14 21:00:00+00:00,M80,Marsborne,,,team1,ESL Challenger League Season 50 North America Cup 1,0
hltv_match_2384476,2025-08-14 21:00:00+00:00,Arrival Seven,Wanted Goons,,,team1,ESL Challenger League Season 50 North America Cup 1,0
hltv_match_2384469,2025-08-14 21:00:00+00:00,NRG,LAG,,,team1,ESL Challenger League Season 50 North America Cup 1,0
hltv_match_2384505,2025-08-15 04:00:00+00:00,Spirit Academy,JiJieHao,,,team1,Exort The Proving Grounds Season 3,0
hltv_match_2384254,2025-08-15 04:00:00+00:00,Eternal Fire,WOPA,,,team2,European Pro League Season 27,0
hltv_match_2384513,2025-08-15 04:00:00+00:00,SINNERS,Leo,,,team1,CCT Season 3 Europe Series 5 Closed Qualifier,0
hltv_match_2384514,2025-08-15 07:00:00+00:00,Betera,Famalicão,,,team1,CCT Season 3 Europe Series 5 Closed Qualifier,0
hltv_match_2384255,2025-08-15 07:15:00+00:00,Alliance,Mousquetaires,,,team1,European Pro League Season 27,0
hltv_match_2384506,2025-08-15 07:45:00+00:00,500,CYBERSHOKE,,,team2,Exort The Proving Grounds Season 3,0
hltv_match_2384487,2025-08-15 07:50:00+00:00,OG,JiJieHao,,,team1,StarLadder StarSeries Fall 2025 Europe Closed Qualifier,0
hltv_match_2384492,2025-08-15 09:00:00+00:00,Nemiga,Spirit Academy,,,team2,StarLadder StarSeries Fall 2025 Europe Closed Qualifier,0
hltv_match_2384564,2025-08-15 09:00:00+00:00,The Huns,IHC,,,team1,ESL Challenger League Season 50 Asia-Pacific Cup 1,0
hltv_match_2384490,2025-08-15 09:55:00+00:00,BetBoom,fnatic,,,team2,StarLadder StarSeries Fall 2025 Europe Closed Qualifier,0
hltv_match_2384515,2025-08-15 10:00:00+00:00,CPH Wolves,KHAN,,,team1,CCT Season 3 Europe Series 5 Closed Qualifier,0
hltv_match_2384507,2025-08-15 10:00:00+00:00,ARCRED,Sangal,,,team1,Exort The Proving Grounds Season 3,0
hltv_match_2384152,2025-08-15 10:00:00+00:00,Vitality,Liquid,,,team1,BLAST Bounty 2025 Season 2 Finals,0
hltv_match_2384423,2025-08-15 11:00:00+00:00,ShindeN,Yawara,,,team1,CCT Season 3 South America Series 3,0
hltv_match_2384327,2025-08-15 11:45:00+00:00,ODDIK,Sharks,,,team1,Circuito FERJEE de Esports 2025 Finals,0
hltv_match_2384584,2025-08-15 13:00:00+00:00,TPuDCATb TPu,OG,,,team2,ESL Challenger League Season 50 Europe Cup 1,0
hltv_match_2384516,2025-08-15 13:00:00+00:00,SPARTA,1win,,,team1,CCT Season 3 Europe Series 5 Closed Qualifier,0
hltv_match_2384589,2025-08-15 13:00:00+00:00,Nexus,Alliance,,,team1,ESL Challenger League Season 50 Europe Cup 1,0
hltv_match_2384585,2025-08-15 13:00:00+00:00,Betclic,BIG,,,team2,ESL Challenger League Season 50 Europe Cup 1,0
hltv_match_2384588,2025-08-15 13:00:00+00:00,Sashi,Partizan,,,team1,ESL Challenger League Season 50 Europe Cup 1,0
hltv_match_2384582,2025-08-15 13:00:00+00:00,Sangal,CYBERSHOKE,,,team1,ESL Challenger League Season 50 Europe Cup 1,0
hltv_match_2384587,2025-08-15 13:00:00+00:00,RUBY,HOTU,,,team2,ESL Challenger League Season 50 Europe Cup 1,0
hltv_match_2384586,2025-08-15 13:00:00+00:00,The Glecs,Betera,,,team2,ESL Challenger League Season 50 Europe Cup 1,0
hltv_match_2384153,2025-08-15 13:20:00+00:00,Spirit,Virtus.pro,,,team1,BLAST Bounty 2025 Season 2 Finals,0
hltv_match_2384424,2025-08-15 14:15:00+00:00,KRÜ,Crashers,,,team1,CCT Season 3 South America Series 3,0
hltv_match_2384508,2025-08-15 16:00:00+00:00,HOTU,9INE,,,team2,Exort The Proving Grounds Season 3,0
hltv_match_2384460,2025-08-15 17:00:00+00:00,Galorys,ShindeN,,,team2,ESL Challenger League Season 50 South America Cup 1,0
hltv_match_2384459,2025-08-15 17:00:00+00:00,Fluxo,KRÜ,,,team1,ESL Challenger League Season 50 South America Cup 1,0
hltv_match_2384455,2025-08-15 17:55:00+00:00,BESTIA,Sharks,,,team1,ESL Challenger League Season 50 South America Cup 1,0
hltv_match_2384328,2025-08-15 18:30:00+00:00,Imperial,ODDIK,,,team1,Circuito FERJEE de Esports 2025 Finals,0
hltv_match_2384426,2025-08-15 19:00:00+00:00,InControl,LAG,,,team2,ESEA League Season 54 North America Elite Cup 1,0
hltv_match_2384268,2025-08-15 19:30:00+00:00,NRG,Wildcard,,,team1,CCT Season 3 North America Series 1,0
hltv_match_2384611,2025-08-15 21:00:00+00:00,Marsborne,Arrival Seven,,,team1,ESL Challenger League Season 50 North America Cup 1,0
hltv_match_2384608,2025-08-15 21:00:00+00:00,LAG,Take Flyte,,,team1,ESL Challenger League Season 50 North America Cup 1,0
hltv_match_2384636,2025-08-15 21:10:00+00:00,Shimmer,FlyQuest RED,,,team1,Dust2.us Eagle Masters Series 3,0
hltv_match_2384521,2025-08-16 04:00:00+00:00,Leo,Famalicão,,,team1,CCT Season 3 Europe Series 5 Closed Qualifier,0
hltv_match_2384575,2025-08-16 06:30:00+00:00,FORZE Reload,Bushido Wildcats,,,team1,European Pro League Season 27,0
hltv_match_2384656,2025-08-16 06:30:00+00:00,Wildcard Academy,MASONIC,,,team1,United21 League Season 36,0
hltv_match_2384495,2025-08-16 07:00:00+00:00,JiJieHao,ECSTATIC,,,team2,StarLadder StarSeries Fall 2025 Europe Closed Qualifier,0
hltv_match_2384639,2025-08-16 07:00:00+00:00,BC.Game,ARCRED,,,team1,Exort The Proving Grounds Season 3,0
hltv_match_2384658,2025-08-16 09:00:00+00:00,WOPA,Sangal Academy,,,team1,United21 League Season 36,0
hltv_match_2384494,2025-08-16 09:00:00+00:00,ENCE,fnatic,,,team2,StarLadder StarSeries Fall 2025 Europe Closed Qualifier,0
hltv_match_2384640,2025-08-16 10:00:00+00:00,9INE,CYBERSHOKE,,,team2,Exort The Proving Grounds Season 3,0
hltv_match_2384154,2025-08-16 10:00:00+00:00,MOUZ,Spirit,,,team2,BLAST Bounty 2025 Season 2 Finals,0
hltv_match_2384523,2025-08-16 10:00:00+00:00,SINNERS,Betera,,,team2,CCT Season 3 Europe Series 5 Closed Qualifier,0
hltv_match_2384699,2025-08-16 11:45:00+00:00,X7,ShindeN,,,team2,CS Asia Championships 2025 Americas Open Qualifier,0
hltv_match_2384155,2025-08-16 12:35:00+00:00,Vitality,The MongolZ,,,team2,BLAST Bounty 2025 Season 2 Finals,0
hltv_match_2384496,2025-08-16 12:35:00+00:00,FUT,Spirit Academy,,,team1,StarLadder StarSeries Fall 2025 Europe Closed Qualifier,0
hltv_match_2384606,2025-08-16 13:00:00+00:00,Betera,HOTU,,,team1,ESL Challenger League Season 50 Europe Cup 1,0
hltv_match_2384702,2025-08-16 13:00:00+00:00,GameHunters,ShindeN,,,team1,CS Asia Championships 2025 Americas Open Qualifier,0
hltv_match_2384605,2025-08-16 13:00:00+00:00,OG,BIG,,,team1,ESL Challenger League Season 50 Europe Cup 1,0
hltv_match_2384607,2025-08-16 13:00:00+00:00,Sashi,Nexus,,,team2,ESL Challenger League Season 50 Europe Cup 1,0
hltv_match_2384600,2025-08-16 13:00:00+00:00,Nemiga,Zero Tenacity,,,team2,ESL Challenger League Season 50 Europe Cup 1,0
hltv_match_2384601,2025-08-16 13:00:00+00:00,BetBoom,BC.Game,,,team1,ESL Challenger League Season 50 Europe Cup 1,0
hltv_match_2384524,2025-08-16 13:00:00+00:00,CPH Wolves,SPARTA,,,team2,CCT Season 3 Europe Series 5 Closed Qualifier,0
hltv_match_2384602,2025-08-16 13:00:00+00:00,9INE,Johnny Speeds,,,team1,ESL Challenger League Season 50 Europe Cup 1,0
hltv_match_2384603,2025-08-16 13:00:00+00:00,ENCE,PARIVISION,,,team2,ESL Challenger League Season 50 Europe Cup 1,0
hltv_match_2384641,2025-08-16 15:00:00+00:00,Tricked,Spirit Academy,,,team2,Exort The Proving Grounds Season 3,0
hltv_match_2384618,2025-08-16 15:00:00+00:00,Fluxo,R2,,,team1,CCT Season 3 South America Series 3,0
hltv_match_2384705,2025-08-16 15:20:00+00:00,9z,GameHunters,,,team1,CS Asia Championships 2025 Americas Open Qualifier,0
hltv_match_2384619,2025-08-16 18:10:00+00:00,FURIA fe,ShindeN,,,team2,CCT Season 3 South America Series 3,0
hltv_match_2384651,2025-08-16 20:30:00+00:00,NRG,Aether,,,team1,PrizePicks NA Revival Series 8,0
hltv_match_2384576,2025-08-17 04:00:00+00:00,GenOne,Alliance,,,team2,European Pro League Season 27,0
hltv_match_2384655,2025-08-17 04:00:00+00:00,BIG Academy,BRUTE,,,team1,United21 League Season 36,0
hltv_match_2384525,2025-08-17 04:00:00+00:00,The Glecs,RUBY,,,team2,CCT Season 3 Europe Series 5 Closed Qualifier,0
hltv_match_2384577,2025-08-17 06:30:00+00:00,EYEBALLERS,WOPA,,,team1,European Pro League Season 27,0
hltv_match_2384642,2025-08-17 07:00:00+00:00,Sangal,Nexus,,,team2,Exort The Proving Grounds Season 3,0
hltv_match_2384500,2025-08-17 09:00:00+00:00,OG,FUT,,,team1,StarLadder StarSeries Fall 2025 Europe Closed Qualifier,0
hltv_match_2384291,2025-08-17 09:00:00+00:00,UNiTY,VP.Prodigy,,,team2,ESEA League Season 54 Europe Elite Cup 1,0
hltv_match_2384497,2025-08-17 09:00:00+00:00,9INE,BIG,,,team1,StarLadder StarSeries Fall 2025 Europe Closed Qualifier,0
hltv_match_2384657,2025-08-17 09:00:00+00:00,G2 Ares,EYEBALLERS,,,team2,United21 League Season 36,0
hltv_match_2384156,2025-08-17 10:00:00+00:00,Spirit,The MongolZ,,,team1,BLAST Bounty 2025 Season 2 Finals,0
hltv_match_2384643,2025-08-17 10:00:00+00:00,500,HOTU,,,team2,Exort The Proving Grounds Season 3,0
hltv_match_2384527,2025-08-17 10:00:00+00:00,Leo,SINNERS,,,team2,CCT Season 3 Europe Series 5 Closed Qualifier,0
hltv_match_2384498,2025-08-17 12:00:00+00:00,PARIVISION,ECSTATIC,,,team1,StarLadder StarSeries Fall 2025 Europe Closed Qualifier,0
hltv_match_2384528,2025-08-17 13:00:00+00:00,KHAN,CPH Wolves,,,team1,CCT Season 3 Europe Series 5 Closed Qualifier,0
hltv_match_2384644,2025-08-17 13:40:00+00:00,JiJieHao,Metizport,,,team1,Exort The Proving Grounds Season 3,0
hltv_match_2384708,2025-08-17 15:00:00+00:00,Imperial,BESTIA,,,team1,CS Asia Championships 2025 Americas Open Qualifier,0
hltv_match_2384623,2025-08-17 15:50:00+00:00,ODDIK,KRÜ,,,team1,CCT Season 3 South America Series 3,0
hltv_match_2384428,2025-08-17 17:00:00+00:00,LAG,MONEY CREW,,,team1,ESEA League Season 54 North America Elite Cup 1,0
hltv_match_2384622,2025-08-17 18:00:00+00:00,Sharks,Bounty Hunters,,,team1,CCT Season 3 South America Series 3,0
hltv_match_2384730,2025-08-17 18:20:00+00:00,Little Bocks,Ghost,,,team2,ESL Impact League Season 8 North America Open Qualifier 1,0
hltv_match_2384710,2025-08-17 19:00:00+00:00,Fluxo,Imperial,,,team2,CS Asia Championships 2025 Americas Open Qualifier,0
hltv_match_2384770,2025-08-17 19:30:00+00:00,Akimbo,Zomblers,,,team1,Clutch or Kick Summer 2025,0
hltv_match_2384731,2025-08-17 21:00:00+00:00,wwaves,Little Bocks,,,team1,ESL Impact League Season 8 North America Open Qualifier 1,0
hltv_match_2384660,2025-08-18 06:30:00+00:00,Sangal Academy,G2 Ares,,,team2,United21 League Season 36,0
hltv_match_2384591,2025-08-18 06:30:00+00:00,GenOne,WOPA,,,team1,European Pro League Season 27,0
hltv_match_2384645,2025-08-18 07:00:00+00:00,9INE,Nexus,,,team1,Exort The Proving Grounds Season 3,0
hltv_match_2384530,2025-08-18 07:00:00+00:00,Eternal Fire,SINNERS,,,team1,CCT Season 3 Europe Series 5 Closed Qualifier,0
hltv_match_2384590,2025-08-18 09:00:00+00:00,Leo,Bushido Wildcats,,,team1,European Pro League Season 27,0
hltv_match_2384624,2025-08-18 09:00:00+00:00,9z,ODDIK,,,team1,CCT Season 3 South America Series 3,0
hltv_match_2384659,2025-08-18 09:00:00+00:00,MASONIC,BRUTE,,,team2,United21 League Season 36,0
hltv_match_2384646,2025-08-18 10:00:00+00:00,ARCRED,HOTU,,,team2,Exort The Proving Grounds Season 3,0
hltv_match_2384647,2025-08-18 13:00:00+00:00,Tricked,JiJieHao,,,team1,Exort The Proving Grounds Season 3,0
hltv_match_2384676,2025-08-18 16:38:13+00:00,Passion UA,CYBERSHOKE,,,team2,Exort The Proving Grounds Season 3,0
hltv_match_2384627,2025-08-18 18:00:00+00:00,BESTIA,Fluxo,,,team2,CCT Season 3 South America Series 3,0
hltv_match_2384593,2025-08-19 04:00:00+00:00,Alliance,EYEBALLERS,,,team1,European Pro League Season 27,0
hltv_match_2384661,2025-08-19 04:00:00+00:00,Wildcard Academy,BIG Academy,,,team1,United21 League Season 36,0
hltv_match_2384533,2025-08-19 04:00:00+00:00,Zero Tenacity,FAVBET,,,team1,CCT Season 3 Europe Series 5,0
hltv_match_2384592,2025-08-19 06:30:00+00:00,K27,FORZE Reload,,,team2,European Pro League Season 27,0
hltv_match_2384662,2025-08-19 06:30:00+00:00,WOPA,EYEBALLERS,,,team2,United21 League Season 36,0
hltv_match_2384674,2025-08-19 07:00:00+00:00,ECSTATIC,HOTU,,,team1,Exort The Proving Grounds Season 3,0
hltv_match_2384675,2025-08-19 10:00:00+00:00,OG,Partizan,,,team1,Exort The Proving Grounds Season 3,0
hltv_match_2384535,2025-08-19 10:25:00+00:00,Betclic,Betera,,,team1,CCT Season 3 Europe Series 5,0
hltv_match_2384536,2025-08-19 13:40:00+00:00,Nexus,SPARTA,,,team2,CCT Season 3 Europe Series 5,0
hltv_match_2384629,2025-08-19 14:30:00+00:00,Sharks,9z,,,team2,CCT Season 3 South America Series 3,0
hltv_match_2384789,2025-08-19 18:00:00+00:00,Black Mold,Little Bocks,,,team1,ESL Impact League Season 8 North America Open Qualifier 2,0
hltv_match_2384630,2025-08-19 18:20:00+00:00,Fluxo,9z,,,team1,CCT Season 3 South America Series 3,0
hltv_match_2384778,2025-08-19 21:15:00+00:00,Wildcard,BOSS,,,team1,Dust2.us Eagle Masters Series 3,0
hltv_match_2384677,2025-08-20 04:00:00+00:00,fnatic,Tricked,,,team1,Exort The Proving Grounds Season 3,0
hltv_match_2384537,2025-08-20 04:00:00+00:00,CYBERSHOKE,Eternal Fire,,,team1,CCT Season 3 Europe Series 5,0
hltv_match_2384713,2025-08-20 04:00:00+00:00,TPuDCATb TPu,Nuclear TigeRES,,,team2,Majestic LanDaLan 3 Closed Qualifier,0
hltv_match_2384663,2025-08-20 04:00:00+00:00,BRUTE,WOPA,,,team1,United21 League Season 36,0
hltv_match_2384595,2025-08-20 06:30:00+00:00,GenOne,K27,,,team1,European Pro League Season 27,0
hltv_match_2384301,2025-08-20 07:00:00+00:00,Natus Vincere,3DMAX,,,team2,Esports World Cup 2025,0
hltv_match_2384678,2025-08-20 07:00:00+00:00,ENCE,BC.Game,,,team2,Exort The Proving Grounds Season 3,0
hltv_match_2384538,2025-08-20 07:00:00+00:00,Metizport,500,,,team1,CCT Season 3 Europe Series 5,0
hltv_match_2384788,2025-08-20 07:13:29+00:00,Arrival Seven,FlyQuest RED,,,team2,Dust2.us Eagle Masters Series 3,0
hltv_match_2384302,2025-08-20 07:15:00+00:00,GamerLegion,The MongolZ,,,team2,Esports World Cup 2025,0
hltv_match_2384664,2025-08-20 07:30:00+00:00,G2 Ares,BIG Academy,,,team2,United21 League Season 36,0
hltv_match_2384715,2025-08-20 10:00:00+00:00,CYBERSHOKE,FORZE Reload,,,team2,Majestic LanDaLan 3 Closed Qualifier,0
hltv_match_2384594,2025-08-20 10:00:00+00:00,Leo,EYEBALLERS,,,team2,European Pro League Season 27,0
hltv_match_2384539,2025-08-20 10:00:00+00:00,Partizan,Monte,,,team1,CCT Season 3 Europe Series 5,0
hltv_match_2384679,2025-08-20 10:00:00+00:00,BIG,Spirit Academy,,,team2,Exort The Proving Grounds Season 3,0
hltv_match_2384300,2025-08-20 10:15:00+00:00,TYLOO,Astralis,,,team1,Esports World Cup 2025,0
hltv_match_2384299,2025-08-20 11:05:00+00:00,Vitality,Liquid,,,team1,Esports World Cup 2025,0
hltv_match_2384540,2025-08-20 13:00:00+00:00,Tricked,ARCRED,,,team2,CCT Season 3 Europe Series 5,0
hltv_match_2384680,2025-08-20 13:00:00+00:00,BetBoom,Betclic,,,team1,Exort The Proving Grounds Season 3,0
hltv_match_2384716,2025-08-20 13:00:00+00:00,Sangal,AMKAL,,,team1,Majestic LanDaLan 3 Closed Qualifier,0
hltv_match_2384306,2025-08-20 14:10:00+00:00,Spirit,HEROIC,,,team2,Esports World Cup 2025,0
hltv_match_2384305,2025-08-20 14:15:00+00:00,FaZe,Aurora,,,team2,Esports World Cup 2025,0
hltv_match_2384572,2025-08-20 17:00:00+00:00,Sharks,Fluxo,,,team2,ESL Challenger League Season 50 South America Cup 1,0
hltv_match_2384793,2025-08-20 20:00:00+00:00,Atrix,CAPIVARAS,,,team1,ESL Impact League Season 8 South America Open Qualifier 2,0
hltv_match_2384597,2025-08-21 04:00:00+00:00,Alliance,FORZE Reload,,,team1,European Pro League Season 27,0
hltv_match_2384541,2025-08-21 04:00:00+00:00,FAVBET,Monte,,,team2,CCT Season 3 Europe Series 5,0
hltv_match_2384665,2025-08-21 04:00:00+00:00,Wildcard Academy,EYEBALLERS,,,team1,United21 League Season 36,0
hltv_match_2384681,2025-08-21 04:00:00+00:00,ECSTATIC,BetBoom,,,team2,Exort The Proving Grounds Season 3,0
hltv_match_2384717,2025-08-21 04:00:00+00:00,ARCRED,1win,,,team2,Majestic LanDaLan 3 Closed Qualifier,0
hltv_match_2384666,2025-08-21 06:30:00+00:00,BRUTE,BIG Academy,,,team2,United21 League Season 36,0
hltv_match_2384303,2025-08-21 07:00:00+00:00,MOUZ,Virtus.pro,,,team1,Esports World Cup 2025,0
hltv_match_2384304,2025-08-21 07:00:00+00:00,G2,Falcons,,,team2,Esports World Cup 2025,0
hltv_match_2384542,2025-08-21 07:15:00+00:00,Nexus,Betera,,,team2,CCT Season 3 Europe Series 5,0
hltv_match_2384682,2025-08-21 07:25:00+00:00,BC.Game,Spirit Academy,,,team1,Exort The Proving Grounds Season 3,0
hltv_match_2384596,2025-08-21 07:25:00+00:00,GenOne,EYEBALLERS,,,team2,European Pro League Season 27,0
hltv_match_2384683,2025-08-21 10:00:00+00:00,fnatic,OG,,,team2,Exort The Proving Grounds Season 3,0
hltv_match_2384543,2025-08-21 10:00:00+00:00,500,Eternal Fire,,,team2,CCT Season 3 Europe Series 5,0
hltv_match_2384719,2025-08-21 10:00:00+00:00,Betera,K27,,,team1,Majestic LanDaLan 3 Closed Qualifier,0
hltv_match_2384382,2025-08-21 10:15:00+00:00,The MongolZ,3DMAX,,,team1,Esports World Cup 2025,0
hltv_match_2384720,2025-08-21 13:00:00+00:00,GUN5,SPARTA,,,team1,Majestic LanDaLan 3 Closed Qualifier,0
hltv_match_2384381,2025-08-21 14:30:00+00:00,TYLOO,Vitality,,,team2,Esports World Cup 2025,0
hltv_match_2384791,2025-08-21 19:00:00+00:00,Little Bocks,NYX,,,team1,ESL Impact League Season 8 North America Open Qualifier 2,0
hltv_match_2384785,2025-08-21 20:00:00+00:00,LAG,TSG,,,team1,Dust2.us Eagle Masters Series 3,0
hltv_match_2384667,2025-08-22 04:00:00+00:00,EYEBALLERS,BIG Academy,,,team1,United21 League Season 36,0
hltv_match_2384545,2025-08-22 04:00:00+00:00,Betclic,SPARTA,,,team2,CCT Season 3 Europe Series 5,0
hltv_match_2384685,2025-08-22 07:00:00+00:00,BC.Game,OG,,,team1,Exort The Proving Grounds Season 3,0
hltv_match_2384598,2025-08-22 07:00:00+00:00,FORZE Reload,EYEBALLERS,,,team2,European Pro League Season 27,0
hltv_match_2384546,2025-08-22 07:15:00+00:00,CYBERSHOKE,Metizport,,,team2,CCT Season 3 Europe Series 5,0
hltv_match_2384547,2025-08-22 10:30:00+00:00,Alliance,ARCRED,,,team1,CCT Season 3 Europe Series 5,0
hltv_match_2384384,2025-08-22 10:30:00+00:00,HEROIC,Aurora,,,team2,Esports World Cup 2025,0
hltv_match_2384548,2025-08-22 13:00:00+00:00,Partizan,Zero Tenacity,,,team2,CCT Season 3 Europe Series 5,0
hltv_match_2384383,2025-08-22 13:45:00+00:00,Falcons,MOUZ,,,team1,Esports World Cup 2025,0
hltv_match_2384687,2025-08-22 14:00:00+00:00,BC.Game,BetBoom,,,team2,Exort The Proving Grounds Season 3,0
hltv_match_2384857,2025-08-22 20:00:00+00:00,Marsborne,BOSS,,,team1,Dust2.us Eagle Masters Series 3,0
hltv_match_2384858,2025-08-22 20:00:00+00:00,Shimmer,Aether,,,team2,Dust2.us Eagle Masters Series 3,0
hltv_match_2384599,2025-08-23 04:00:00+00:00,Alliance,EYEBALLERS,,,team2,European Pro League Season 27,0
hltv_match_2384721,2025-08-23 04:05:00+00:00,TPuDCATb TPu,AMKAL,,,team2,Majestic LanDaLan 3 Closed Qualifier,0
hltv_match_2384779,2025-08-23 04:15:00+00:00,VP.Prodigy,Flame Sharks,,,team1,Myskill Pro League Season 2 Finals,0
hltv_match_2384796,2025-08-23 07:00:00+00:00,500,FAVBET,,,team1,CCT Season 3 Europe Series 5,0
hltv_match_2384780,2025-08-23 09:45:00+00:00,NOVAQ,VP.Prodigy,,,team2,Myskill Pro League Season 2 Finals,0
hltv_match_2384723,2025-08-23 10:00:00+00:00,ARCRED,SPARTA,,,team1,Majestic LanDaLan 3 Closed Qualifier,0
hltv_match_2384797,2025-08-23 10:30:00+00:00,CYBERSHOKE,Betera,,,team2,CCT Season 3 Europe Series 5,0
hltv_match_2384385,2025-08-23 10:30:00+00:00,The MongolZ,Vitality,,,team1,Esports World Cup 2025,0
hltv_match_2384798,2025-08-23 13:00:00+00:00,Partizan,ARCRED,,,team1,CCT Season 3 Europe Series 5,0
hltv_match_2384722,2025-08-23 13:05:00+00:00,GUN5,1win,,,team2,Majestic LanDaLan 3 Closed Qualifier,0
hltv_match_2384386,2025-08-23 14:20:00+00:00,Aurora,Falcons,,,team1,Esports World Cup 2025,0
hltv_match_2384387,2025-08-24 03:00:00+00:00,Vitality,Falcons,,,team2,Esports World Cup 2025,0
hltv_match_2384725,2025-08-24 04:00:00+00:00,CYBERSHOKE,K27,,,team1,Majestic LanDaLan 3 Closed Qualifier,0
hltv_match_2384799,2025-08-24 04:00:00+00:00,Betclic,Eternal Fire,,,team1,CCT Season 3 Europe Series 5,0
hltv_match_2384900,2025-08-24 06:00:00+00:00,ALGO,Lazer Cats,,,team2,Legion Regular Cup 2025,0
hltv_match_2384899,2025-08-24 06:30:00+00:00,TPuDCATb TPu,Hesta,,,team1,RESF Russia Cup 2025,0
hltv_match_2384388,2025-08-24 06:35:00+00:00,The MongolZ,Aurora,,,team1,Esports World Cup 2025,0
hltv_match_2384800,2025-08-24 07:00:00+00:00,Tricked,Monte,,,team2,CCT Season 3 Europe Series 5,0
hltv_match_2384726,2025-08-24 07:40:00+00:00,Betera,FORZE Reload,,,team1,Majestic LanDaLan 3 Closed Qualifier,0
hltv_match_2384801,2025-08-24 10:00:00+00:00,Alliance,SPARTA,,,team1,CCT Season 3 Europe Series 5,0
hltv_match_2384802,2025-08-24 13:00:00+00:00,Zero Tenacity,Metizport,,,team1,CCT Season 3 Europe Series 5,0
hltv_match_2384728,2025-08-24 13:10:00+00:00,Sangal,Nuclear TigeRES,,,team2,Majestic LanDaLan 3 Closed Qualifier,0
hltv_match_2384932,2025-08-24 13:30:00+00:00,Wave,TNC,,,team2,Galaxy Cup 2025 Finals,0
hltv_match_2384865,2025-08-24 21:00:00+00:00,BOSS,Aether,,,team1,Dust2.us Eagle Masters Series 3,0
hltv_match_2384891,2025-08-25 04:00:00+00:00,Eternal Fire,NIP Impact,,,team1,European Pro League Series 2 Closed Qualifier,0
hltv_match_2384668,2025-08-25 06:30:00+00:00,Wildcard Academy,EYEBALLERS,,,team1,United21 League Season 36,0
hltv_match_2384892,2025-08-25 07:00:00+00:00,KHAN,ALGO,,,team1,European Pro League Series 2 Closed Qualifier,0
hltv_match_2384866,2025-08-25 07:00:00+00:00,Tricked,Eternal Fire,,,team1,CCT Season 3 Europe Series 5,0
hltv_match_2384868,2025-08-25 13:00:00+00:00,500,ARCRED,,,team2,CCT Season 3 Europe Series 5,0
hltv_match_2384920,2025-08-26 01:45:00+00:00,Kaleido,BORING PLAYERS,,,team2,Perfect World CS Challenge Series 1 China Closed Qualifier,0
hltv_match_2384921,2025-08-26 04:20:00+00:00,FengDa,BORING PLAYERS,,,team1,Perfect World CS Challenge Series 1 China Closed Qualifier,0
hltv_match_2384894,2025-08-26 06:30:00+00:00,AMKAL,Imperial Valkyries,,,team1,European Pro League Series 2 Closed Qualifier,0
hltv_match_2384869,2025-08-26 07:00:00+00:00,Partizan,Betera,,,team1,CCT Season 3 Europe Series 5,0
hltv_match_2384816,2025-08-26 07:30:00+00:00,TPuDCATb TPu,SPARTA,,,team1,Majestic LanDaLan 3 Closed Qualifier,0
hltv_match_2384566,2025-08-26 09:00:00+00:00,NomadS,The Huns,,,team1,ESL Challenger League Season 50 Asia-Pacific Cup 1,0
hltv_match_2384870,2025-08-26 10:00:00+00:00,Betclic,Monte,,,team2,CCT Season 3 Europe Series 5,0
hltv_match_2384817,2025-08-26 10:30:00+00:00,Betera,1win,,,team1,Majestic LanDaLan 3 Closed Qualifier,0
hltv_match_2384871,2025-08-26 13:00:00+00:00,Metizport,SPARTA,,,team1,CCT Season 3 Europe Series 5,0
hltv_match_2384689,2025-08-26 13:00:00+00:00,OG,BC.Game,,,team1,ESL Challenger League Season 50 Europe Cup 1,0
hltv_match_2384691,2025-08-26 13:00:00+00:00,Nexus,ENCE,,,team2,ESL Challenger League Season 50 Europe Cup 1,0
hltv_match_2384688,2025-08-26 13:00:00+00:00,Gentle Mates,Nemiga,,,team1,ESL Challenger League Season 50 Europe Cup 1,0
hltv_match_2384581,2025-08-26 17:00:00+00:00,Fluxo,ShindeN,,,team1,ESL Challenger League Season 50 South America Cup 1,0
hltv_match_2384579,2025-08-26 17:00:00+00:00,BESTIA,9z,,,team2,ESL Challenger League Season 50 South America Cup 1,0
hltv_match_2384613,2025-08-26 21:00:00+00:00,M80,InControl,,,team1,ESL Challenger League Season 50 North America Cup 1,0
hltv_match_2384895,2025-08-27 04:00:00+00:00,1win,Mousquetaires,,,team1,European Pro League Series 2 Closed Qualifier,0
hltv_match_2384819,2025-08-27 04:00:00+00:00,RUBY,ARCRED,,,team1,Majestic LanDaLan 3 Closed Qualifier,0
hltv_match_2384560,2025-08-27 05:00:00+00:00,Rooster,Mindfreak,,,team1,ESL Challenger League Season 50 Oceania Cup 1,0
hltv_match_2384807,2025-08-27 06:00:00+00:00,Vitality,M80,,,team1,BLAST Open London 2025,0
hltv_match_2384896,2025-08-27 06:30:00+00:00,SPARTA,kONO,,,team1,European Pro League Series 2 Closed Qualifier,0
hltv_match_2384820,2025-08-27 07:10:00+00:00,CYBERSHOKE,KHAN,,,team1,Majestic LanDaLan 3 Closed Qualifier,0
hltv_match_2384567,2025-08-27 09:00:00+00:00,Rare Atom,Lynn Vision,,,team2,ESL Challenger League Season 50 Asia-Pacific Cup 1,0
hltv_match_2384808,2025-08-27 09:05:00+00:00,GamerLegion,Virtus.pro,,,team1,BLAST Open London 2025,0
hltv_match_2384821,2025-08-27 10:00:00+00:00,GUN5,AMKAL,,,team2,Majestic LanDaLan 3 Closed Qualifier,0
hltv_match_2384873,2025-08-27 10:00:00+00:00,Tricked,Betera,,,team2,CCT Season 3 Europe Series 5,0
hltv_match_2384958,2025-08-27 11:00:00+00:00,BIG Academy,Sangal Academy,,,team1,Urban Academies Season 1,0
hltv_match_2384809,2025-08-27 11:05:00+00:00,FaZe,ECSTATIC,,,team1,BLAST Open London 2025,0
hltv_match_2384695,2025-08-27 13:00:00+00:00,Johnny Speeds,ENCE,,,team2,ESL Challenger League Season 50 Europe Cup 1,0
hltv_match_2384693,2025-08-27 13:00:00+00:00,PARIVISION,9INE,,,team2,ESL Challenger League Season 50 Europe Cup 1,0
hltv_match_2384694,2025-08-27 13:00:00+00:00,Gentle Mates,OG,,,team2,ESL Challenger League Season 50 Europe Cup 1,0
hltv_match_2384692,2025-08-27 13:00:00+00:00,Zero Tenacity,BetBoom,,,team2,ESL Challenger League Season 50 Europe Cup 1,0
hltv_match_2384822,2025-08-27 13:00:00+00:00,Sangal,FORZE Reload,,,team1,Majestic LanDaLan 3 Closed Qualifier,0
hltv_match_2384959,2025-08-27 14:00:00+00:00,G2 Ares,Aurora Young Blud,,,team1,Urban Academies Season 1,0
hltv_match_2384874,2025-08-27 14:05:00+00:00,ARCRED,SPARTA,,,team1,CCT Season 3 Europe Series 5,0
hltv_match_2384810,2025-08-27 14:30:00+00:00,Natus Vincere,fnatic,,,team1,BLAST Open London 2025,0
hltv_match_2384946,2025-08-27 21:00:00+00:00,InControl,BOSS,,,team2,ESL Challenger League Season 50 North America Cup 1,0
hltv_match_2384925,2025-08-27 23:00:00+00:00,BORING PLAYERS,Kaleido,,,team2,Perfect World CS Challenge Series 1 China Closed Qualifier,0
hltv_match_2384926,2025-08-28 01:30:00+00:00,Rare Atom,Just Swing,,,team1,Perfect World CS Challenge Series 1 China Closed Qualifier,0
hltv_match_2384875,2025-08-28 04:00:00+00:00,HOTU,Alliance,,,team2,CCT Season 3 Europe Series 5,0
hltv_match_2384823,2025-08-28 04:00:00+00:00,Sangal,1win,,,team1,Majestic LanDaLan 3 Closed Qualifier,0
hltv_match_2384927,2025-08-28 04:55:00+00:00,FengDa,Kaleido,,,team2,Perfect World CS Challenge Series 1 China Closed Qualifier,0
hltv_match_2384811,2025-08-28 06:00:00+00:00,MOUZ,Imperial,,,team1,BLAST Open London 2025,0
hltv_match_2384824,2025-08-28 07:00:00+00:00,GUN5,K27,,,team2,Majestic LanDaLan 3 Closed Qualifier,0
hltv_match_2384876,2025-08-28 08:50:00+00:00,ENCE,ARCRED,,,team2,CCT Season 3 Europe Series 5,0
hltv_match_2384812,2025-08-28 08:55:00+00:00,G2,Liquid,,,team1,BLAST Open London 2025,0
hltv_match_2384568,2025-08-28 09:00:00+00:00,NomadS,Rare Atom,,,team2,ESL Challenger League Season 50 Asia-Pacific Cup 1,0
hltv_match_2384825,2025-08-28 10:00:00+00:00,CYBERSHOKE,Nuclear TigeRES,,,team2,Majestic LanDaLan 3 Closed Qualifier,0
hltv_match_2384877,2025-08-28 10:45:00+00:00,FUT,Betera,,,team1,CCT Season 3 Europe Series 5,0
hltv_match_2384813,2025-08-28 10:50:00+00:00,Spirit,FlyQuest,,,team1,BLAST Open London 2025,0
hltv_match_2384960,2025-08-28 11:20:00+00:00,Sangal Academy,G2 Ares,,,team2,Urban Academies Season 1,0
hltv_match_2384814,2025-08-28 12:40:00+00:00,FURIA,Legacy,,,team1,BLAST Open London 2025,0
hltv_match_2384952,2025-08-28 13:00:00+00:00,OG,PARIVISION,,,team2,ESL Challenger League Season 50 Europe Cup 1,0
hltv_match_2384878,2025-08-28 13:00:00+00:00,BetBoom,Monte,,,team1,CCT Season 3 Europe Series 5,0
hltv_match_2384942,2025-08-28 17:00:00+00:00,Fluxo,BESTIA,,,team2,ESL Challenger League Season 50 South America Cup 1,0
hltv_match_2384971,2025-08-28 17:20:00+00:00,Crashers,RED Canids Academy,,,team1,Liga Gamers Club 2025 Serie A August Cup,0
hltv_match_2384962,2025-08-28 23:00:00+00:00,3DMAX,Lynn Vision,,,team1,Perfect World CS Challenge Series 1,0
hltv_match_2384979,2025-08-29 00:20:00+00:00,Chinggis Warriors,Eruption,,,team1,MESA Pro Series Fall 2025,0
hltv_match_2384963,2025-08-29 02:00:00+00:00,TYLOO,B8,,,team1,Perfect World CS Challenge Series 1,0
hltv_match_2384980,2025-08-29 03:45:00+00:00,The Huns,The QUBE,,,team1,MESA Pro Series Fall 2025,0
hltv_match_2384751,2025-08-29 03:55:00+00:00,EYEBALLERS,INFINITE,,,team1,DraculaN Season 1,0
hltv_match_2384904,2025-08-29 04:00:00+00:00,NIP Impact,ALGO,,,team2,European Pro League Series 2 Closed Qualifier,0
hltv_match_2384879,2025-08-29 04:00:00+00:00,JiJieHao,Zero Tenacity,,,team1,CCT Season 3 Europe Series 5,0
hltv_match_2384748,2025-08-29 04:00:00+00:00,Inner Circle,HyperSpirit,,,team2,DraculaN Season 1,0
hltv_match_2384826,2025-08-29 04:00:00+00:00,TPuDCATb TPu,KHAN,,,team1,Majestic LanDaLan 3 Closed Qualifier,0
hltv_match_2384749,2025-08-29 04:40:00+00:00,Tricked,aimclub,,,team2,DraculaN Season 1,0
hltv_match_2384562,2025-08-29 05:00:00+00:00,SemperFi,Rooster,,,team1,ESL Challenger League Season 50 Oceania Cup 1,0
hltv_match_2384744,2025-08-29 05:35:00+00:00,9INE,HyperSpirit,,,team1,DraculaN Season 1,0
hltv_match_2384747,2025-08-29 05:35:00+00:00,Nexus,INFINITE,,,team1,DraculaN Season 1,0
hltv_match_2384836,2025-08-29 06:00:00+00:00,ECSTATIC,fnatic,,,team2,BLAST Open London 2025,0
hltv_match_2384964,2025-08-29 06:00:00+00:00,3DMAX,TYLOO,,,team1,Perfect World CS Challenge Series 1,0
hltv_match_2384745,2025-08-29 06:30:00+00:00,Monte,aimclub,,,team1,DraculaN Season 1,0
hltv_match_2384742,2025-08-29 06:50:00+00:00,ENCE,MANA,,,team1,DraculaN Season 1,0
hltv_match_2384981,2025-08-29 06:55:00+00:00,Eruption,The QUBE,,,team1,MESA Pro Series Fall 2025,0
hltv_match_2384880,2025-08-29 07:00:00+00:00,OG,Metizport,,,team1,CCT Season 3 Europe Series 5,0
hltv_match_2384905,2025-08-29 07:00:00+00:00,Eternal Fire,KHAN,,,team1,European Pro League Series 2 Closed Qualifier,0
hltv_match_2384828,2025-08-29 07:00:00+00:00,ARCRED,FORZE Reload,,,team2,Majestic LanDaLan 3 Closed Qualifier,0
hltv_match_2384743,2025-08-29 07:00:00+00:00,Nexus,EYEBALLERS,,,team2,DraculaN Season 1,0
hltv_match_2384740,2025-08-29 07:30:00+00:00,9INE,Inner Circle,,,team1,DraculaN Season 1,0
hltv_match_2384741,2025-08-29 07:50:00+00:00,Monte,Tricked,,,team1,DraculaN Season 1,0
hltv_match_2384837,2025-08-29 07:55:00+00:00,M80,Virtus.pro,,,team1,BLAST Open London 2025,0
hltv_match_2384569,2025-08-29 09:05:00+00:00,Lynn Vision,Rare Atom,,,team1,ESL Challenger League Season 50 Asia-Pacific Cup 1,0
hltv_match_2384752,2025-08-29 09:15:00+00:00,Ninjas in Pyjamas,EYEBALLERS,,,team2,DraculaN Season 1,0
hltv_match_2384881,2025-08-29 10:00:00+00:00,Spirit Academy,Partizan,,,team1,CCT Season 3 Europe Series 5,0
hltv_match_2384827,2025-08-29 10:10:00+00:00,RUBY,AMKAL,,,team2,Majestic LanDaLan 3 Closed Qualifier,0
hltv_match_2384753,2025-08-29 10:10:00+00:00,Passion UA,Monte,,,team2,DraculaN Season 1,0
hltv_match_2384838,2025-08-29 10:50:00+00:00,Vitality,GamerLegion,,,team1,BLAST Open London 2025,0
hltv_match_2384961,2025-08-29 11:00:00+00:00,BIG Academy,G2 Ares,,,team2,Urban Academies Season 1,0
hltv_match_2384954,2025-08-29 13:00:00+00:00,Zero Tenacity,PARIVISION,,,team2,ESL Challenger League Season 50 Europe Cup 1,0
hltv_match_2384755,2025-08-29 13:40:00+00:00,fnatic,ENCE,,,team1,DraculaN Season 1,0
hltv_match_2384754,2025-08-29 13:40:00+00:00,Gentle Mates,9INE,,,team1,DraculaN Season 1,0
hltv_match_2384839,2025-08-29 14:00:00+00:00,FaZe,Natus Vincere,,,team1,BLAST Open London 2025,0
hltv_match_2384943,2025-08-29 17:00:00+00:00,RED Canids,9z,,,team2,ESL Challenger League Season 50 South America Cup 1,0
hltv_match_2384965,2025-08-29 23:00:00+00:00,Rare Atom,Lynn Vision,,,team2,Perfect World CS Challenge Series 1,0
hltv_match_2384982,2025-08-30 00:10:00+00:00,Chinggis Warriors,The Huns,,,team2,MESA Pro Series Fall 2025,0
hltv_match_2384966,2025-08-30 02:55:00+00:00,Kaleido,B8,,,team2,Perfect World CS Challenge Series 1,0
hltv_match_2384985,2025-08-30 03:00:00+00:00,ALLINNERS,NOVAQ,,,team2,1xBet FRAG Season 15,0
hltv_match_2384756,2025-08-30 04:00:00+00:00,EYEBALLERS,fnatic,,,team2,DraculaN Season 1,0
hltv_match_2384883,2025-08-30 04:00:00+00:00,FUT,Alliance,,,team1,CCT Season 3 Europe Series 5,0
hltv_match_2384757,2025-08-30 04:00:00+00:00,Monte,Gentle Mates,,,team1,DraculaN Season 1,0
hltv_match_2384983,2025-08-30 04:10:00+00:00,Eruption,Chinggis Warriors,,,team2,MESA Pro Series Fall 2025,0
hltv_match_2384829,2025-08-30 04:15:00+00:00,TPuDCATb TPu,FORZE Reload,,,team1,Majestic LanDaLan 3 Closed Qualifier,0
hltv_match_2384967,2025-08-30 05:30:00+00:00,Lynn Vision,B8,,,team1,Perfect World CS Challenge Series 1,0
hltv_match_2384844,2025-08-30 06:00:00+00:00,Imperial,Liquid,,,team2,BLAST Open London 2025,0
hltv_match_2384984,2025-08-30 06:45:00+00:00,The Huns,Chinggis Warriors,,,team1,MESA Pro Series Fall 2025,0
hltv_match_2384759,2025-08-30 07:00:00+00:00,Passion UA,9INE,,,team2,DraculaN Season 1,0
hltv_match_2384830,2025-08-30 07:00:00+00:00,RUBY,K27,,,team2,Majestic LanDaLan 3 Closed Qualifier,0
hltv_match_2384907,2025-08-30 07:00:00+00:00,FORZE Reload,AMKAL,,,team2,European Pro League Series 2 Closed Qualifier,0
hltv_match_2384986,2025-08-30 07:30:00+00:00,AK BARS,DEPO,,,team2,1xBet FRAG Season 15,0
hltv_match_2384758,2025-08-30 08:00:00+00:00,Ninjas in Pyjamas,ENCE,,,team2,DraculaN Season 1,0
hltv_match_2384884,2025-08-30 08:40:00+00:00,BetBoom,OG,,,team1,CCT Season 3 Europe Series 5,0
hltv_match_2384845,2025-08-30 09:15:00+00:00,FlyQuest,Legacy,,,team1,BLAST Open London 2025,0
hltv_match_2384831,2025-08-30 10:00:00+00:00,CYBERSHOKE,1win,,,team1,Majestic LanDaLan 3 Closed Qualifier,0
hltv_match_2384761,2025-08-30 10:00:00+00:00,EYEBALLERS,9INE,,,team2,DraculaN Season 1,0
hltv_match_2384990,2025-08-30 11:10:00+00:00,NOVAQ,DEPO,,,team1,1xBet FRAG Season 15,0
hltv_match_2384760,2025-08-30 11:20:00+00:00,Gentle Mates,ENCE,,,team2,DraculaN Season 1,0
hltv_match_2384885,2025-08-30 12:00:00+00:00,ARCRED,Spirit Academy,,,team2,CCT Season 3 Europe Series 5,0
hltv_match_2384846,2025-08-30 12:25:00+00:00,MOUZ,G2,,,team1,BLAST Open London 2025,0
hltv_match_2384762,2025-08-30 13:45:00+00:00,Monte,fnatic,,,team2,DraculaN Season 1,0
hltv_match_2384763,2025-08-30 14:00:00+00:00,ENCE,9INE,,,team1,DraculaN Season 1,0
hltv_match_2384847,2025-08-30 14:30:00+00:00,Spirit,FURIA,,,team2,BLAST Open London 2025,0
hltv_match_2384944,2025-08-30 17:00:00+00:00,BESTIA,RED Canids,,,team1,ESL Challenger League Season 50 South America Cup 1,0
hltv_match_2384992,2025-08-30 18:45:00+00:00,LAG,BOSS,,,team2,Night Shift Invitational 2025 North America,0
hltv_match_2384968,2025-08-31 02:00:00+00:00,TYLOO,Lynn Vision,,,team1,Perfect World CS Challenge Series 1,0
hltv_match_2384987,2025-08-31 03:00:00+00:00,ALLINNERS,AK BARS,,,team1,1xBet FRAG Season 15,0
hltv_match_2384908,2025-08-31 04:00:00+00:00,Mousquetaires,kONO,,,team2,European Pro League Series 2 Closed Qualifier,0
hltv_match_2384832,2025-08-31 04:00:00+00:00,CYBERSHOKE,K27,,,team2,Majestic LanDaLan 3 Closed Qualifier,0
hltv_match_2384998,2025-08-31 05:30:00+00:00,FORZE Reload,Insilio,,,team1,Exort Series 15,0
hltv_match_2384988,2025-08-31 06:00:00+00:00,DEPO,ALLINNERS,,,team2,1xBet FRAG Season 15,0
hltv_match_2384841,2025-08-31 06:00:00+00:00,fnatic,GamerLegion,,,team1,BLAST Open London 2025,0
hltv_match_2384997,2025-08-31 06:00:00+00:00,Bravado,Kitsune,,,team1,Telkom VS Gaming Masters 2025 Finals,0
hltv_match_2384887,2025-08-31 06:00:00+00:00,FUT,BetBoom,,,team2,CCT Season 3 Europe Series 5,0
hltv_match_2384969,2025-08-31 06:05:00+00:00,3DMAX,TYLOO,,,team1,Perfect World CS Challenge Series 1,0
hltv_match_2384909,2025-08-31 06:30:00+00:00,1win,SPARTA,,,team1,European Pro League Series 2 Closed Qualifier,0
hltv_match_2384764,2025-08-31 07:00:00+00:00,ENCE,Monte,,,team2,DraculaN Season 1,0
hltv_match_2384833,2025-08-31 07:00:00+00:00,TPuDCATb TPu,AMKAL,,,team1,Majestic LanDaLan 3 Closed Qualifier,0
hltv_match_2384989,2025-08-31 08:10:00+00:00,NOVAQ,ALLINNERS,,,team1,1xBet FRAG Season 15,0
hltv_match_2384999,2025-08-31 08:30:00+00:00,RUSTEC,Phantom,,,team2,Exort Series 15,0
hltv_match_2384840,2025-08-31 08:30:00+00:00,M80,Natus Vincere,,,team1,BLAST Open London 2025,0
hltv_match_2384765,2025-08-31 11:00:00+00:00,fnatic,Monte,,,team1,DraculaN Season 1,0
hltv_match_2385029,2025-08-31 11:00:00+00:00,WahWah,Legion,,,team1,CTRL POINT Season 1,0
hltv_match_2384848,2025-08-31 11:45:00+00:00,Liquid,Spirit,,,team2,BLAST Open London 2025,0
hltv_match_2384956,2025-08-31 13:00:00+00:00,PARIVISION,9INE,,,team1,ESL Challenger League Season 50 Europe Cup 1,0
hltv_match_2384849,2025-08-31 14:00:00+00:00,FlyQuest,G2,,,team2,BLAST Open London 2025,0
hltv_match_2385000,2025-08-31 14:30:00+00:00,TPuDCATb TPu,UNiTY,,,team1,Exort Series 15,0
hltv_match_2385001,2025-08-31 14:30:00+00:00,HyperSpirit,ECLOT,,,team1,Exort Series 15,0
hltv_match_2384945,2025-08-31 17:00:00+00:00,9z,BESTIA,,,team2,ESL Challenger League Season 50 South America Cup 1,0
hltv_match_2385005,2025-09-01 03:00:00+00:00,Mindfreak,Animus Victoria,,,team2,CCT Season 3 Oceania Series 2,0
hltv_match_2384834,2025-09-01 04:00:00+00:00,Nuclear TigeRES,K27,,,team1,Majestic LanDaLan 3 Closed Qualifier,0
hltv_match_2384842,2025-09-01 06:00:00+00:00,Vitality,FaZe,,,team1,BLAST Open London 2025,0
hltv_match_2384835,2025-09-01 07:00:00+00:00,Sangal,TPuDCATb TPu,,,team2,Majestic LanDaLan 3 Closed Qualifier,0
hltv_match_2385002,2025-09-01 08:30:00+00:00,FORZE Reload,Phantom,,,team2,Exort Series 15,0
hltv_match_2384843,2025-09-01 10:10:00+00:00,fnatic,M80,,,team2,BLAST Open London 2025,0
hltv_match_2385003,2025-09-01 11:30:00+00:00,TPuDCATb TPu,HyperSpirit,,,team1,Exort Series 15,0
hltv_match_2384850,2025-09-01 12:40:00+00:00,MOUZ,FURIA,,,team2,BLAST Open London 2025,0
hltv_match_2384957,2025-09-01 13:00:00+00:00,BetBoom,PARIVISION,,,team2,ESL Challenger League Season 50 Europe Cup 1,0
hltv_match_2384851,2025-09-01 15:05:00+00:00,Spirit,G2,,,team2,BLAST Open London 2025,0
hltv_match_2385004,2025-09-01 15:30:00+00:00,Phantom,TPuDCATb TPu,,,team2,Exort Series 15,0
hltv_match_2384912,2025-09-02 04:00:00+00:00,kONO,SPARTA,,,team1,European Pro League Series 2 Closed Qualifier,0
hltv_match_2385008,2025-09-02 06:30:00+00:00,FURY,Underground,,,team1,CCT Season 3 Oceania Series 2,0
hltv_match_2385032,2025-09-02 13:30:00+00:00,RUSTEC,1win,,,team2,ESEA Advanced Season 54 Europe,0
hltv_match_2385033,2025-09-02 13:30:00+00:00,Flame Sharks,WOPA,,,team2,ESEA Advanced Season 54 Europe,0
hltv_match_2385034,2025-09-02 13:30:00+00:00,Nuclear TigeRES,ALGO,,,team1,ESEA Advanced Season 54 Europe,0
hltv_match_2385035,2025-09-02 13:30:00+00:00,Glitchtech,Inner Circle,,,team2,ESEA Advanced Season 54 Europe,0
hltv_match_2384914,2025-09-03 06:30:00+00:00,ALGO,KHAN,,,team1,European Pro League Series 2 Closed Qualifier,0
hltv_match_2385053,2025-09-03 07:00:00+00:00,FORZE Reload,SPARTA,,,team1,CCT Season 3 Europe Series 6 Closed Qualifier,0
hltv_match_2385031,2025-09-03 09:00:00+00:00,HyperSpirit,Phantom,,,team2,ESEA Advanced Season 54 Europe,0
hltv_match_2385037,2025-09-03 11:00:00+00:00,Insilio,QUAZAR,,,team1,ESEA Advanced Season 54 Europe,0
hltv_match_2385055,2025-09-03 13:35:00+00:00,Famalicão,AMKAL,,,team2,CCT Season 3 Europe Series 6 Closed Qualifier,0
hltv_match_2385012,2025-09-04 06:00:00+00:00,LE-LUX,Underground,,,team2,CCT Season 3 Oceania Series 2,0
hltv_match_2384929,2025-09-04 06:30:00+00:00,AMKAL,kONO,,,team1,European Pro League Series 2 Closed Qualifier,0
hltv_match_2385089,2025-09-04 07:00:00+00:00,CPH Wolves,Famalicão,,,team1,CCT Season 3 Europe Series 6 Closed Qualifier,0
hltv_match_2385076,2025-09-04 08:10:00+00:00,ESC,BIG,,,team2,Betclic Clash Summer 2025 Play-in,0
hltv_match_2385060,2025-09-04 09:00:00+00:00,Galorys,JERSA,,,team1,CCT Season 3 South America Series 4,0
hltv_match_2385090,2025-09-04 10:00:00+00:00,kONO,FORZE Reload,,,team2,CCT Season 3 Europe Series 6 Closed Qualifier,0
hltv_match_2385045,2025-09-04 10:00:00+00:00,Fire Flux,Insilio,,,team2,ESEA Advanced Season 54 Europe,0
hltv_match_2385039,2025-09-04 10:30:00+00:00,Hesta,Phantom,,,team2,ESEA Advanced Season 54 Europe,0
hltv_match_2385077,2025-09-04 11:00:00+00:00,AaB,Mousquetaires,,,team1,Betclic Clash Summer 2025 Play-in,0
hltv_match_2385061,2025-09-04 12:00:00+00:00,Keyd Stars,Vasco,,,team1,CCT Season 3 South America Series 4,0
hltv_match_2385043,2025-09-04 13:00:00+00:00,SKYFURY,Inner Circle,,,team2,ESEA Advanced Season 54 Europe,0
hltv_match_2385041,2025-09-04 13:30:00+00:00,K27,WOPA,,,team1,ESEA Advanced Season 54 Europe,0
hltv_match_2385084,2025-09-04 14:30:00+00:00,BIG,AaB,,,team1,Betclic Clash Summer 2025 Play-in,0
hltv_match_2385119,2025-09-04 22:00:00+00:00,Chinggis Warriors,NomadS,,,team1,eXTREMESLAND 2025 Mongolia Open Qualifier 1,0
hltv_match_2385120,2025-09-05 01:00:00+00:00,The Huns,IHC,,,team1,eXTREMESLAND 2025 Mongolia Open Qualifier 1,0
hltv_match_2385121,2025-09-05 03:50:00+00:00,Chinggis Warriors,The Huns,,,team1,eXTREMESLAND 2025 Mongolia Open Qualifier 1,0
hltv_match_2385056,2025-09-05 04:00:00+00:00,EYEBALLERS,NIP Impact,,,team1,CCT Season 3 Europe Series 6 Closed Qualifier,0
hltv_match_2385115,2025-09-05 04:00:00+00:00,Young Ninjas,MASONIC,,,team2,United21 League Season 37,0
hltv_match_2384930,2025-09-05 04:00:00+00:00,1win,FORZE Reload,,,team2,European Pro League Series 2 Closed Qualifier,0
hltv_match_2385116,2025-09-05 06:30:00+00:00,ENCE Academy,MANA,,,team2,United21 League Season 37,0
hltv_match_2385122,2025-09-05 07:25:00+00:00,NomadS,IHC,,,team1,eXTREMESLAND 2025 Mongolia Open Qualifier 1,0
hltv_match_2385078,2025-09-05 08:00:00+00:00,500,ENCE,,,team2,Betclic Clash Summer 2025 Play-in,0
hltv_match_2385044,2025-09-05 10:00:00+00:00,Aurora Young Blud,Lazer Cats,,,team1,ESEA Advanced Season 54 Europe,0
hltv_match_2385058,2025-09-05 10:00:00+00:00,Eternal Fire,1win,,,team1,CCT Season 3 Europe Series 6 Closed Qualifier,0
hltv_match_2384852,2025-09-05 10:30:00+00:00,MOUZ,M80,,,team1,BLAST Open London 2025 Finals,0
hltv_match_2385042,2025-09-05 11:00:00+00:00,Ursa,Nuclear TigeRES,,,team2,ESEA Advanced Season 54 Europe,0
hltv_match_2385065,2025-09-05 12:00:00+00:00,Bounty Hunters,MAGICOS,,,team1,CCT Season 3 South America Series 4,0
hltv_match_2385085,2025-09-05 14:10:00+00:00,ENCE,Betclic,,,team1,Betclic Clash Summer 2025 Play-in,0
hltv_match_2384853,2025-09-05 14:15:00+00:00,FaZe,G2,,,team2,BLAST Open London 2025 Finals,0
hltv_match_2385066,2025-09-05 15:00:00+00:00,LP,Crashers,,,team1,CCT Season 3 South America Series 4,0
hltv_match_2385067,2025-09-05 18:00:00+00:00,ShindeN,Tropa do KinGui,,,team1,CCT Season 3 South America Series 4,0
hltv_match_2385123,2025-09-05 23:20:00+00:00,The Huns,NomadS,,,team1,eXTREMESLAND 2025 Mongolia Open Qualifier 1,0
hltv_match_2385124,2025-09-06 02:35:00+00:00,Chinggis Warriors,The Huns,,,team2,eXTREMESLAND 2025 Mongolia Open Qualifier 1,0
hltv_match_2385015,2025-09-06 03:00:00+00:00,Rooster,FURY,,,team1,CCT Season 3 Oceania Series 2,0
hltv_match_2385171,2025-09-06 04:00:00+00:00,AaB,500,,,team2,European Pro League Series 2,0
hltv_match_2385117,2025-09-06 04:00:00+00:00,WOPA,Bushido Wildcats,,,team1,United21 League Season 37,0
hltv_match_2385118,2025-09-06 06:30:00+00:00,Wildcard Academy,AM,,,team2,United21 League Season 37,0
hltv_match_2385093,2025-09-06 07:00:00+00:00,1win,500,,,team1,CCT Season 3 Europe Series 6 Closed Qualifier,0
hltv_match_2385094,2025-09-06 10:00:00+00:00,EYEBALLERS,ARCRED,,,team1,CCT Season 3 Europe Series 6 Closed Qualifier,0
hltv_match_2385132,2025-09-06 10:00:00+00:00,Insilio,MINLATE,,,team1,ESEA Advanced Season 54 Europe,0
hltv_match_2384854,2025-09-06 10:30:00+00:00,Vitality,MOUZ,,,team1,BLAST Open London 2025 Finals,0
hltv_match_2385081,2025-09-06 11:00:00+00:00,kONO,Partizan,,,team1,Betclic Clash Summer 2025 Play-in,0
hltv_match_2385127,2025-09-06 12:00:00+00:00,SKYFURY,ALGO,,,team1,ESEA Advanced Season 54 Europe,0
hltv_match_2385263,2025-09-06 12:30:00+00:00,Mythic,Take Flyte,,,team2,Fragadelphia Fragville 2025,0
hltv_match_2385069,2025-09-06 12:40:00+00:00,MAGICOS,Crashers,,,team1,CCT Season 3 South America Series 4,0
hltv_match_2385112,2025-09-06 13:00:00+00:00,Sashi,ESC,,,team2,Night Shift Invitational 2025 Europe,0
hltv_match_2384855,2025-09-06 13:15:00+00:00,FURIA,G2,,,team2,BLAST Open London 2025 Finals,0
hltv_match_2385239,2025-09-06 13:30:00+00:00,K27,Nuclear TigeRES,,,team1,ESEA Advanced Season 54 Europe,0
hltv_match_2385241,2025-09-06 13:30:00+00:00,Lazer Cats,Flame Sharks,,,team1,ESEA Advanced Season 54 Europe,0
hltv_match_2385242,2025-09-06 13:30:00+00:00,Ursa,Glitchtech,,,team1,ESEA Advanced Season 54 Europe,0
hltv_match_2385131,2025-09-06 14:30:00+00:00,Phantom,1win,,,team2,ESEA Advanced Season 54 Europe,0
hltv_match_2385070,2025-09-06 15:45:00+00:00,Tropa do KinGui,JERSA,,,team1,CCT Season 3 South America Series 4,0
hltv_match_2385273,2025-09-06 16:45:00+00:00,SkinRave,Shimmer,,,team1,Fragadelphia Fragville 2025,0
hltv_match_2385267,2025-09-06 17:15:00+00:00,Ninjas in Pyjamas,Take Flyte,,,team1,Fragadelphia Fragville 2025,0
hltv_match_2385071,2025-09-06 18:00:00+00:00,MIBR fe,Vasco,,,team2,CCT Season 3 South America Series 4,0
hltv_match_2385282,2025-09-06 19:00:00+00:00,Ninjas in Pyjamas,Marsborne,,,team1,Fragadelphia Fragville 2025,0
hltv_match_2385284,2025-09-06 19:15:00+00:00,NRG,GameHunters,,,team1,Fragadelphia Fragville 2025,0
hltv_match_2385283,2025-09-06 19:20:00+00:00,Wildcard,Fluxo,,,team1,Fragadelphia Fragville 2025,0
hltv_match_2385285,2025-09-06 20:00:00+00:00,SkinRave,ODDIK,,,team2,Fragadelphia Fragville 2025,0
hltv_match_2385173,2025-09-07 04:00:00+00:00,CPH Wolves,AMKAL,,,team2,European Pro League Series 2,0
hltv_match_2385018,2025-09-07 06:00:00+00:00,SemperFi,Animus Victoria,,,team1,CCT Season 3 Oceania Series 2,0
hltv_match_2385150,2025-09-07 06:30:00+00:00,Bushido Wildcats,Wildcard Academy,,,team2,United21 League Season 37,0
hltv_match_2385097,2025-09-07 07:00:00+00:00,AMKAL,CPH Wolves,,,team2,CCT Season 3 Europe Series 6 Closed Qualifier,0
hltv_match_2385082,2025-09-07 08:00:00+00:00,FUT,Phantom,,,team1,Betclic Clash Summer 2025 Play-in,0
hltv_match_2385149,2025-09-07 09:00:00+00:00,Young Ninjas,ENCE Academy,,,team1,United21 League Season 37,0
hltv_match_2385072,2025-09-07 09:00:00+00:00,LP,Bounty Hunters,,,team1,CCT Season 3 South America Series 4,0
hltv_match_2385098,2025-09-07 10:00:00+00:00,NIP Impact,ARCRED,,,team2,CCT Season 3 Europe Series 6 Closed Qualifier,0
hltv_match_2385286,2025-09-07 10:30:00+00:00,NRG,ODDIK,,,team1,Fragadelphia Fragville 2025,0
hltv_match_2384856,2025-09-07 10:30:00+00:00,Vitality,G2,,,team2,BLAST Open London 2025 Finals,0
hltv_match_2385240,2025-09-07 12:00:00+00:00,Inner Circle,Aurora Young Blud,,,team1,ESEA Advanced Season 54 Europe,0
hltv_match_2385073,2025-09-07 12:10:00+00:00,Galorys,ShindeN,,,team1,CCT Season 3 South America Series 4,0
hltv_match_2385287,2025-09-07 13:50:00+00:00,Ninjas in Pyjamas,Wildcard,,,team1,Fragadelphia Fragville 2025,0
hltv_match_2385087,2025-09-07 14:00:00+00:00,FUT,Zero Tenacity,,,team2,Betclic Clash Summer 2025 Play-in,0
hltv_match_2385074,2025-09-07 15:00:00+00:00,Keyd Stars,UnderDogs,,,team1,CCT Season 3 South America Series 4,0
hltv_match_2385288,2025-09-07 16:05:00+00:00,ODDIK,Wildcard,,,team2,Fragadelphia Fragville 2025,0
hltv_match_2385289,2025-09-07 19:15:00+00:00,NRG,Ninjas in Pyjamas,,,team1,Fragadelphia Fragville 2025,0
hltv_match_2385100,2025-09-08 04:00:00+00:00,Eternal Fire,kONO,,,team1,CCT Season 3 Europe Series 6 Closed Qualifier,0
hltv_match_2385175,2025-09-08 04:00:00+00:00,Betera,Famalicão,,,team1,European Pro League Series 2,0
hltv_match_2385151,2025-09-08 04:00:00+00:00,MASONIC,MANA,,,team2,United21 League Season 37,0
hltv_match_2385198,2025-09-08 05:00:00+00:00,Mindfreak,Rooster,,,team2,ESL Challenger League Season 50 Oceania Cup 2,0
hltv_match_2385195,2025-09-08 05:00:00+00:00,SemperFi,DanCompany,,,team1,ESL Challenger League Season 50 Oceania Cup 2,0
hltv_match_2385176,2025-09-08 06:30:00+00:00,SINNERS,FORZE Reload,,,team2,European Pro League Series 2,0
hltv_match_2385152,2025-09-08 06:30:00+00:00,WOPA,AM,,,team2,United21 League Season 37,0
hltv_match_2385101,2025-09-08 07:00:00+00:00,EYEBALLERS,CPH Wolves,,,team2,CCT Season 3 Europe Series 6 Closed Qualifier,0
hltv_match_2385201,2025-09-08 09:00:00+00:00,Eruption,True Thunder,,,team1,ESL Challenger League Season 50 Asia-Pacific Cup 2,0
hltv_match_2385206,2025-09-08 09:00:00+00:00,Last Bullet,ScarX,,,team1,ESL Challenger League Season 50 Asia-Pacific Cup 2,0
hltv_match_2385199,2025-09-08 09:00:00+00:00,Rare Atom,BORING PLAYERS,,,team1,ESL Challenger League Season 50 Asia-Pacific Cup 2,0
hltv_match_2385204,2025-09-08 09:00:00+00:00,IHC,Just Swing,,,team2,ESL Challenger League Season 50 Asia-Pacific Cup 2,0
hltv_match_2385281,2025-09-08 09:00:00+00:00,Insilio,Inner Circle,,,team2,ESEA Advanced Season 54 Europe,0
hltv_match_2385202,2025-09-08 09:00:00+00:00,NomadS,Legion,,,team2,ESL Challenger League Season 50 Asia-Pacific Cup 2,0
hltv_match_2385276,2025-09-08 10:30:00+00:00,Venom,Fire Flux,,,team1,ESEA Advanced Season 54 Europe,0
hltv_match_2385186,2025-09-08 13:00:00+00:00,Betera,FUT,,,team2,ESL Challenger League Season 50 Europe Cup 2,0
hltv_match_2385181,2025-09-08 13:00:00+00:00,JiJieHao,Tricked,,,team1,ESL Challenger League Season 50 Europe Cup 2,0
hltv_match_2385184,2025-09-08 13:00:00+00:00,Monte,Alliance,,,team2,ESL Challenger League Season 50 Europe Cup 2,0
hltv_match_2385180,2025-09-08 13:00:00+00:00,HOTU,Zero Tenacity,,,team2,ESL Challenger League Season 50 Europe Cup 2,0
hltv_match_2385179,2025-09-08 13:00:00+00:00,fnatic,Insilio,,,team1,ESL Challenger League Season 50 Europe Cup 2,0
hltv_match_2385183,2025-09-08 13:00:00+00:00,ENCE,FAVBET,,,team1,ESL Challenger League Season 50 Europe Cup 2,0
hltv_match_2385185,2025-09-08 13:00:00+00:00,Partizan,GUN5,,,team2,ESL Challenger League Season 50 Europe Cup 2,0
hltv_match_2385279,2025-09-08 13:30:00+00:00,QUAZAR,Hesta,,,team2,ESEA Advanced Season 54 Europe,0
hltv_match_2385245,2025-09-08 15:00:00+00:00,KRÜ,Vasco,,,team2,CCT Season 3 South America Series 4,0
hltv_match_2385207,2025-09-08 17:00:00+00:00,Players,UnderDogs,,,team2,ESL Challenger League Season 50 South America Cup 2,0
hltv_match_2385211,2025-09-08 17:00:00+00:00,MAGICOS,ShindeN,,,team2,ESL Challenger League Season 50 South America Cup 2,0
hltv_match_2385210,2025-09-08 17:00:00+00:00,Bounty Hunters,Crashers,,,team1,ESL Challenger League Season 50 South America Cup 2,0
hltv_match_2385212,2025-09-08 17:00:00+00:00,GameHunters,Dusty Roots,,,team1,ESL Challenger League Season 50 South America Cup 2,0
hltv_match_2385209,2025-09-08 17:00:00+00:00,JERSA,Galorys,,,team2,ESL Challenger League Season 50 South America Cup 2,0
hltv_match_2385246,2025-09-08 18:00:00+00:00,UnderDogs,Players,,,team2,CCT Season 3 South America Series 4,0
hltv_match_2385230,2025-09-08 21:00:00+00:00,Wanted Goons,InControl,,,team1,ESL Challenger League Season 50 North America Cup 2,0
hltv_match_2385226,2025-09-08 21:00:00+00:00,anything else,Mythic,,,team2,ESL Challenger League Season 50 North America Cup 2,0
hltv_match_2385228,2025-09-08 21:00:00+00:00,Aether,Outfit 49,,,team2,ESL Challenger League Season 50 North America Cup 2,0
hltv_match_2385021,2025-09-09 03:00:00+00:00,Ground Zero,SemperFi,,,team2,CCT Season 3 Oceania Series 2,0
hltv_match_2385104,2025-09-09 04:00:00+00:00,ESC,AaB,,,team1,CCT Season 3 Europe Series 6,0
hltv_match_2385153,2025-09-09 04:00:00+00:00,Young Ninjas,WOPA,,,team2,United21 League Season 37,0
hltv_match_2385177,2025-09-09 04:00:00+00:00,FAVBET,ARCRED,,,team1,European Pro League Series 2,0
hltv_match_2385159,2025-09-09 04:30:00+00:00,ECSTATIC,PARIVISION,,,team2,Thunderpick World Championship 2025 Closed Qualifier,0
hltv_match_2385335,2025-09-09 05:00:00+00:00,FURY,Rooster,,,team2,ESL Challenger League Season 50 Oceania Cup 2,0
hltv_match_2385334,2025-09-09 05:10:00+00:00,SemperFi,Ground Zero,,,team1,ESL Challenger League Season 50 Oceania Cup 2,0
hltv_match_2385154,2025-09-09 06:30:00+00:00,Wildcard Academy,MASONIC,,,team1,United21 League Season 37,0
hltv_match_2385408,2025-09-09 07:00:00+00:00,Eternal Fire,FORZE Reload,,,team2,Galaxy Battle 2025 Phase 4 Closed Qualifier,0
hltv_match_2385160,2025-09-09 08:00:00+00:00,SAW,BIG,,,team2,Thunderpick World Championship 2025 Closed Qualifier,0
hltv_match_2385106,2025-09-09 08:00:00+00:00,Zero Tenacity,ARCRED,,,team1,CCT Season 3 Europe Series 6,0
hltv_match_2385339,2025-09-09 09:00:00+00:00,Eruption,Legion,,,team1,ESL Challenger League Season 50 Asia-Pacific Cup 2,0
hltv_match_2385340,2025-09-09 09:00:00+00:00,Chinggis Warriors,Just Swing,,,team1,ESL Challenger League Season 50 Asia-Pacific Cup 2,0
hltv_match_2385277,2025-09-09 09:00:00+00:00,Lazer Cats,SKYFURY,,,team2,ESEA Advanced Season 54 Europe,0
hltv_match_2385342,2025-09-09 09:00:00+00:00,Kaleido,BORING PLAYERS,,,team2,ESL Challenger League Season 50 Asia-Pacific Cup 2,0
hltv_match_2385247,2025-09-09 09:00:00+00:00,Bounty Hunters,Tropa do KinGui,,,team1,CCT Season 3 South America Series 4,0
hltv_match_2385338,2025-09-09 09:00:00+00:00,FengDa,Rare Atom,,,team2,ESL Challenger League Season 50 Asia-Pacific Cup 2,0
hltv_match_2385341,2025-09-09 09:00:00+00:00,Last Bullet,The Huns,,,team1,ESL Challenger League Season 50 Asia-Pacific Cup 2,0
hltv_match_2385409,2025-09-09 10:30:00+00:00,FAVBET,3DMAX Academy,,,team1,Galaxy Battle 2025 Phase 4 Closed Qualifier,0
hltv_match_2385278,2025-09-09 11:00:00+00:00,Ursa,WOPA,,,team1,ESEA Advanced Season 54 Europe,0
hltv_match_2385161,2025-09-09 11:50:00+00:00,Legacy,JiJieHao,,,team1,Thunderpick World Championship 2025 Closed Qualifier,0
hltv_match_2385248,2025-09-09 12:00:00+00:00,ShindeN,MAGICOS,,,team1,CCT Season 3 South America Series 4,0
hltv_match_2385192,2025-09-09 13:00:00+00:00,BC.Game,Sashi,,,team1,ESL Challenger League Season 50 Europe Cup 2,0
hltv_match_2385193,2025-09-09 13:00:00+00:00,Nexus,ESC,,,team2,ESL Challenger League Season 50 Europe Cup 2,0
hltv_match_2385107,2025-09-09 13:00:00+00:00,Partizan,Eternal Fire,,,team2,CCT Season 3 Europe Series 6,0
hltv_match_2385190,2025-09-09 13:00:00+00:00,Metizport,Venom,,,team2,ESL Challenger League Season 50 Europe Cup 2,0
hltv_match_2385191,2025-09-09 13:00:00+00:00,OG,AaB,,,team1,ESL Challenger League Season 50 Europe Cup 2,0
hltv_match_2385189,2025-09-09 13:00:00+00:00,Betclic,Sangal,,,team2,ESL Challenger League Season 50 Europe Cup 2,0
hltv_match_2385188,2025-09-09 13:00:00+00:00,Johnny Speeds,9INE,,,team2,ESL Challenger League Season 50 Europe Cup 2,0
hltv_match_2385280,2025-09-09 13:30:00+00:00,K27,1win,,,team2,ESEA Advanced Season 54 Europe,0
hltv_match_2385162,2025-09-09 13:40:00+00:00,BetBoom,9z,,,team2,Thunderpick World Championship 2025 Closed Qualifier,0
hltv_match_2385218,2025-09-09 17:00:00+00:00,ODDIK,Bounty Hunters,,,team1,ESL Challenger League Season 50 South America Cup 2,0
hltv_match_2385219,2025-09-09 17:00:00+00:00,Sharks,ShindeN,,,team2,ESL Challenger League Season 50 South America Cup 2,0
hltv_match_2385215,2025-09-09 17:00:00+00:00,MIBR,UnderDogs,,,team1,ESL Challenger League Season 50 South America Cup 2,0
hltv_match_2385221,2025-09-09 17:00:00+00:00,BESTIA,Yawara,,,team2,ESL Challenger League Season 50 South America Cup 2,0
hltv_match_2385250,2025-09-09 18:00:00+00:00,Galorys,LP,,,team2,CCT Season 3 South America Series 4,0
hltv_match_2385237,2025-09-09 21:00:00+00:00,Shimmer,FlyQuest RED,,,team1,ESL Challenger League Season 50 North America Cup 2,0
hltv_match_2385238,2025-09-09 21:00:00+00:00,SkinRave,Wanted Goons,,,team1,ESL Challenger League Season 50 North America Cup 2,0
hltv_match_2385231,2025-09-09 21:00:00+00:00,Wildcard,Nocturnal,,,team1,ESL Challenger League Season 50 North America Cup 2,0
hltv_match_2385163,2025-09-10 04:00:00+00:00,ENCE,Nemiga,,,team2,Thunderpick World Championship 2025 Closed Qualifier,0
hltv_match_2385155,2025-09-10 04:00:00+00:00,MANA,AM,,,team2,United21 League Season 37,0
hltv_match_2385251,2025-09-10 04:00:00+00:00,AaB,Eternal Fire,,,team2,European Pro League Series 2,0
hltv_match_2385108,2025-09-10 04:25:00+00:00,HOTU,CPH Wolves,,,team1,CCT Season 3 Europe Series 6,0
hltv_match_2385417,2025-09-10 05:00:00+00:00,Mindfreak,Ground Zero,,,team2,ESL Challenger League Season 50 Oceania Cup 2,0
hltv_match_2385156,2025-09-10 06:30:00+00:00,WOPA,Wildcard Academy,,,team1,United21 League Season 37,0
hltv_match_2385109,2025-09-10 07:00:00+00:00,GUN5,Tricked,,,team1,CCT Season 3 Europe Series 6,0
hltv_match_2385024,2025-09-10 07:45:00+00:00,FURY,Ground Zero,,,team2,CCT Season 3 Oceania Series 2,0
hltv_match_2385164,2025-09-10 08:05:00+00:00,OG,M80,,,team1,Thunderpick World Championship 2025 Closed Qualifier,0
hltv_match_2385422,2025-09-10 09:00:00+00:00,BORING PLAYERS,The Huns,,,team2,ESL Challenger League Season 50 Asia-Pacific Cup 2,0
hltv_match_2385423,2025-09-10 09:00:00+00:00,NomadS,Just Swing,,,team1,ESL Challenger League Season 50 Asia-Pacific Cup 2,0
hltv_match_2385424,2025-09-10 09:00:00+00:00,IHC,Legion,,,team2,ESL Challenger League Season 50 Asia-Pacific Cup 2,0
hltv_match_2385411,2025-09-10 10:00:00+00:00,ARCRED,SPARTA,,,team2,Galaxy Battle 2025 Phase 4 Closed Qualifier,0
hltv_match_2385110,2025-09-10 10:00:00+00:00,CYBERSHOKE,FAVBET,,,team1,CCT Season 3 Europe Series 6,0
hltv_match_2385165,2025-09-10 10:50:00+00:00,Ninjas in Pyjamas,Venom,,,team2,Thunderpick World Championship 2025 Closed Qualifier,0
hltv_match_2385430,2025-09-10 11:00:00+00:00,KRÜ,Crashers,,,team1,CCT Season 3 South America Series 4,0
hltv_match_2385347,2025-09-10 13:00:00+00:00,Spirit Academy,Tricked,,,team2,ESL Challenger League Season 50 Europe Cup 2,0
hltv_match_2385351,2025-09-10 13:00:00+00:00,Metizport,Betclic,,,team2,ESL Challenger League Season 50 Europe Cup 2,0
hltv_match_2385348,2025-09-10 13:00:00+00:00,Monte,FAVBET,,,team1,ESL Challenger League Season 50 Europe Cup 2,0
hltv_match_2385111,2025-09-10 13:00:00+00:00,Johnny Speeds,RUBY,,,team2,CCT Season 3 Europe Series 6,0
hltv_match_2385349,2025-09-10 13:00:00+00:00,Partizan,Betera,,,team2,ESL Challenger League Season 50 Europe Cup 2,0
hltv_match_2385346,2025-09-10 13:00:00+00:00,HOTU,Insilio,,,team1,ESL Challenger League Season 50 Europe Cup 2,0
hltv_match_2385352,2025-09-10 13:00:00+00:00,AaB,Sashi,,,team2,ESL Challenger League Season 50 Europe Cup 2,0
hltv_match_2385447,2025-09-10 13:00:00+00:00,Eternal Fire,3DMAX Academy,,,team1,Galaxy Battle 2025 Phase 4 Closed Qualifier,0
hltv_match_2385330,2025-09-10 13:30:00+00:00,Phantom,SKYFURY,,,team1,ESEA Advanced Season 54 Europe,0
hltv_match_2385520,2025-09-10 13:30:00+00:00,1win,Inner Circle,,,team2,ESEA Advanced Season 54 Europe,0
hltv_match_2385331,2025-09-10 13:30:00+00:00,Nuclear TigeRES,Venom,,,team1,ESEA Advanced Season 54 Europe,0
hltv_match_2385332,2025-09-10 13:30:00+00:00,Aurora Young Blud,Hesta,,,team2,ESEA Advanced Season 54 Europe,0
hltv_match_2385431,2025-09-10 14:00:00+00:00,Tropa do KinGui,MAGICOS,,,team1,CCT Season 3 South America Series 4,0
hltv_match_2385137,2025-09-10 14:30:00+00:00,NIP Impact,888aura,,,team1,ESL Impact League Season 8 Europe,0
hltv_match_2385138,2025-09-10 14:30:00+00:00,Nemesis Impact,BIG EQUIPA,,,team2,ESL Impact League Season 8 Europe,0
hltv_match_2385369,2025-09-10 17:00:00+00:00,Tropa do KinGui,UnderDogs,,,team1,ESL Challenger League Season 50 South America Cup 2,0
hltv_match_2385364,2025-09-10 17:00:00+00:00,JERSA,GameHunters,,,team2,ESL Challenger League Season 50 South America Cup 2,0
hltv_match_2385362,2025-09-10 17:00:00+00:00,Players,Fluxo,,,team2,ESL Challenger League Season 50 South America Cup 2,0
hltv_match_2385365,2025-09-10 17:00:00+00:00,Crashers,Sharks,,,team2,ESL Challenger League Season 50 South America Cup 2,0
hltv_match_2385142,2025-09-10 17:00:00+00:00,MIBR fe,Atrix,,,team1,ESL Impact League Season 8 South America,0
hltv_match_2385367,2025-09-10 17:00:00+00:00,Dusty Roots,Galorys,,,team2,ESL Challenger League Season 50 South America Cup 2,0
hltv_match_2385146,2025-09-10 18:30:00+00:00,FlyQuest RED,Ghost,,,team1,ESL Impact League Season 8 North America,0
hltv_match_2385145,2025-09-10 19:30:00+00:00,Shimmer,Black Mold,,,team1,ESL Impact League Season 8 North America,0
hltv_match_2385379,2025-09-10 21:00:00+00:00,Arrival Seven,FlyQuest RED,,,team2,ESL Challenger League Season 50 North America Cup 2,0
hltv_match_2385385,2025-09-10 21:00:00+00:00,InControl,Nocturnal,,,team1,ESL Challenger League Season 50 North America Cup 2,0
hltv_match_2385378,2025-09-10 21:00:00+00:00,Ghost,Wanted Goons,,,team2,ESL Challenger League Season 50 North America Cup 2,0
hltv_match_2385384,2025-09-10 21:00:00+00:00,Take Flyte,BOSS,,,team2,ESL Challenger League Season 50 North America Cup 2,0
hltv_match_2385025,2025-09-11 00:00:00+00:00,SemperFi,Underground,,,team1,CCT Season 3 Oceania Series 2,0
hltv_match_2385026,2025-09-11 02:45:00+00:00,Rooster,Ground Zero,,,team1,CCT Season 3 Oceania Series 2,0
hltv_match_2385167,2025-09-11 04:00:00+00:00,Venom,Nemiga,,,team1,Thunderpick World Championship 2025 Closed Qualifier,0
hltv_match_2385439,2025-09-11 04:00:00+00:00,Alliance,ARCRED,,,team1,CCT Season 3 Europe Series 6,0
hltv_match_2385027,2025-09-11 05:05:00+00:00,Underground,Rooster,,,team2,CCT Season 3 Oceania Series 2,0
hltv_match_2385255,2025-09-11 06:30:00+00:00,Famalicão,SINNERS,,,team2,European Pro League Series 2,0
hltv_match_2385157,2025-09-11 06:30:00+00:00,MANA,WOPA,,,team2,United21 League Season 37,0
hltv_match_2385448,2025-09-11 07:00:00+00:00,FAVBET,FORZE Reload,,,team1,Galaxy Battle 2025 Phase 4 Closed Qualifier,0
hltv_match_2385440,2025-09-11 07:00:00+00:00,Partizan,CPH Wolves,,,team1,CCT Season 3 Europe Series 6,0
hltv_match_2385168,2025-09-11 07:00:00+00:00,9z,PARIVISION,,,team1,Thunderpick World Championship 2025 Closed Qualifier,0
hltv_match_2385433,2025-09-11 09:00:00+00:00,Keyd Stars,Players,,,team1,CCT Season 3 South America Series 4,0
hltv_match_2385428,2025-09-11 09:00:00+00:00,The Huns,NomadS,,,team1,ESL Challenger League Season 50 Asia-Pacific Cup 2,0
hltv_match_2385426,2025-09-11 09:00:00+00:00,Rare Atom,Eruption,,,team1,ESL Challenger League Season 50 Asia-Pacific Cup 2,0
hltv_match_2385427,2025-09-11 09:00:00+00:00,Last Bullet,Chinggis Warriors,,,team2,ESL Challenger League Season 50 Asia-Pacific Cup 2,0
hltv_match_2385254,2025-09-11 09:30:00+00:00,AMKAL,Metizport,,,team1,European Pro League Series 2,0
hltv_match_2385441,2025-09-11 10:00:00+00:00,Tricked,AaB,,,team1,CCT Season 3 Europe Series 6,0
hltv_match_2385169,2025-09-11 10:00:00+00:00,BIG,OG,,,team2,Thunderpick World Championship 2025 Closed Qualifier,0
hltv_match_2385521,2025-09-11 10:35:00+00:00,SPARTA,Betera,,,team1,Galaxy Battle 2025 Phase 4 Closed Qualifier,0
hltv_match_2385333,2025-09-11 11:00:00+00:00,MINLATE,Ursa,,,team1,ESEA Advanced Season 54 Europe,0
hltv_match_2385434,2025-09-11 11:20:00+00:00,Galorys,Vasco,,,team1,CCT Season 3 South America Series 4,0
hltv_match_2385355,2025-09-11 13:00:00+00:00,RUBY,JiJieHao,,,team1,ESL Challenger League Season 50 Europe Cup 2,0
hltv_match_2385356,2025-09-11 13:00:00+00:00,Alliance,ENCE,,,team1,ESL Challenger League Season 50 Europe Cup 2,0
hltv_match_2385358,2025-09-11 13:00:00+00:00,TPuDCATb TPu,9INE,,,team2,ESL Challenger League Season 50 Europe Cup 2,0
hltv_match_2385442,2025-09-11 13:00:00+00:00,Johnny Speeds,FAVBET,,,team2,CCT Season 3 Europe Series 6,0
hltv_match_2385357,2025-09-11 13:00:00+00:00,GUN5,FUT,,,team1,ESL Challenger League Season 50 Europe Cup 2,0
hltv_match_2385359,2025-09-11 13:00:00+00:00,Venom,Sangal,,,team2,ESL Challenger League Season 50 Europe Cup 2,0
hltv_match_2385361,2025-09-11 13:00:00+00:00,Nemiga,ESC,,,team2,ESL Challenger League Season 50 Europe Cup 2,0
hltv_match_2385360,2025-09-11 13:00:00+00:00,OG,BC.Game,,,team2,ESL Challenger League Season 50 Europe Cup 2,0
hltv_match_2385354,2025-09-11 13:00:00+00:00,Zero Tenacity,fnatic,,,team2,ESL Challenger League Season 50 Europe Cup 2,0
hltv_match_2385170,2025-09-11 13:00:00+00:00,Legacy,Imperial,,,team2,Thunderpick World Championship 2025 Closed Qualifier,0
hltv_match_2385140,2025-09-11 14:30:00+00:00,Imperial Valkyries,Overpeek,,,team2,ESL Impact League Season 8 Europe,0
hltv_match_2385139,2025-09-11 14:30:00+00:00,Let Her Cook,Flame Sharks fe,,,team2,ESL Impact League Season 8 Europe,0
hltv_match_2385435,2025-09-11 15:10:00+00:00,Bounty Hunters,ShindeN,,,team2,CCT Season 3 South America Series 4,0
hltv_match_2385143,2025-09-11 17:00:00+00:00,Curralzinho,thekillaz fe,,,team2,ESL Impact League Season 8 South America,0
hltv_match_2385144,2025-09-11 17:00:00+00:00,FURIA fe,CAPIVARAS,,,team1,ESL Impact League Season 8 South America,0
hltv_match_2385376,2025-09-11 17:00:00+00:00,Bounty Hunters,Galorys,,,team2,ESL Challenger League Season 50 South America Cup 2,0
hltv_match_2385371,2025-09-11 17:00:00+00:00,RED Canids,ODDIK,,,team1,ESL Challenger League Season 50 South America Cup 2,0
hltv_match_2385374,2025-09-11 17:00:00+00:00,BESTIA,Fluxo,,,team1,ESL Challenger League Season 50 South America Cup 2,0
hltv_match_2385370,2025-09-11 17:00:00+00:00,Keyd Stars,MIBR,,,team2,ESL Challenger League Season 50 South America Cup 2,0
hltv_match_2385375,2025-09-11 17:00:00+00:00,GameHunters,Sharks,,,team2,ESL Challenger League Season 50 South America Cup 2,0
hltv_match_2385377,2025-09-11 17:00:00+00:00,KRÜ,Tropa do KinGui,,,team1,ESL Challenger League Season 50 South America Cup 2,0
hltv_match_2385390,2025-09-11 21:00:00+00:00,Wanted Goons,FlyQuest RED,,,team1,ESL Challenger League Season 50 North America Cup 2,0
hltv_match_2385391,2025-09-11 21:00:00+00:00,NYX,anything else,,,team2,ESL Challenger League Season 50 North America Cup 2,0
hltv_match_2385393,2025-09-11 21:00:00+00:00,BOSS,InControl,,,team1,ESL Challenger League Season 50 North America Cup 2,0
hltv_match_2385389,2025-09-11 21:00:00+00:00,SkinRave,Shimmer,,,team1,ESL Challenger League Season 50 North America Cup 2,0
hltv_match_2385386,2025-09-11 21:00:00+00:00,Wildcard,Akimbo,,,team1,ESL Challenger League Season 50 North America Cup 2,0
hltv_match_2385388,2025-09-11 21:00:00+00:00,Marsborne,Outfit 49,,,team1,ESL Challenger League Season 50 North America Cup 2,0
hltv_match_2385392,2025-09-11 21:30:00+00:00,Mythic,Aether,,,team2,ESL Challenger League Season 50 North America Cup 2,0
hltv_match_2385148,2025-09-11 22:00:00+00:00,Nocturnal,Little Bocks,,,team1,ESL Impact League Season 8 North America,0
hltv_match_2385028,2025-09-12 02:00:00+00:00,SemperFi,Rooster,,,team1,CCT Season 3 Oceania Series 2,0
hltv_match_2385290,2025-09-12 04:00:00+00:00,GamerLegion,TYLOO,,,team2,FISSURE Playground 2,0
hltv_match_2385158,2025-09-12 04:00:00+00:00,AM,WOPA,,,team2,United21 League Season 37,0
hltv_match_2385443,2025-09-12 04:00:00+00:00,ESC,GUN5,,,team1,CCT Season 3 Europe Series 6,0
hltv_match_2385256,2025-09-12 06:30:00+00:00,Betera,FORZE Reload,,,team2,European Pro League Series 2,0
hltv_match_2385291,2025-09-12 06:45:00+00:00,The MongolZ,3DMAX,,,team2,FISSURE Playground 2,0
hltv_match_2385450,2025-09-12 07:00:00+00:00,Johnny Speeds,Sangal,,,team2,Exort The Proving Grounds Season 4,0
hltv_match_2385444,2025-09-12 07:00:00+00:00,CYBERSHOKE,RUBY,,,team1,CCT Season 3 Europe Series 6,0
hltv_match_2385482,2025-09-12 09:00:00+00:00,Eruption,The Huns,,,team2,ESL Challenger League Season 50 Asia-Pacific Cup 2,0
hltv_match_2385533,2025-09-12 10:00:00+00:00,Betera,ARCRED,,,team1,Galaxy Battle 2025 Phase 4 Closed Qualifier,0
hltv_match_2385451,2025-09-12 10:00:00+00:00,ESC,RUBY,,,team2,Exort The Proving Grounds Season 4,0
hltv_match_2385445,2025-09-12 10:05:00+00:00,HOTU,Eternal Fire,,,team1,CCT Season 3 Europe Series 6,0
hltv_match_2385292,2025-09-12 10:10:00+00:00,Falcons,Virtus.pro,,,team1,FISSURE Playground 2,0
hltv_match_2385531,2025-09-12 11:15:00+00:00,Phantom,Nuclear TigeRES,,,team2,ESEA Advanced Season 54 Europe,0
hltv_match_2385293,2025-09-12 12:20:00+00:00,Aurora,Astralis,,,team1,FISSURE Playground 2,0
hltv_match_2385491,2025-09-12 13:00:00+00:00,Betera,TPuDCATb TPu,,,team2,ESL Challenger League Season 50 Europe Cup 2,0
hltv_match_2385494,2025-09-12 13:00:00+00:00,Sashi,JiJieHao,,,team1,ESL Challenger League Season 50 Europe Cup 2,0
hltv_match_2385452,2025-09-12 13:00:00+00:00,CYBERSHOKE,AaB,,,team1,Exort The Proving Grounds Season 4,0
hltv_match_2385493,2025-09-12 13:00:00+00:00,Betclic,ENCE,,,team2,ESL Challenger League Season 50 Europe Cup 2,0
hltv_match_2385490,2025-09-12 13:00:00+00:00,Monte,Venom,,,team1,ESL Challenger League Season 50 Europe Cup 2,0
hltv_match_2385492,2025-09-12 13:00:00+00:00,Johnny Speeds,FUT,,,team2,ESL Challenger League Season 50 Europe Cup 2,0
hltv_match_2385489,2025-09-12 13:00:00+00:00,Tricked,OG,,,team2,ESL Challenger League Season 50 Europe Cup 2,0
hltv_match_2385534,2025-09-12 13:00:00+00:00,FORZE Reload,Eternal Fire,,,team2,Galaxy Battle 2025 Phase 4 Closed Qualifier,0
hltv_match_2385532,2025-09-12 13:30:00+00:00,Hesta,MINLATE,,,team1,ESEA Advanced Season 54 Europe,0
hltv_match_2385437,2025-09-12 14:00:00+00:00,Bounty Hunters,UnderDogs,,,team1,CCT Season 3 South America Series 4,0
hltv_match_2384974,2025-09-12 14:25:00+00:00,SINNERS,ECLOT,,,team2,Tipsport Cup Summer 2025 Finals,0
hltv_match_2385505,2025-09-12 17:00:00+00:00,Sharks,ODDIK,,,team2,ESL Challenger League Season 50 South America Cup 2,0
hltv_match_2385506,2025-09-12 17:00:00+00:00,ShindeN,Galorys,,,team2,ESL Challenger League Season 50 South America Cup 2,0
hltv_match_2385504,2025-09-12 17:00:00+00:00,Keyd Stars,BESTIA,,,team2,ESL Challenger League Season 50 South America Cup 2,0
hltv_match_2385438,2025-09-12 17:00:00+00:00,Players,Vasco,,,team1,CCT Season 3 South America Series 4,0
hltv_match_2385512,2025-09-12 21:00:00+00:00,Akimbo,Wanted Goons,,,team2,ESL Challenger League Season 50 North America Cup 2,0
hltv_match_2385514,2025-09-12 21:00:00+00:00,Aether,Outfit 49,,,team1,ESL Challenger League Season 50 North America Cup 2,0
hltv_match_2385515,2025-09-12 21:00:00+00:00,BOSS,Shimmer,,,team1,ESL Challenger League Season 50 North America Cup 2,0
hltv_match_2385513,2025-09-12 21:00:00+00:00,LAG,anything else,,,team1,ESL Challenger League Season 50 North America Cup 2,0
hltv_match_2385473,2025-09-12 22:10:00+00:00,Rooster,Ground Zero,,,team2,eXTREMESLAND 2025 Oceania Closed Qualifier,0
hltv_match_2385472,2025-09-12 22:10:00+00:00,SemperFi,LE-LUX,,,team1,eXTREMESLAND 2025 Oceania Closed Qualifier,0
hltv_match_2385475,2025-09-13 01:30:00+00:00,LE-LUX,Rooster,,,team2,eXTREMESLAND 2025 Oceania Closed Qualifier,0
hltv_match_2385474,2025-09-13 02:20:00+00:00,SemperFi,Ground Zero,,,team1,eXTREMESLAND 2025 Oceania Closed Qualifier,0
hltv_match_2385603,2025-09-13 04:00:00+00:00,FURY,Mindfreak,,,team2,Night Shift Invitational 2025 Asia-Pacific,0
hltv_match_2385453,2025-09-13 04:00:00+00:00,JiJieHao,SINNERS,,,team1,Exort The Proving Grounds Season 4,0
hltv_match_2385523,2025-09-13 04:00:00+00:00,AaB,CPH Wolves,,,team2,CCT Season 3 Europe Series 6,0
hltv_match_2385294,2025-09-13 04:10:00+00:00,HEROIC,Legacy,,,team2,FISSURE Playground 2,0
hltv_match_2385549,2025-09-13 04:30:00+00:00,NIP Impact,Square Sausages,,,team2,CCT Season 3 Europe Series 7 Closed Qualifier,0
hltv_match_2385654,2025-09-13 05:15:00+00:00,Chinggis Warriors,NomadS,,,team1,CS Asia Championships 2025 East Asia Open Qualifier,0
hltv_match_2385258,2025-09-13 06:30:00+00:00,FAVBET,EYEBALLERS,,,team1,European Pro League Series 2,0
hltv_match_2385454,2025-09-13 07:00:00+00:00,Spirit Academy,CPH Wolves,,,team1,Exort The Proving Grounds Season 4,0
hltv_match_2385524,2025-09-13 07:00:00+00:00,Johnny Speeds,ARCRED,,,team2,CCT Season 3 Europe Series 6,0
hltv_match_2385295,2025-09-13 07:50:00+00:00,G2,Lynn Vision,,,team1,FISSURE Playground 2,0
hltv_match_2385588,2025-09-13 09:00:00+00:00,FURIA fe,Galorys,,,team2,CCT Season 3 South America Series 4,0
hltv_match_2385480,2025-09-13 09:00:00+00:00,Insilio,RUSTEC,,,team2,ESEA League Season 54 Europe Elite Cup 2,0
hltv_match_2385455,2025-09-13 10:00:00+00:00,Partizan,Betera,,,team2,Exort The Proving Grounds Season 4,0
hltv_match_2385481,2025-09-13 10:00:00+00:00,MINLATE,FORZE Reload,,,team2,ESEA League Season 54 Europe Elite Cup 2,0
hltv_match_2385466,2025-09-13 10:00:00+00:00,Nemiga,ENCE,,,team1,Betclic Clash Summer 2025,0
hltv_match_2385296,2025-09-13 10:30:00+00:00,FaZe,paiN,,,team1,FISSURE Playground 2,0
hltv_match_2385551,2025-09-13 10:30:00+00:00,1win,THE,,,team1,CCT Season 3 Europe Series 7 Closed Qualifier,0
hltv_match_2385525,2025-09-13 10:35:00+00:00,Alliance,Eternal Fire,,,team2,CCT Season 3 Europe Series 6,0
hltv_match_2385478,2025-09-13 12:00:00+00:00,Leo,K27,,,team2,ESEA League Season 54 Europe Elite Cup 2,0
hltv_match_2385467,2025-09-13 12:15:00+00:00,ECSTATIC,Zero Tenacity,,,team1,Betclic Clash Summer 2025,0
hltv_match_2385499,2025-09-13 13:00:00+00:00,BC.Game,ESC,,,team1,ESL Challenger League Season 50 Europe Cup 2,0
hltv_match_2385500,2025-09-13 13:00:00+00:00,HOTU,OG,,,team1,ESL Challenger League Season 50 Europe Cup 2,0
hltv_match_2385502,2025-09-13 13:00:00+00:00,ENCE,FUT,,,team2,ESL Challenger League Season 50 Europe Cup 2,0
hltv_match_2385497,2025-09-13 13:00:00+00:00,GUN5,Alliance,,,team2,ESL Challenger League Season 50 Europe Cup 2,0
hltv_match_2385496,2025-09-13 13:00:00+00:00,fnatic,RUBY,,,team1,ESL Challenger League Season 50 Europe Cup 2,0
hltv_match_2385503,2025-09-13 13:00:00+00:00,Nexus,Sashi,,,team1,ESL Challenger League Season 50 Europe Cup 2,0
hltv_match_2385413,2025-09-13 13:00:00+00:00,500,AMKAL,,,team2,Galaxy Battle 2025 Phase 4 Closed Qualifier,0
hltv_match_2385501,2025-09-13 13:00:00+00:00,TPuDCATb TPu,Monte,,,team2,ESL Challenger League Season 50 Europe Cup 2,0
hltv_match_2385498,2025-09-13 13:00:00+00:00,Sangal,9INE,,,team2,ESL Challenger League Season 50 Europe Cup 2,0
hltv_match_2385526,2025-09-13 13:15:00+00:00,Partizan,FAVBET,,,team2,CCT Season 3 Europe Series 6,0
hltv_match_2385297,2025-09-13 13:15:00+00:00,FURIA,Liquid,,,team1,FISSURE Playground 2,0
hltv_match_2384976,2025-09-13 13:40:00+00:00,UNiTY,ECLOT,,,team2,Tipsport Cup Summer 2025 Finals,0
hltv_match_2385590,2025-09-13 15:00:00+00:00,Sharks,Bounty Hunters,,,team1,CCT Season 3 South America Series 4,0
hltv_match_2385456,2025-09-13 16:10:00+00:00,GUN5,Monte,,,team1,Exort The Proving Grounds Season 4,0
hltv_match_2385581,2025-09-13 18:00:00+00:00,BOSS,LAG,,,team1,PrizePicks NA Revival Series 9,0
hltv_match_2385591,2025-09-13 18:40:00+00:00,RED Canids,Keyd Stars,,,team1,CCT Season 3 South America Series 4,0
hltv_match_2385476,2025-09-13 22:00:00+00:00,Rooster,Ground Zero,,,team1,eXTREMESLAND 2025 Oceania Closed Qualifier,0
hltv_match_2385477,2025-09-14 01:00:00+00:00,SemperFi,Rooster,,,team2,eXTREMESLAND 2025 Oceania Closed Qualifier,0
hltv_match_2385457,2025-09-14 04:00:00+00:00,CYBERSHOKE,RUBY,,,team1,Exort The Proving Grounds Season 4,0
hltv_match_2385527,2025-09-14 04:00:00+00:00,Zero Tenacity,Tricked,,,team2,CCT Season 3 Europe Series 6,0
hltv_match_2385259,2025-09-14 04:00:00+00:00,SINNERS,Betera,,,team1,European Pro League Series 2,0
hltv_match_2385298,2025-09-14 04:00:00+00:00,3DMAX,FaZe,,,team2,FISSURE Playground 2,0
hltv_match_2385299,2025-09-14 04:00:00+00:00,The MongolZ,Lynn Vision,,,team1,FISSURE Playground 2,0
hltv_match_2385657,2025-09-14 04:00:00+00:00,Chinggis Warriors,The Huns,,,team2,CS Asia Championships 2025 East Asia Open Qualifier,0
hltv_match_2385605,2025-09-14 04:10:00+00:00,Mindfreak,Animus Victoria,,,team1,Night Shift Invitational 2025 Asia-Pacific,0
hltv_match_2385674,2025-09-14 05:00:00+00:00,Gentle Mates,Rebels,,,team1,Radio Popular Roman Imperium Cup II,0
hltv_match_2385761,2025-09-14 05:40:00+00:00,FengDa,Just Swing,,,team1,Yuqilin Pinnacle of Battle Season 1,0
hltv_match_2385469,2025-09-14 06:00:00+00:00,fnatic,Nemiga,,,team1,Betclic Clash Summer 2025,0
hltv_match_2385260,2025-09-14 06:30:00+00:00,EYEBALLERS,ARCRED,,,team2,European Pro League Series 2,0
hltv_match_2385301,2025-09-14 06:45:00+00:00,Virtus.pro,Astralis,,,team2,FISSURE Playground 2,0
hltv_match_2385528,2025-09-14 07:00:00+00:00,GUN5,RUBY,,,team1,CCT Season 3 Europe Series 6,0
hltv_match_2385458,2025-09-14 07:00:00+00:00,Betclic,Spirit Academy,,,team2,Exort The Proving Grounds Season 4,0
hltv_match_2385300,2025-09-14 07:15:00+00:00,Falcons,Legacy,,,team1,FISSURE Playground 2,0
hltv_match_2385675,2025-09-14 08:00:00+00:00,SAW,Famalicão,,,team1,Radio Popular Roman Imperium Cup II,0
hltv_match_2384977,2025-09-14 09:00:00+00:00,SINNERS,UNiTY,,,team1,Tipsport Cup Summer 2025 Finals,0
hltv_match_2385680,2025-09-14 09:00:00+00:00,Alter Ego,Beyman,,,team1,CS Asia Championships 2025 Rest of Asia Open Qualifier,0
hltv_match_2385592,2025-09-14 09:00:00+00:00,9z,ShindeN,,,team2,CCT Season 3 South America Series 4,0
hltv_match_2385303,2025-09-14 09:25:00+00:00,GamerLegion,Liquid,,,team1,FISSURE Playground 2,0
hltv_match_2385470,2025-09-14 09:40:00+00:00,ECSTATIC,BIG,,,team1,Betclic Clash Summer 2025,0
hltv_match_2385414,2025-09-14 10:00:00+00:00,CPH Wolves,MINLATE,,,team1,Galaxy Battle 2025 Phase 4 Closed Qualifier,0
hltv_match_2385459,2025-09-14 10:00:00+00:00,Betera,JiJieHao,,,team1,Exort The Proving Grounds Season 4,0
hltv_match_2385302,2025-09-14 10:15:00+00:00,Aurora,TYLOO,,,team1,FISSURE Playground 2,0
hltv_match_2385678,2025-09-14 10:30:00+00:00,Gentle Mates,Rhyno YNG,,,team1,Radio Popular Roman Imperium Cup II,0
hltv_match_2385559,2025-09-14 10:30:00+00:00,Square Sausages,Mousquetaires,,,team2,CCT Season 3 Europe Series 7 Closed Qualifier,0
hltv_match_2385612,2025-09-14 11:00:00+00:00,Insilio,Nuclear TigeRES,,,team1,ESEA Advanced Season 54 Europe,0
hltv_match_2384978,2025-09-14 11:20:00+00:00,ECLOT,SINNERS,,,team1,Tipsport Cup Summer 2025 Finals,0
hltv_match_2385305,2025-09-14 11:50:00+00:00,HEROIC,paiN,,,team2,FISSURE Playground 2,0
hltv_match_2385593,2025-09-14 12:00:00+00:00,ODDIK,KRÜ,,,team1,CCT Season 3 South America Series 4,0
hltv_match_2385530,2025-09-14 13:00:00+00:00,ESC,CYBERSHOKE,,,team1,CCT Season 3 Europe Series 6,0
hltv_match_2385415,2025-09-14 13:00:00+00:00,EYEBALLERS,KHAN,,,team1,Galaxy Battle 2025 Phase 4 Closed Qualifier,0
hltv_match_2385460,2025-09-14 13:00:00+00:00,Sangal,GUN5,,,team1,Exort The Proving Grounds Season 4,0
hltv_match_2385304,2025-09-14 13:15:00+00:00,FURIA,G2,,,team1,FISSURE Playground 2,0
hltv_match_2385679,2025-09-14 13:30:00+00:00,SAW,Gentle Mates,,,team1,Radio Popular Roman Imperium Cup II,0
hltv_match_2385613,2025-09-14 13:30:00+00:00,K27,Hesta,,,team1,ESEA Advanced Season 54 Europe,0
hltv_match_2385471,2025-09-14 14:00:00+00:00,fnatic,ECSTATIC,,,team2,Betclic Clash Summer 2025,0
hltv_match_2385585,2025-09-14 15:00:00+00:00,Wildcard,BOSS,,,team1,PrizePicks NA Revival Series 9,0
hltv_match_2385594,2025-09-14 15:30:00+00:00,Fluxo,Players,,,team1,CCT Season 3 South America Series 4,0
hltv_match_2385586,2025-09-14 17:30:00+00:00,Marsborne,Getting Info,,,team1,PrizePicks NA Revival Series 9,0
hltv_match_2385595,2025-09-14 18:40:00+00:00,BESTIA,LP,,,team1,CCT Season 3 South America Series 4,0
hltv_match_2385587,2025-09-14 20:35:00+00:00,Wildcard,Marsborne,,,team2,PrizePicks NA Revival Series 9,0
hltv_match_2385311,2025-09-15 04:00:00+00:00,Virtus.pro,Lynn Vision,,,team1,FISSURE Playground 2,0
hltv_match_2385306,2025-09-15 04:00:00+00:00,TYLOO,The MongolZ,,,team2,FISSURE Playground 2,0
hltv_match_2385262,2025-09-15 06:30:00+00:00,CPH Wolves,Metizport,,,team2,European Pro League Series 2,0
hltv_match_2385764,2025-09-15 06:50:00+00:00,SemperFi,Alter Ego,,,team2,CS Asia Championships 2025 Asia Closed Qualifier,0
hltv_match_2385462,2025-09-15 07:00:00+00:00,ESC,AaB,,,team1,Exort The Proving Grounds Season 4,0
hltv_match_2385310,2025-09-15 07:40:00+00:00,Liquid,HEROIC,,,team1,FISSURE Playground 2,0
hltv_match_2385308,2025-09-15 07:55:00+00:00,3DMAX,GamerLegion,,,team2,FISSURE Playground 2,0
hltv_match_2385618,2025-09-15 10:00:00+00:00,Partizan,ARCRED,,,team2,CCT Season 3 Europe Series 6,0
hltv_match_2385463,2025-09-15 10:00:00+00:00,Monte,Johnny Speeds,,,team1,Exort The Proving Grounds Season 4,0
hltv_match_2385555,2025-09-15 10:30:00+00:00,KHAN,Wildcard Academy,,,team1,CCT Season 3 Europe Series 7 Closed Qualifier,0
hltv_match_2385597,2025-09-15 12:00:00+00:00,ODDIK,Galorys,,,team1,CCT Season 3 South America Series 4,0
hltv_match_2385309,2025-09-15 12:00:00+00:00,Legacy,G2,,,team2,FISSURE Playground 2,0
hltv_match_2385312,2025-09-15 12:05:00+00:00,Falcons,FaZe,,,team1,FISSURE Playground 2,0
hltv_match_2385619,2025-09-15 13:05:00+00:00,Alliance,CPH Wolves,,,team1,CCT Season 3 Europe Series 6,0
hltv_match_2385556,2025-09-15 13:30:00+00:00,m1x,UNiTY,,,team1,CCT Season 3 Europe Series 7 Closed Qualifier,0
hltv_match_2385464,2025-09-15 13:55:00+00:00,SINNERS,Partizan,,,team1,Exort The Proving Grounds Season 4,0
hltv_match_2385307,2025-09-15 14:20:00+00:00,Astralis,paiN,,,team2,FISSURE Playground 2,0
hltv_match_2385313,2025-09-15 14:50:00+00:00,Aurora,FURIA,,,team1,FISSURE Playground 2,0
hltv_match_2385598,2025-09-15 15:10:00+00:00,RED Canids,ShindeN,,,team1,CCT Season 3 South America Series 4,0
hltv_match_2385599,2025-09-15 18:55:00+00:00,Fluxo,BESTIA,,,team2,CCT Season 3 South America Series 4,0
hltv_match_2385653,2025-09-15 20:30:00+00:00,SportsBetExpert,Brazen,,,team1,ESEA Advanced Season 54 North America,0
hltv_match_2385681,2025-09-16 04:00:00+00:00,CYBERSHOKE,Sangal,,,team2,Exort The Proving Grounds Season 4,0
hltv_match_2385561,2025-09-16 04:30:00+00:00,Leo,Imperial Valkyries,,,team1,CCT Season 3 Europe Series 7 Closed Qualifier,0
hltv_match_2385315,2025-09-16 05:00:00+00:00,3DMAX,Virtus.pro,,,team2,FISSURE Playground 2,0
hltv_match_2385765,2025-09-16 05:00:00+00:00,The Huns,Alter Ego,,,team1,CS Asia Championships 2025 Asia Closed Qualifier,0
hltv_match_2385314,2025-09-16 05:00:00+00:00,G2,GamerLegion,,,team1,FISSURE Playground 2,0
hltv_match_2385682,2025-09-16 07:00:00+00:00,Betera,Spirit Academy,,,team2,Exort The Proving Grounds Season 4,0
hltv_match_2385620,2025-09-16 07:00:00+00:00,GUN5,Eternal Fire,,,team1,CCT Season 3 Europe Series 6,0
hltv_match_2385562,2025-09-16 07:30:00+00:00,Wildcard Academy,UNiTY,,,team2,CCT Season 3 Europe Series 7 Closed Qualifier,0
hltv_match_2385316,2025-09-16 09:05:00+00:00,FaZe,The MongolZ,,,team2,FISSURE Playground 2,0
hltv_match_2385537,2025-09-16 10:00:00+00:00,CPH Wolves,EYEBALLERS,,,team1,Galaxy Battle 2025 Phase 4 Closed Qualifier,0
hltv_match_2385317,2025-09-16 10:00:00+00:00,TYLOO,Liquid,,,team2,FISSURE Playground 2,0
hltv_match_2385621,2025-09-16 10:00:00+00:00,Tricked,FAVBET,,,team2,CCT Season 3 Europe Series 6,0
hltv_match_2385600,2025-09-16 11:00:00+00:00,ODDIK,Sharks,,,team2,CCT Season 3 South America Series 4,0
hltv_match_2385538,2025-09-16 13:00:00+00:00,MINLATE,KHAN,,,team2,Galaxy Battle 2025 Phase 4 Closed Qualifier,0
hltv_match_2385684,2025-09-16 13:15:00+00:00,Partizan,AaB,,,team1,Exort The Proving Grounds Season 4,0
hltv_match_2385318,2025-09-16 13:30:00+00:00,FURIA,paiN,,,team1,FISSURE Playground 2,0
hltv_match_2385614,2025-09-16 13:30:00+00:00,Insilio,K27,,,team2,ESEA Advanced Season 54 Europe,0
hltv_match_2385319,2025-09-16 14:05:00+00:00,Astralis,Legacy,,,team1,FISSURE Playground 2,0
hltv_match_2385601,2025-09-16 14:40:00+00:00,BESTIA,RED Canids,,,team1,CCT Season 3 South America Series 4,0
hltv_match_2385602,2025-09-16 17:40:00+00:00,Sharks,BESTIA,,,team1,CCT Season 3 South America Series 4,0
hltv_match_2385685,2025-09-17 04:00:00+00:00,Betclic,Monte,,,team2,Exort The Proving Grounds Season 4,0
hltv_match_2385745,2025-09-17 04:15:00+00:00,Venom,ARCRED,,,team1,European Pro League Series 2,0
hltv_match_2385418,2025-09-17 05:00:00+00:00,SemperFi,Rooster,,,team2,ESL Challenger League Season 50 Oceania Cup 2,0
hltv_match_2385320,2025-09-17 05:20:00+00:00,FaZe,Liquid,,,team2,FISSURE Playground 2,0
hltv_match_2385746,2025-09-17 06:50:00+00:00,JiJieHao,SINNERS,,,team2,European Pro League Series 2,0
hltv_match_2385623,2025-09-17 07:00:00+00:00,Eternal Fire,ARCRED,,,team2,CCT Season 3 Europe Series 6,0
hltv_match_2385568,2025-09-17 07:30:00+00:00,UNiTY,KHAN,,,team2,CCT Season 3 Europe Series 7 Closed Qualifier,0
hltv_match_2385686,2025-09-17 07:50:00+00:00,RUBY,GUN5,,,team2,Exort The Proving Grounds Season 4,0
hltv_match_2385321,2025-09-17 08:00:00+00:00,Astralis,GamerLegion,,,team1,FISSURE Playground 2,0
hltv_match_2385539,2025-09-17 10:00:00+00:00,AMKAL,500,,,team2,Galaxy Battle 2025 Phase 4 Closed Qualifier,0
hltv_match_2385624,2025-09-17 10:00:00+00:00,Alliance,RUBY,,,team2,CCT Season 3 Europe Series 6,0
hltv_match_2385687,2025-09-17 10:50:00+00:00,JiJieHao,ESC,,,team2,Exort The Proving Grounds Season 4,0
hltv_match_2385322,2025-09-17 11:05:00+00:00,paiN,Virtus.pro,,,team1,FISSURE Playground 2,0
hltv_match_2385688,2025-09-17 13:00:00+00:00,SINNERS,CPH Wolves,,,team2,Exort The Proving Grounds Season 4,0
hltv_match_2385641,2025-09-17 13:00:00+00:00,RUBY,HOTU,,,team2,ESL Challenger League Season 50 Europe Cup 2,0
hltv_match_2385642,2025-09-17 13:00:00+00:00,GUN5,Monte,,,team2,ESL Challenger League Season 50 Europe Cup 2,0
hltv_match_2385643,2025-09-17 13:00:00+00:00,FUT,Sangal,,,team1,ESL Challenger League Season 50 Europe Cup 2,0
hltv_match_2385540,2025-09-17 13:00:00+00:00,EYEBALLERS,KHAN,,,team2,Galaxy Battle 2025 Phase 4 Closed Qualifier,0
hltv_match_2385644,2025-09-17 13:00:00+00:00,Nexus,ESC,,,team2,ESL Challenger League Season 50 Europe Cup 2,0
hltv_match_2385566,2025-09-17 13:30:00+00:00,THE,Y5,,,team1,CCT Season 3 Europe Series 7 Closed Qualifier,0
hltv_match_2385659,2025-09-17 14:30:00+00:00,Peekaboo,shinigami,,,team1,ESL Impact League Season 8 Europe,0
hltv_match_2385658,2025-09-17 14:30:00+00:00,AKA HERO KAJO,hindsight,,,team2,ESL Impact League Season 8 Europe,0
hltv_match_2385663,2025-09-17 17:00:00+00:00,CAPIVARAS,thekillaz fe,,,team2,ESL Impact League Season 8 South America,0
hltv_match_2385508,2025-09-17 17:00:00+00:00,MIBR,RED Canids,,,team1,ESL Challenger League Season 50 South America Cup 2,0
hltv_match_2385510,2025-09-17 17:00:00+00:00,BESTIA,ODDIK,,,team1,ESL Challenger League Season 50 South America Cup 2,0
hltv_match_2385662,2025-09-17 17:30:00+00:00,FURIA fe,Atrix,,,team2,ESL Impact League Season 8 South America,0
hltv_match_2385666,2025-09-17 19:30:00+00:00,wwaves,Nocturnal,,,team2,ESL Impact League Season 8 North America,0
hltv_match_2385667,2025-09-17 20:45:00+00:00,Black Mold,Lotus fe,,,team2,ESL Impact League Season 8 North America,0
hltv_match_2385516,2025-09-17 21:00:00+00:00,Wildcard,Getting Info,,,team2,ESL Challenger League Season 50 North America Cup 2,0
hltv_match_2385519,2025-09-17 21:00:00+00:00,Aether,BOSS,,,team1,ESL Challenger League Season 50 North America Cup 2,0
hltv_match_2385517,2025-09-17 21:00:00+00:00,Marsborne,SkinRave,,,team1,ESL Challenger League Season 50 North America Cup 2,0
hltv_match_2385518,2025-09-17 21:45:00+00:00,Wanted Goons,LAG,,,team2,ESL Challenger League Season 50 North America Cup 2,0
hltv_match_2385626,2025-09-18 04:00:00+00:00,JiJieHao,ESC,,,team2,CCT Season 3 Europe Series 6,0
hltv_match_2385747,2025-09-18 04:00:00+00:00,Sashi,Metizport,,,team1,European Pro League Series 2,0
hltv_match_2385394,2025-09-18 05:00:00+00:00,B8,PARIVISION,,,team2,StarLadder StarSeries Fall 2025,0
hltv_match_2385766,2025-09-18 07:00:00+00:00,CYBERSHOKE,Monte,,,team2,Exort The Proving Grounds Season 4,0
hltv_match_2385627,2025-09-18 07:00:00+00:00,FUT,FAVBET,,,team1,CCT Season 3 Europe Series 6,0
hltv_match_2385570,2025-09-18 07:30:00+00:00,Mousquetaires,KHAN,,,team2,CCT Season 3 Europe Series 7 Closed Qualifier,0
hltv_match_2385748,2025-09-18 07:40:00+00:00,Betclic,Eternal Fire,,,team1,European Pro League Series 2,0
hltv_match_2385395,2025-09-18 08:00:00+00:00,Ninjas in Pyjamas,OG,,,team1,StarLadder StarSeries Fall 2025,0
hltv_match_2385800,2025-09-18 08:05:00+00:00,Flame Sharks,RUSTEC,,,team1,Winline Pro League Season 3,0
hltv_match_2385485,2025-09-18 09:00:00+00:00,Chinggis Warriors,Rare Atom,,,team1,ESL Challenger League Season 50 Asia-Pacific Cup 2,0
hltv_match_2385767,2025-09-18 10:00:00+00:00,CPH Wolves,ESC,,,team2,Exort The Proving Grounds Season 4,0
hltv_match_2385799,2025-09-18 10:20:00+00:00,SPARTA,HOTU,,,team1,Winline Pro League Season 3,0
hltv_match_2385396,2025-09-18 11:00:00+00:00,Passion UA,Gentle Mates,,,team1,StarLadder StarSeries Fall 2025,0
hltv_match_2385648,2025-09-18 13:00:00+00:00,ESC,FUT,,,team1,ESL Challenger League Season 50 Europe Cup 2,0
hltv_match_2385768,2025-09-18 13:00:00+00:00,Betera,GUN5,,,team2,Exort The Proving Grounds Season 4,0
hltv_match_2385645,2025-09-18 13:00:00+00:00,fnatic,Alliance,,,team2,ESL Challenger League Season 50 Europe Cup 2,0
hltv_match_2385647,2025-09-18 13:20:00+00:00,HOTU,Monte,,,team1,ESL Challenger League Season 50 Europe Cup 2,0
hltv_match_2385397,2025-09-18 14:10:00+00:00,Natus Vincere,9INE,,,team1,StarLadder StarSeries Fall 2025,0
hltv_match_2385661,2025-09-18 14:30:00+00:00,Nemesis Impact,Overpeek,,,team2,ESL Impact League Season 8 Europe,0
hltv_match_2385660,2025-09-18 14:30:00+00:00,888aura,hindsight,,,team2,ESL Impact League Season 8 Europe,0
hltv_match_2385615,2025-09-18 14:30:00+00:00,1win,K27,,,team2,ESEA Advanced Season 54 Europe,0
hltv_match_2385649,2025-09-18 17:00:00+00:00,Yawara,BESTIA,,,team2,ESL Challenger League Season 50 South America Cup 2,0
hltv_match_2385664,2025-09-18 17:00:00+00:00,MIBR fe,Dusty Roses,,,team1,ESL Impact League Season 8 South America,0
hltv_match_2385650,2025-09-18 17:00:00+00:00,RED Canids,Galorys,,,team1,ESL Challenger League Season 50 South America Cup 2,0
hltv_match_2385665,2025-09-18 18:15:00+00:00,Curralzinho,Four Magic,,,team2,ESL Impact League Season 8 South America,0
hltv_match_2385669,2025-09-18 20:30:00+00:00,Shimmer,Ghost,,,team1,ESL Impact League Season 8 North America,0
hltv_match_2385630,2025-09-19 04:00:00+00:00,Venom,CYBERSHOKE,,,team1,CCT Season 3 Europe Series 6,0
hltv_match_2385749,2025-09-19 04:00:00+00:00,HOTU,FAVBET,,,team1,European Pro League Series 2,0
hltv_match_2385323,2025-09-19 04:10:00+00:00,G2,The MongolZ,,,team2,FISSURE Playground 2,0
hltv_match_2385573,2025-09-19 04:30:00+00:00,RUBY,m1x,,,team1,CCT Season 3 Europe Series 7,0
hltv_match_2385398,2025-09-19 05:00:00+00:00,B8,OG,,,team1,StarLadder StarSeries Fall 2025,0
hltv_match_2385420,2025-09-19 05:00:00+00:00,SemperFi,Ground Zero,,,team1,ESL Challenger League Season 50 Oceania Cup 2,0
hltv_match_2385769,2025-09-19 07:00:00+00:00,Betclic,Partizan,,,team2,Exort The Proving Grounds Season 4,0
hltv_match_2385631,2025-09-19 07:00:00+00:00,ENCE,GUN5,,,team2,CCT Season 3 Europe Series 6,0
hltv_match_2385574,2025-09-19 07:30:00+00:00,SINNERS,KHAN,,,team2,CCT Season 3 Europe Series 7,0
hltv_match_2385750,2025-09-19 07:30:00+00:00,ESC,FORZE Reload,,,team1,European Pro League Series 2,0
hltv_match_2385399,2025-09-19 08:05:00+00:00,Gentle Mates,9INE,,,team1,StarLadder StarSeries Fall 2025,0
hltv_match_2385324,2025-09-19 08:20:00+00:00,Aurora,Liquid,,,team2,FISSURE Playground 2,0
hltv_match_2385486,2025-09-19 09:00:00+00:00,The Huns,Rare Atom,,,team2,ESL Challenger League Season 50 Asia-Pacific Cup 2,0
hltv_match_2385632,2025-09-19 10:00:00+00:00,BIG,RUBY,,,team1,CCT Season 3 Europe Series 6,0
hltv_match_2385770,2025-09-19 10:00:00+00:00,JiJieHao,Johnny Speeds,,,team1,Exort The Proving Grounds Season 4,0
hltv_match_2385400,2025-09-19 10:15:00+00:00,PARIVISION,Ninjas in Pyjamas,,,team2,StarLadder StarSeries Fall 2025,0
hltv_match_2385575,2025-09-19 10:30:00+00:00,ECLOT,SPARTA,,,team1,CCT Season 3 Europe Series 7,0
hltv_match_2385775,2025-09-19 10:30:00+00:00,HAVU,CSDIILIT,,,team1,Elisa Open Finland Season 10,0
hltv_match_2385802,2025-09-19 10:30:00+00:00,GUN5,ARCRED,,,team2,Winline Pro League Season 3,0
hltv_match_2385325,2025-09-19 11:35:00+00:00,FURIA,Astralis,,,team1,FISSURE Playground 2,0
hltv_match_2385670,2025-09-19 12:00:00+00:00,Wildcard Academy,K27,,,team2,ESEA League Season 54 Europe Elite Cup 2,0
hltv_match_2385671,2025-09-19 12:00:00+00:00,RUSTEC,FORZE Reload,,,team2,ESEA League Season 54 Europe Elite Cup 2,0
hltv_match_2385401,2025-09-19 12:20:00+00:00,Passion UA,Natus Vincere,,,team2,StarLadder StarSeries Fall 2025,0
hltv_match_2385798,2025-09-19 13:00:00+00:00,ESC,fnatic,,,team1,ESL Challenger League Season 50 Europe Cup 2,0
hltv_match_2385797,2025-09-19 13:00:00+00:00,9INE,HOTU,,,team1,ESL Challenger League Season 50 Europe Cup 2,0
hltv_match_2385771,2025-09-19 13:15:00+00:00,SINNERS,RUBY,,,team2,Exort The Proving Grounds Season 4,0
hltv_match_2385576,2025-09-19 13:45:00+00:00,ARCRED,Eternal Fire,,,team1,CCT Season 3 Europe Series 7,0
hltv_match_2385326,2025-09-19 15:10:00+00:00,Falcons,paiN,,,team1,FISSURE Playground 2,0
hltv_match_2385807,2025-09-19 17:00:00+00:00,RED Canids,BESTIA,,,team2,ESL Challenger League Season 50 South America Cup 2,0
hltv_match_2385861,2025-09-19 20:30:00+00:00,Brazen,LAG,,,team2,ESEA Advanced Season 54 North America,0
hltv_match_2385811,2025-09-19 21:00:00+00:00,SkinRave,Wildcard,,,team2,ESL Challenger League Season 50 North America Cup 2,0
hltv_match_2385751,2025-09-20 04:00:00+00:00,BC.Game,AMKAL,,,team1,European Pro League Series 2,0
hltv_match_2385421,2025-09-20 05:00:00+00:00,Rooster,SemperFi,,,team2,ESL Challenger League Season 50 Oceania Cup 2,0
hltv_match_2385402,2025-09-20 05:00:00+00:00,Gentle Mates,PARIVISION,,,team1,StarLadder StarSeries Fall 2025,0
hltv_match_2385752,2025-09-20 06:30:00+00:00,RUBY,500,,,team1,European Pro League Series 2,0
hltv_match_2385635,2025-09-20 07:00:00+00:00,BetBoom,Sashi,,,team1,CCT Season 3 Europe Series 6,0
hltv_match_2385772,2025-09-20 07:00:00+00:00,CYBERSHOKE,JiJieHao,,,team2,Exort The Proving Grounds Season 4,0
hltv_match_2385803,2025-09-20 08:00:00+00:00,SPARTA,ARCRED,,,team1,Winline Pro League Season 3,0
hltv_match_2385327,2025-09-20 08:00:00+00:00,The MongolZ,Liquid,,,team1,FISSURE Playground 2,0
hltv_match_2385403,2025-09-20 08:10:00+00:00,B8,Passion UA,,,team1,StarLadder StarSeries Fall 2025,0
hltv_match_2385778,2025-09-20 08:50:00+00:00,HAVU,ENCE Academy,,,team1,Elisa Open Finland Season 10,0
hltv_match_2385487,2025-09-20 09:00:00+00:00,Chinggis Warriors,Rare Atom,,,team2,ESL Challenger League Season 50 Asia-Pacific Cup 2,0
hltv_match_2385773,2025-09-20 10:00:00+00:00,CPH Wolves,Partizan,,,team2,Exort The Proving Grounds Season 4,0
hltv_match_2385636,2025-09-20 10:00:00+00:00,FUT,GUN5,,,team2,CCT Season 3 Europe Series 6,0
hltv_match_2385579,2025-09-20 10:30:00+00:00,500,FORZE Reload,,,team1,CCT Season 3 Europe Series 7,0
hltv_match_2385404,2025-09-20 10:30:00+00:00,Ninjas in Pyjamas,Natus Vincere,,,team2,StarLadder StarSeries Fall 2025,0
hltv_match_2385328,2025-09-20 12:00:00+00:00,FURIA,Falcons,,,team1,FISSURE Playground 2,0
hltv_match_2385836,2025-09-20 12:30:00+00:00,Sharks,9z,,,team2,Odyssey Cup Champions 2025,0
hltv_match_2385405,2025-09-20 12:50:00+00:00,Gentle Mates,B8,,,team2,StarLadder StarSeries Fall 2025,0
hltv_match_2385774,2025-09-20 13:00:00+00:00,Betera,RUBY,,,team1,Exort The Proving Grounds Season 4,0
hltv_match_2385815,2025-09-20 13:00:00+00:00,ESC,9INE,,,team1,ESL Challenger League Season 50 Europe Cup 2,0
hltv_match_2385637,2025-09-20 13:25:00+00:00,BIG,Venom,,,team1,CCT Season 3 Europe Series 6,0
hltv_match_2385580,2025-09-20 13:30:00+00:00,CPH Wolves,AMKAL,,,team2,CCT Season 3 Europe Series 7,0
hltv_match_2385616,2025-09-20 13:30:00+00:00,Inner Circle,K27,,,team2,ESEA Advanced Season 54 Europe,0
hltv_match_2385812,2025-09-20 21:00:00+00:00,Getting Info,Marsborne,,,team2,ESL Challenger League Season 50 North America Cup 2,0
hltv_match_2385794,2025-09-20 21:00:00+00:00,NuTorious,LAG,,,team2,ESEA League Season 54 North America Elite Cup 2,0
hltv_match_2385873,2025-09-21 01:30:00+00:00,ScarX,OxinGame,,,team1,Dust2 India 1xBet Masters 26,0
hltv_match_2385819,2025-09-21 04:00:00+00:00,FUT,Spirit Academy,,,team1,Exort The Proving Grounds Season 4,0
hltv_match_2385541,2025-09-21 04:00:00+00:00,Sangal,Betera,,,team1,Galaxy Battle 2025 Phase 4,0
hltv_match_2385753,2025-09-21 04:00:00+00:00,Venom,SINNERS,,,team2,European Pro League Series 2,0
hltv_match_2385779,2025-09-21 05:00:00+00:00,CSDIILIT,ENCE Academy,,,team2,Elisa Open Finland Season 10,0
hltv_match_2385638,2025-09-21 06:00:00+00:00,BetBoom,GUN5,,,team1,CCT Season 3 Europe Series 6,0
hltv_match_2385754,2025-09-21 06:30:00+00:00,Sashi,Betclic,,,team1,European Pro League Series 2,0
hltv_match_2385820,2025-09-21 07:00:00+00:00,ENCE,Sangal,,,team1,Exort The Proving Grounds Season 4,0
hltv_match_2385542,2025-09-21 07:00:00+00:00,Tricked,FAVBET,,,team2,Galaxy Battle 2025 Phase 4,0
hltv_match_2385846,2025-09-21 07:30:00+00:00,CPH Wolves,Eternal Fire,,,team1,CCT Season 3 Europe Series 7,0
hltv_match_2385806,2025-09-21 09:00:00+00:00,SPARTA,Flame Sharks,,,team2,Winline Pro League Season 3,0
hltv_match_2385406,2025-09-21 09:00:00+00:00,Ninjas in Pyjamas,B8,,,team1,StarLadder StarSeries Fall 2025,0
hltv_match_2385780,2025-09-21 09:20:00+00:00,HAVU,ENCE Academy,,,team1,Elisa Open Finland Season 10,0
hltv_match_2385639,2025-09-21 09:30:00+00:00,ESC,BIG,,,team1,CCT Season 3 Europe Series 6,0
hltv_match_2385543,2025-09-21 10:25:00+00:00,Partizan,KHAN,,,team1,Galaxy Battle 2025 Phase 4,0
hltv_match_2385847,2025-09-21 10:45:00+00:00,SINNERS,FORZE Reload,,,team2,CCT Season 3 Europe Series 7,0
hltv_match_2385329,2025-09-21 11:00:00+00:00,The MongolZ,FURIA,,,team2,FISSURE Playground 2,0
hltv_match_2385640,2025-09-21 12:00:00+00:00,BetBoom,ESC,,,team2,CCT Season 3 Europe Series 6,0
hltv_match_2385407,2025-09-21 12:10:00+00:00,Natus Vincere,Ninjas in Pyjamas,,,team1,StarLadder StarSeries Fall 2025,0
hltv_match_2385544,2025-09-21 13:00:00+00:00,Nexus,SPARTA,,,team2,Galaxy Battle 2025 Phase 4,0
hltv_match_2385816,2025-09-21 13:00:00+00:00,BC.Game,Alliance,,,team2,ESL Challenger League Season 50 Europe Cup 2,0
hltv_match_2385822,2025-09-21 13:30:00+00:00,Nemiga,Monte,,,team1,Exort The Proving Grounds Season 4,0
hltv_match_2385848,2025-09-21 13:45:00+00:00,FAVBET,m1x,,,team1,CCT Season 3 Europe Series 7,0
hltv_match_2385672,2025-09-21 14:00:00+00:00,K27,FORZE Reload,,,team1,ESEA League Season 54 Europe Elite Cup 2,0
hltv_match_2385796,2025-09-21 20:30:00+00:00,SportsBetExpert,LAG,,,team2,ESEA League Season 54 North America Elite Cup 2,0
hltv_match_2385813,2025-09-21 21:00:00+00:00,Wildcard,Getting Info,,,team1,ESL Challenger League Season 50 North America Cup 2,0
hltv_match_2385823,2025-09-22 04:00:00+00:00,SAW,JiJieHao,,,team1,Exort The Proving Grounds Season 4,0
hltv_match_2385849,2025-09-22 04:00:00+00:00,ECLOT,1win,,,team1,CCT Season 3 Europe Series 7,0
hltv_match_2385876,2025-09-22 05:30:00+00:00,TPuDCATb TPu,Nemesis,,,team1,Exort Series 16,0
hltv_match_2385756,2025-09-22 06:30:00+00:00,BC.Game,RUBY,,,team2,European Pro League Series 2,0
hltv_match_2385853,2025-09-22 07:00:00+00:00,Alliance,Eternal Fire,,,team2,Winline Insight Season 8,0
hltv_match_2385850,2025-09-22 07:00:00+00:00,500,KHAN,,,team1,CCT Season 3 Europe Series 7,0
hltv_match_2385546,2025-09-22 07:00:00+00:00,Monte,CPH Wolves,,,team1,Galaxy Battle 2025 Phase 4,0
hltv_match_2385824,2025-09-22 07:00:00+00:00,BetBoom,Partizan,,,team2,Exort The Proving Grounds Season 4,0
hltv_match_2385877,2025-09-22 08:30:00+00:00,Nexus,MOUZ NXT,,,team2,Exort Series 16,0
hltv_match_2385547,2025-09-22 10:00:00+00:00,GUN5,500,,,team1,Galaxy Battle 2025 Phase 4,0
hltv_match_2385854,2025-09-22 10:15:00+00:00,ECLOT,Tricked,,,team1,Winline Insight Season 8,0
hltv_match_2385825,2025-09-22 10:15:00+00:00,BIG,ESC,,,team2,Exort The Proving Grounds Season 4,0
hltv_match_2385878,2025-09-22 11:30:00+00:00,UNiTY,HyperSpirit,,,team1,Exort Series 16,0
hltv_match_2385548,2025-09-22 13:00:00+00:00,Eternal Fire,Johnny Speeds,,,team1,Galaxy Battle 2025 Phase 4,0
hltv_match_2385852,2025-09-22 13:00:00+00:00,ARCRED,AMKAL,,,team1,CCT Season 3 Europe Series 7,0
hltv_match_2385826,2025-09-22 13:15:00+00:00,fnatic,GUN5,,,team1,Exort The Proving Grounds Season 4,0
hltv_match_2385817,2025-09-22 13:20:00+00:00,ESC,BC.Game,,,team2,ESL Challenger League Season 50 Europe Cup 2,0
hltv_match_2385879,2025-09-22 14:30:00+00:00,FORZE Reload,Flame Sharks,,,team1,Exort Series 16,0
hltv_match_2385814,2025-09-22 21:00:00+00:00,Marsborne,Wildcard,,,team2,ESL Challenger League Season 50 North America Cup 2,0
hltv_match_2385827,2025-09-23 04:00:00+00:00,SAW,ENCE,,,team2,Exort The Proving Grounds Season 4,0
hltv_match_2385757,2025-09-23 04:00:00+00:00,SINNERS,Sashi,,,team2,European Pro League Series 2,0
hltv_match_2385865,2025-09-23 04:30:00+00:00,SPARTA,Eternal Fire,,,team2,CCT Season 3 Europe Series 7,0
hltv_match_2385837,2025-09-23 07:00:00+00:00,Partizan,Eternal Fire,,,team2,Galaxy Battle 2025 Phase 4,0
hltv_match_2385828,2025-09-23 07:00:00+00:00,Betera,ESC,,,team1,Exort The Proving Grounds Season 4,0
hltv_match_2385855,2025-09-23 08:00:00+00:00,Sashi,FORZE Reload,,,team1,Winline Insight Season 8,0
hltv_match_2385866,2025-09-23 08:00:00+00:00,SINNERS,m1x,,,team1,CCT Season 3 Europe Series 7,0
hltv_match_2385758,2025-09-23 08:10:00+00:00,HOTU,RUBY,,,team1,European Pro League Series 2,0
hltv_match_2385880,2025-09-23 08:30:00+00:00,TPuDCATb TPu,MOUZ NXT,,,team1,Exort Series 16,0
hltv_match_2385838,2025-09-23 10:20:00+00:00,GUN5,FAVBET,,,team2,Galaxy Battle 2025 Phase 4,0
hltv_match_2385829,2025-09-23 10:20:00+00:00,Partizan,FUT,,,team2,Exort The Proving Grounds Season 4,0
hltv_match_2385856,2025-09-23 10:30:00+00:00,RUBY,CPH Wolves,,,team1,Winline Insight Season 8,0
hltv_match_2385881,2025-09-23 11:30:00+00:00,UNiTY,FORZE Reload,,,team1,Exort Series 16,0
hltv_match_2385839,2025-09-23 13:00:00+00:00,Tricked,500,,,team2,Galaxy Battle 2025 Phase 4,0
hltv_match_2385818,2025-09-23 13:00:00+00:00,Alliance,BC.Game,,,team2,ESL Challenger League Season 50 Europe Cup 2,0
hltv_match_2385830,2025-09-23 13:15:00+00:00,fnatic,Nemiga,,,team1,Exort The Proving Grounds Season 4,0
hltv_match_2385868,2025-09-23 13:30:00+00:00,RUBY,1win,,,team2,CCT Season 3 Europe Series 7,0
hltv_match_2385882,2025-09-23 16:30:00+00:00,TPuDCATb TPu,UNiTY,,,team1,Exort Series 16,0
hltv_match_2385869,2025-09-24 04:30:00+00:00,CPH Wolves,FORZE Reload,,,team1,CCT Season 3 Europe Series 7,0
hltv_match_2385883,2025-09-24 07:00:00+00:00,Alliance,Tricked,,,team1,Winline Insight Season 8,0
hltv_match_2385831,2025-09-24 07:00:00+00:00,ENCE,fnatic,,,team1,Exort The Proving Grounds Season 4,0
hltv_match_2385841,2025-09-24 07:00:00+00:00,Monte,Sangal,,,team1,Galaxy Battle 2025 Phase 4,0
hltv_match_2385890,2025-09-24 07:00:00+00:00,1win,Leo,,,team2,CCT Season 3 Europe Series 8 Closed Qualifier,0
hltv_match_2385870,2025-09-24 08:15:00+00:00,FAVBET,KHAN,,,team2,CCT Season 3 Europe Series 7,0
hltv_match_2385832,2025-09-24 10:00:00+00:00,FUT,Betera,,,team1,Exort The Proving Grounds Season 4,0
hltv_match_2385892,2025-09-24 10:10:00+00:00,Fire Flux,Y5,,,team1,CCT Season 3 Europe Series 8 Closed Qualifier,0
hltv_match_2385842,2025-09-24 10:15:00+00:00,Alliance,SPARTA,,,team1,Galaxy Battle 2025 Phase 4,0
hltv_match_2385884,2025-09-24 10:20:00+00:00,FORZE Reload,CPH Wolves,,,team1,Winline Insight Season 8,0
hltv_match_2386115,2025-09-24 11:00:00+00:00,UNiTY,Dark Tigers,,,team1,Slovak National Championship 2025,0
hltv_match_2385606,2025-09-24 13:00:00+00:00,9z,Procyon,,,team2,Aorus League Latam 2025,0
hltv_match_2385843,2025-09-24 13:00:00+00:00,CPH Wolves,Betera,,,team1,Galaxy Battle 2025 Phase 4,0
hltv_match_2385872,2025-09-24 13:30:00+00:00,500,ARCRED,,,team1,CCT Season 3 Europe Series 7,0
hltv_match_2385833,2025-09-24 14:00:00+00:00,ENCE,FUT,,,team2,Exort The Proving Grounds Season 4,0
hltv_match_2385971,2025-09-24 14:30:00+00:00,NIP Impact,Flame Sharks fe,,,team1,ESL Impact League Season 8 Europe,0
hltv_match_2385972,2025-09-24 14:30:00+00:00,BIG EQUIPA,shinigami,,,team1,ESL Impact League Season 8 Europe,0
hltv_match_2385607,2025-09-24 14:40:00+00:00,BESTIA,Dusty Roots,,,team2,Aorus League Latam 2025,0
hltv_match_2385608,2025-09-24 16:00:00+00:00,Procyon,Dusty Roots,,,team1,Aorus League Latam 2025,0
hltv_match_2385975,2025-09-24 17:00:00+00:00,FURIA fe,thekillaz fe,,,team1,ESL Impact League Season 8 South America,0
hltv_match_2385976,2025-09-24 17:00:00+00:00,Atrix,Dusty Roses,,,team1,ESL Impact League Season 8 South America,0
hltv_match_2385979,2025-09-24 19:30:00+00:00,Shimmer,Lotus fe,,,team1,ESL Impact League Season 8 North America,0
hltv_match_2385980,2025-09-24 19:30:00+00:00,FlyQuest RED,wwaves,,,team1,ESL Impact League Season 8 North America,0
hltv_match_2385609,2025-09-24 19:40:00+00:00,9z,BESTIA,,,team1,Aorus League Latam 2025,0
hltv_match_2385760,2025-09-25 04:00:00+00:00,Sashi,HOTU,,,team2,European Pro League Series 2,0
hltv_match_2386123,2025-09-25 04:00:00+00:00,HAVU,Northern Lights,,,team2,United21 League Season 38,0
hltv_match_2386137,2025-09-25 04:00:00+00:00,NIP Impact,1win,,,team2,CCT Season 3 Europe Series 8 Closed Qualifier,0
hltv_match_2385781,2025-09-25 04:00:00+00:00,TPuDCATb TPu,Spirit Academy,,,team1,Majestic LanDaLan 3,0
hltv_match_2386009,2025-09-25 05:10:00+00:00,Passion UA,MANA,,,team1,DraculaN Season 2,0
hltv_match_2386008,2025-09-25 05:15:00+00:00,Metizport,Nexus,,,team2,DraculaN Season 2,0
hltv_match_2386007,2025-09-25 05:15:00+00:00,FlyQuest,BASEMENT BOYS,,,team2,DraculaN Season 2,0
hltv_match_2386010,2025-09-25 05:15:00+00:00,Zero Tenacity,GenOne,,,team1,DraculaN Season 2,0
hltv_match_2385885,2025-09-25 07:00:00+00:00,Eternal Fire,ECLOT,,,team2,Winline Insight Season 8,0
hltv_match_2386124,2025-09-25 07:00:00+00:00,MASONIC,WOPA,,,team1,United21 League Season 38,0
hltv_match_2385782,2025-09-25 07:00:00+00:00,BetBoom,Betera,,,team1,Majestic LanDaLan 3,0
hltv_match_2385983,2025-09-25 07:30:00+00:00,RUBY,FORZE Reload,,,team1,CCT Season 3 Europe Series 7,0
hltv_match_2386012,2025-09-25 08:25:00+00:00,ECSTATIC,BIG Academy,,,team1,DraculaN Season 2,0
hltv_match_2386013,2025-09-25 08:40:00+00:00,SINNERS,m1x,,,team1,DraculaN Season 2,0
hltv_match_2386014,2025-09-25 09:40:00+00:00,OG,AM,,,team1,DraculaN Season 2,0
hltv_match_2385844,2025-09-25 10:00:00+00:00,KHAN,Johnny Speeds,,,team1,Galaxy Battle 2025 Phase 4,0
hltv_match_2386139,2025-09-25 10:00:00+00:00,UNiTY,Leo,,,team2,CCT Season 3 Europe Series 8 Closed Qualifier,0
hltv_match_2385886,2025-09-25 10:30:00+00:00,Sashi,RUBY,,,team2,Winline Insight Season 8,0
hltv_match_2385984,2025-09-25 10:30:00+00:00,FAVBET,Eternal Fire,,,team1,CCT Season 3 Europe Series 7,0
hltv_match_2386016,2025-09-25 11:50:00+00:00,MANA,GenOne,,,team2,DraculaN Season 2,0
hltv_match_2386017,2025-09-25 12:00:00+00:00,HyperSpirit,BIG Academy,,,team2,DraculaN Season 2,0
hltv_match_2386015,2025-09-25 12:45:00+00:00,Metizport,FlyQuest,,,team2,DraculaN Season 2,0
hltv_match_2386018,2025-09-25 12:55:00+00:00,m1x,AM,,,team2,DraculaN Season 2,0
hltv_match_2385610,2025-09-25 13:00:00+00:00,Dusty Roots,9z,,,team1,Aorus League Latam 2025,0
hltv_match_2385840,2025-09-25 13:00:00+00:00,Nexus,Anonymo,,,team2,Galaxy Battle 2025 Phase 4,0
hltv_match_2386169,2025-09-25 14:00:00+00:00,LP,Players,,,team1,Liga Gamers Club 2025 Serie A September Cup,0
hltv_match_2385787,2025-09-25 14:00:00+00:00,PARIVISION,Nuclear TigeRES,,,team1,Majestic LanDaLan 3,0
hltv_match_2386116,2025-09-25 14:00:00+00:00,ECLOT,BRUTE,,,team1,Slovak National Championship 2025,0
hltv_match_2386140,2025-09-25 14:15:00+00:00,Fire Flux,Eternal Fire,,,team1,CCT Season 3 Europe Series 8 Closed Qualifier,0
hltv_match_2385974,2025-09-25 14:30:00+00:00,Imperial Valkyries,Peekaboo,,,team1,ESL Impact League Season 8 Europe,0
hltv_match_2385973,2025-09-25 14:30:00+00:00,Let Her Cook,AKA HERO KAJO,,,team1,ESL Impact League Season 8 Europe,0
hltv_match_2385978,2025-09-25 17:00:00+00:00,MIBR fe,Curralzinho,,,team1,ESL Impact League Season 8 South America,0
hltv_match_2385977,2025-09-25 17:00:00+00:00,CAPIVARAS,Four Magic,,,team2,ESL Impact League Season 8 South America,0
hltv_match_2386170,2025-09-25 17:30:00+00:00,ODDIK Academy,Tropa do KinGui,,,team1,Liga Gamers Club 2025 Serie A September Cup,0
hltv_match_2385611,2025-09-25 18:05:00+00:00,Procyon,Dusty Roots,,,team2,Aorus League Latam 2025,0
hltv_match_2385982,2025-09-25 19:30:00+00:00,Ghost,Little Bocks,,,team1,ESL Impact League Season 8 North America,0
hltv_match_2385981,2025-09-25 19:30:00+00:00,Black Mold,Nocturnal,,,team2,ESL Impact League Season 8 North America,0
hltv_match_2385894,2025-09-26 02:15:11+00:00,FORZE Reload,Square Sausages,,,team1,CCT Season 3 Europe Series 8 Closed Qualifier,0
hltv_match_2386040,2025-09-26 03:45:00+00:00,ESC,Phantom,,,team2,Birch Cup 2025,0
hltv_match_2386039,2025-09-26 03:45:00+00:00,Wildcard,MOUZ NXT,,,team1,Birch Cup 2025,0
hltv_match_2385783,2025-09-26 04:00:00+00:00,Spirit Academy,Betera,,,team2,Majestic LanDaLan 3,0
hltv_match_2386125,2025-09-26 04:00:00+00:00,fish123,XI,,,team1,United21 League Season 38,0
hltv_match_2386038,2025-09-26 04:30:00+00:00,AaB,500,,,team2,Birch Cup 2025,0
hltv_match_2386020,2025-09-26 04:55:00+00:00,Zero Tenacity,Passion UA,,,team2,DraculaN Season 2,0
hltv_match_2386019,2025-09-26 05:00:00+00:00,Nexus,BASEMENT BOYS,,,team2,DraculaN Season 2,0
hltv_match_2386022,2025-09-26 05:00:00+00:00,SINNERS,OG,,,team2,DraculaN Season 2,0
hltv_match_2386042,2025-09-26 06:00:00+00:00,Tricked,ex-Inner Circle,,,team2,Birch Cup 2025,0
hltv_match_2386041,2025-09-26 06:30:00+00:00,Betclic,Nemesis,,,team2,Birch Cup 2025,0
hltv_match_2386126,2025-09-26 06:30:00+00:00,Mousquetaires,Prestige,,,team1,United21 League Season 38,0
hltv_match_2385887,2025-09-26 07:00:00+00:00,Alliance,Eternal Fire,,,team1,Winline Insight Season 8,0
hltv_match_2385788,2025-09-26 07:10:00+00:00,Nemiga,Nuclear TigeRES,,,team2,Majestic LanDaLan 3,0
hltv_match_2385986,2025-09-26 07:30:00+00:00,ARCRED,1win,,,team2,CCT Season 3 Europe Series 7,0
hltv_match_2386044,2025-09-26 07:35:00+00:00,Johnny Speeds,kONO,,,team1,Birch Cup 2025,0
hltv_match_2386025,2025-09-26 08:00:00+00:00,BIG Academy,Zero Tenacity,,,team2,DraculaN Season 2,0
hltv_match_2386045,2025-09-26 08:00:00+00:00,BIG,500,,,team1,Birch Cup 2025,0
hltv_match_2386026,2025-09-26 08:20:00+00:00,AM,Nexus,,,team2,DraculaN Season 2,0
hltv_match_2386023,2025-09-26 08:50:00+00:00,FlyQuest,SINNERS,,,team1,DraculaN Season 2,0
hltv_match_2386046,2025-09-26 09:30:00+00:00,Phantom,Wildcard,,,team1,Birch Cup 2025,0
hltv_match_2385784,2025-09-26 10:00:00+00:00,TPuDCATb TPu,BetBoom,,,team2,Majestic LanDaLan 3,0
hltv_match_2386048,2025-09-26 10:00:00+00:00,Johnny Speeds,Partizan,,,team1,Birch Cup 2025,0
hltv_match_2386047,2025-09-26 10:00:00+00:00,ex-Inner Circle,Nemesis,,,team1,Birch Cup 2025,0
hltv_match_2385888,2025-09-26 10:00:00+00:00,FORZE Reload,Sashi,,,team2,Winline Insight Season 8,0
hltv_match_2385987,2025-09-26 10:30:00+00:00,AMKAL,KHAN,,,team1,CCT Season 3 Europe Series 7,0
hltv_match_2386051,2025-09-26 11:30:00+00:00,Tricked,Betclic,,,team2,Birch Cup 2025,0
hltv_match_2386050,2025-09-26 12:10:00+00:00,ESC,MOUZ NXT,,,team1,Birch Cup 2025,0
hltv_match_2386030,2025-09-26 12:30:00+00:00,Zero Tenacity,Nexus,,,team1,DraculaN Season 2,0
hltv_match_2386028,2025-09-26 12:45:00+00:00,ECSTATIC,OG,,,team2,DraculaN Season 2,0
hltv_match_2386053,2025-09-26 12:45:00+00:00,AaB,Partizan,,,team2,Birch Cup 2025,0
hltv_match_2385896,2025-09-26 13:00:00+00:00,ARCRED,THE,,,team2,CCT Season 3 Europe Series 8 Closed Qualifier,0
hltv_match_2386027,2025-09-26 13:45:00+00:00,Passion UA,BASEMENT BOYS,,,team2,DraculaN Season 2,0
hltv_match_2386029,2025-09-26 14:10:00+00:00,GenOne,FlyQuest,,,team1,DraculaN Season 2,0
hltv_match_2386054,2025-09-26 14:30:00+00:00,Nemesis,ESC,,,team2,Birch Cup 2025,0
hltv_match_2386055,2025-09-26 14:35:00+00:00,Wildcard,Betclic,,,team2,Birch Cup 2025,0
hltv_match_2386056,2025-09-26 14:45:00+00:00,500,kONO,,,team1,Birch Cup 2025,0
hltv_match_2386142,2025-09-26 22:15:00+00:00,Mindfreak,Animus Victoria,,,team1,DFRAG Open Series 1,0
hltv_match_2386145,2025-09-27 01:15:00+00:00,SemperFi,Mindfreak,,,team1,DFRAG Open Series 1,0
hltv_match_2386058,2025-09-27 03:00:00+00:00,Monte,BIG,,,team1,Birch Cup 2025,0
hltv_match_2386059,2025-09-27 03:00:00+00:00,ENCE,Johnny Speeds,,,team2,Birch Cup 2025,0
hltv_match_2386060,2025-09-27 03:25:00+00:00,FUT,ESC,,,team2,Birch Cup 2025,0
hltv_match_2386057,2025-09-27 03:45:00+00:00,fnatic,Phantom,,,team1,Birch Cup 2025,0
hltv_match_2386174,2025-09-27 04:00:00+00:00,FORZE Reload,ENCE Academy,,,team1,CCT Season 3 Europe Series 8 Closed Qualifier,0
hltv_match_2385785,2025-09-27 04:00:00+00:00,Betera,TPuDCATb TPu,,,team2,Majestic LanDaLan 3,0
hltv_match_2386063,2025-09-27 04:30:00+00:00,Gentle Mates,ex-Inner Circle,,,team2,Birch Cup 2025,0
hltv_match_2386064,2025-09-27 05:00:00+00:00,Venom,Partizan,,,team2,Birch Cup 2025,0
hltv_match_2386062,2025-09-27 05:10:00+00:00,9INE,Betclic,,,team1,Birch Cup 2025,0
hltv_match_2386061,2025-09-27 05:30:00+00:00,Liquid,500,,,team1,Birch Cup 2025,0
hltv_match_2386066,2025-09-27 07:15:00+00:00,Johnny Speeds,ESC,,,team1,Birch Cup 2025,0
hltv_match_2386173,2025-09-27 07:15:00+00:00,Mousquetaires,ARCRED,,,team1,CCT Season 3 Europe Series 8 Closed Qualifier,0
hltv_match_2385989,2025-09-27 07:30:00+00:00,RUBY,KHAN,,,team2,CCT Season 3 Europe Series 7,0
hltv_match_2386068,2025-09-27 07:30:00+00:00,ex-Inner Circle,Partizan,,,team2,Birch Cup 2025,0
hltv_match_2386067,2025-09-27 07:30:00+00:00,9INE,Liquid,,,team1,Birch Cup 2025,0
hltv_match_2386031,2025-09-27 08:00:00+00:00,Passion UA,GenOne,,,team1,DraculaN Season 2,0
hltv_match_2386032,2025-09-27 08:00:00+00:00,Zero Tenacity,ECSTATIC,,,team1,DraculaN Season 2,0
hltv_match_2386118,2025-09-27 08:00:00+00:00,UNiTY,ECLOT,,,team2,Slovak National Championship 2025,0
hltv_match_2386065,2025-09-27 08:10:00+00:00,Monte,fnatic,,,team2,Birch Cup 2025,0
hltv_match_2386072,2025-09-27 08:30:00+00:00,Gentle Mates,Venom,,,team2,Birch Cup 2025,0
hltv_match_2386071,2025-09-27 09:15:00+00:00,Betclic,500,,,team2,Birch Cup 2025,0
hltv_match_2386069,2025-09-27 09:30:00+00:00,BIG,Phantom,,,team1,Birch Cup 2025,0
hltv_match_2386070,2025-09-27 09:30:00+00:00,ENCE,FUT,,,team1,Birch Cup 2025,0
hltv_match_2386184,2025-09-27 10:00:00+00:00,SPARTA,Sangal,,,team2,Galaxy Battle 2025 Phase 4,0
hltv_match_2385791,2025-09-27 10:15:00+00:00,PARIVISION,TPuDCATb TPu,,,team1,Majestic LanDaLan 3,0
hltv_match_2386230,2025-09-27 10:30:00+00:00,Y5,Fire Flux,,,team2,CCT Season 3 Contenders Europe Series 1,0
hltv_match_2386074,2025-09-27 11:45:00+00:00,Liquid,ENCE,,,team1,Birch Cup 2025,0
hltv_match_2386244,2025-09-27 12:15:00+00:00,NOVAQ,ALLINNERS,,,team1,Yandex Go KOKONISTER Season 3,0
hltv_match_2386034,2025-09-27 12:35:00+00:00,Zero Tenacity,Passion UA,,,team2,DraculaN Season 2,0
hltv_match_2386033,2025-09-27 12:45:00+00:00,BASEMENT BOYS,OG,,,team2,DraculaN Season 2,0
hltv_match_2386185,2025-09-27 13:00:00+00:00,Alliance,Eternal Fire,,,team1,Galaxy Battle 2025 Phase 4,0
hltv_match_2386175,2025-09-27 13:00:00+00:00,ALGO,THE,,,team2,CCT Season 3 Europe Series 8 Closed Qualifier,0
hltv_match_2386076,2025-09-27 13:00:00+00:00,Monte,Venom,,,team1,Birch Cup 2025,0
hltv_match_2386075,2025-09-27 13:00:00+00:00,ESC,500,,,team2,Birch Cup 2025,0
hltv_match_2386073,2025-09-27 13:10:00+00:00,ex-Inner Circle,BIG,,,team1,Birch Cup 2025,0
hltv_match_2386085,2025-09-27 13:30:00+00:00,MIBR,Crashers,,,team1,FERJEE Rush 2025,0
hltv_match_2386086,2025-09-27 13:30:00+00:00,RED Canids,2GAME,,,team1,FERJEE Rush 2025,0
hltv_match_2385991,2025-09-27 13:30:00+00:00,FAVBET,ARCRED,,,team1,CCT Season 3 Europe Series 7,0
hltv_match_2386120,2025-09-27 14:10:00+00:00,Dark Tigers,BRUTE,,,team2,Slovak National Championship 2025,0
hltv_match_2386087,2025-09-27 14:45:00+00:00,Imperial,Dashskins,,,team1,FERJEE Rush 2025,0
hltv_match_2386089,2025-09-27 16:25:00+00:00,9z,Yawara,,,team1,FERJEE Rush 2025,0
hltv_match_2386093,2025-09-27 18:15:00+00:00,MIBR,RED Canids,,,team2,FERJEE Rush 2025,0
hltv_match_2386088,2025-09-27 18:40:00+00:00,Keyd Stars,Dusty Roots,,,team1,FERJEE Rush 2025,0
hltv_match_2386090,2025-09-27 19:00:00+00:00,Sharks,Gaimin Gladiators,,,team1,FERJEE Rush 2025,0
hltv_match_2386095,2025-09-27 21:40:00+00:00,9z,Sharks,,,team2,FERJEE Rush 2025,0
hltv_match_2386144,2025-09-27 22:15:00+00:00,Vantage,Underground,,,team1,DFRAG Open Series 1,0
hltv_match_2386092,2025-09-27 22:25:00+00:00,ODDIK,GameHunters,,,team1,FERJEE Rush 2025,0
hltv_match_2386094,2025-09-27 23:30:00+00:00,Imperial,Keyd Stars,,,team2,FERJEE Rush 2025,0
hltv_match_2386091,2025-09-28 00:35:00+00:00,BESTIA,Bounty Hunters,,,team1,FERJEE Rush 2025,0
hltv_match_2386148,2025-09-28 01:10:00+00:00,Ground Zero,Vantage,,,team1,DFRAG Open Series 1,0
hltv_match_2386080,2025-09-28 03:00:00+00:00,Liquid,500,,,team1,Birch Cup 2025,0
hltv_match_2386241,2025-09-28 03:00:00+00:00,Eruption,The QUBE,,,team1,eXTREMESLAND 2025 Mongolia Open Qualifier 2,0
hltv_match_2386079,2025-09-28 03:00:00+00:00,9INE,Johnny Speeds,,,team1,Birch Cup 2025,0
hltv_match_2386077,2025-09-28 03:10:00+00:00,fnatic,ex-Inner Circle,,,team2,Birch Cup 2025,0
hltv_match_2386078,2025-09-28 03:15:00+00:00,Monte,Partizan,,,team2,Birch Cup 2025,0
hltv_match_2386176,2025-09-28 04:00:00+00:00,1win,UNiTY,,,team1,CCT Season 3 Europe Series 8 Closed Qualifier,0
hltv_match_2386129,2025-09-28 04:00:00+00:00,Northern Lights,MASONIC,,,team1,United21 League Season 38,0
hltv_match_2385899,2025-09-28 04:30:00+00:00,Astralis,Fluxo,,,team1,ESL Pro League Season 22 Stage 1,0
hltv_match_2385898,2025-09-28 04:30:00+00:00,G2,Rooster,,,team1,ESL Pro League Season 22 Stage 1,0
hltv_match_2385992,2025-09-28 04:30:00+00:00,CYBERSHOKE,AMKAL,,,team1,CCT Season 3 Europe Series 7,0
hltv_match_2386242,2025-09-28 06:20:00+00:00,Chinggis Warriors,The QUBE,,,team2,eXTREMESLAND 2025 Mongolia Open Qualifier 2,0
hltv_match_2386130,2025-09-28 07:00:00+00:00,fish123,Mousquetaires,,,team1,United21 League Season 38,0
hltv_match_2385900,2025-09-28 07:00:00+00:00,3DMAX,Inner Circle,,,team2,ESL Pro League Season 22 Stage 1,0
hltv_match_2386177,2025-09-28 07:00:00+00:00,Y5,Eternal Fire,,,team1,CCT Season 3 Europe Series 8 Closed Qualifier,0
hltv_match_2385903,2025-09-28 07:25:00+00:00,GamerLegion,NRG,,,team1,ESL Pro League Season 22 Stage 1,0
hltv_match_2386082,2025-09-28 07:30:00+00:00,Liquid,9INE,,,team2,Birch Cup 2025,0
hltv_match_2386081,2025-09-28 07:30:00+00:00,Partizan,ex-Inner Circle,,,team2,Birch Cup 2025,0
hltv_match_2385993,2025-09-28 08:00:00+00:00,Sashi,SINNERS,,,team1,CCT Season 3 Europe Series 7,0
hltv_match_2385793,2025-09-28 08:10:00+00:00,PARIVISION,BetBoom,,,team1,Majestic LanDaLan 3,0
hltv_match_2386097,2025-09-28 09:00:00+00:00,Crashers,2GAME,,,team1,FERJEE Rush 2025,0
hltv_match_2386128,2025-09-28 09:30:00+00:00,XI,Prestige,,,team2,United21 League Season 38,0
hltv_match_2385904,2025-09-28 09:55:00+00:00,FURIA,HOTU,,,team2,ESL Pro League Season 22 Stage 1,0
hltv_match_2386035,2025-09-28 10:00:00+00:00,BASEMENT BOYS,Passion UA,,,team2,DraculaN Season 2,0
hltv_match_2386186,2025-09-28 10:00:00+00:00,KHAN,GUN5,,,team2,Galaxy Battle 2025 Phase 4,0
hltv_match_2385902,2025-09-28 10:00:00+00:00,Legacy,B8,,,team2,ESL Pro League Season 22 Stage 1,0
hltv_match_2386098,2025-09-28 10:00:00+00:00,Dashskins,Dusty Roots,,,team2,FERJEE Rush 2025,0
hltv_match_2386121,2025-09-28 11:00:00+00:00,UNiTY,BRUTE,,,team2,Slovak National Championship 2025,0
hltv_match_2385994,2025-09-28 11:20:00+00:00,JiJieHao,FAVBET,,,team2,CCT Season 3 Europe Series 7,0
hltv_match_2386083,2025-09-28 11:45:00+00:00,Partizan,Liquid,,,team2,Birch Cup 2025,0
hltv_match_2386084,2025-09-28 12:00:00+00:00,ex-Inner Circle,9INE,,,team2,Birch Cup 2025,0
hltv_match_2386102,2025-09-28 12:00:00+00:00,Imperial,Dusty Roots,,,team1,FERJEE Rush 2025,0
hltv_match_2385897,2025-09-28 12:00:00+00:00,HEROIC,Gentle Mates,,,team2,ESL Pro League Season 22 Stage 1,0
hltv_match_2385901,2025-09-28 12:30:00+00:00,M80,ENCE,,,team2,ESL Pro League Season 22 Stage 1,0
hltv_match_2386179,2025-09-28 13:00:00+00:00,Mousquetaires,ALGO,,,team1,CCT Season 3 Europe Series 8 Closed Qualifier,0
hltv_match_2386101,2025-09-28 13:20:00+00:00,MIBR,Crashers,,,team1,FERJEE Rush 2025,0
hltv_match_2385995,2025-09-28 13:40:00+00:00,Betclic,1win,,,team2,CCT Season 3 Europe Series 7,0
hltv_match_2386036,2025-09-28 14:00:00+00:00,OG,Passion UA,,,team1,DraculaN Season 2,0
hltv_match_2386096,2025-09-28 17:15:00+00:00,BESTIA,ODDIK,,,team1,FERJEE Rush 2025,0
hltv_match_2386100,2025-09-28 17:15:00+00:00,GameHunters,Bounty Hunters,,,team2,FERJEE Rush 2025,0
hltv_match_2386099,2025-09-28 19:00:00+00:00,Yawara,Gaimin Gladiators,,,team2,FERJEE Rush 2025,0
hltv_match_2386103,2025-09-28 21:40:00+00:00,9z,Gaimin Gladiators,,,team2,FERJEE Rush 2025,0
hltv_match_2386104,2025-09-28 22:15:00+00:00,ODDIK,Bounty Hunters,,,team1,FERJEE Rush 2025,0
hltv_match_2386232,2025-09-29 04:00:00+00:00,RUBY,K27,,,team1,NODWIN Clutch Series 1 Closed Qualifier,0
hltv_match_2386127,2025-09-29 04:00:00+00:00,HAVU,WOPA,,,team2,United21 League Season 38,0
hltv_match_2385906,2025-09-29 04:30:00+00:00,3DMAX,Rooster,,,team1,ESL Pro League Season 22 Stage 1,0
hltv_match_2385905,2025-09-29 04:30:00+00:00,B8,HOTU,,,team2,ESL Pro League Season 22 Stage 1,0
hltv_match_2385996,2025-09-29 04:30:00+00:00,Monte,CPH Wolves,,,team2,CCT Season 3 Europe Series 7,0
hltv_match_2385997,2025-09-29 04:35:04+00:00,ex-Inner Circle,ECLOT,,,team2,CCT Season 3 Europe Series 7,0
hltv_match_2386188,2025-09-29 04:36:18+00:00,500,CPH Wolves,,,team2,Galaxy Battle 2025 Phase 4,0
hltv_match_2386132,2025-09-29 06:30:00+00:00,MASONIC,Prestige,,,team2,United21 League Season 38,0
hltv_match_2386181,2025-09-29 07:00:00+00:00,FORZE Reload,Y5,,,team2,CCT Season 3 Europe Series 8 Closed Qualifier,0
hltv_match_2385908,2025-09-29 07:00:00+00:00,GamerLegion,Inner Circle,,,team2,ESL Pro League Season 22 Stage 1,0
hltv_match_2385857,2025-09-29 07:00:00+00:00,JiJieHao,SPARTA,,,team2,Winline Insight Season 8,0
hltv_match_2385907,2025-09-29 07:10:00+00:00,Astralis,ENCE,,,team2,ESL Pro League Season 22 Stage 1,0
hltv_match_2386233,2025-09-29 07:30:00+00:00,The Glecs,Leo,,,team2,NODWIN Clutch Series 1 Closed Qualifier,0
hltv_match_2386234,2025-09-29 08:34:04+00:00,1win,Fire Flux,,,team1,NODWIN Clutch Series 1 Closed Qualifier,0
hltv_match_2385909,2025-09-29 10:10:00+00:00,M80,HEROIC,,,team2,ESL Pro League Season 22 Stage 1,0
hltv_match_2385998,2025-09-29 10:30:00+00:00,BetBoom,KHAN,,,team1,CCT Season 3 Europe Series 7,0
hltv_match_2385910,2025-09-29 10:30:00+00:00,Legacy,NRG,,,team1,ESL Pro League Season 22 Stage 1,0
hltv_match_2386182,2025-09-29 10:40:00+00:00,Leo,Mousquetaires,,,team2,CCT Season 3 Europe Series 8 Closed Qualifier,0
hltv_match_2385911,2025-09-29 12:20:00+00:00,G2,Gentle Mates,,,team2,ESL Pro League Season 22 Stage 1,0
hltv_match_2386183,2025-09-29 13:00:00+00:00,THE,1win,,,team2,CCT Season 3 Europe Series 8 Closed Qualifier,0
hltv_match_2386235,2025-09-29 13:00:00+00:00,FORZE Reload,Square Sausages,,,team1,NODWIN Clutch Series 1 Closed Qualifier,0
hltv_match_2385912,2025-09-29 13:10:00+00:00,FURIA,Fluxo,,,team1,ESL Pro League Season 22 Stage 1,0
hltv_match_2386277,2025-09-29 13:30:00+00:00,Y5,Imperial Valkyries,,,team1,CCT Season 3 Contenders Europe Series 1,0
hltv_match_2386189,2025-09-29 13:30:00+00:00,Nexus,Betera,,,team1,Galaxy Battle 2025 Phase 4,0
hltv_match_2386105,2025-09-29 14:00:00+00:00,RED Canids,ODDIK,,,team2,FERJEE Rush 2025,0
hltv_match_2386106,2025-09-29 14:00:00+00:00,BESTIA,MIBR,,,team2,FERJEE Rush 2025,0
hltv_match_2385999,2025-09-29 14:10:00+00:00,ESC,500,,,team1,CCT Season 3 Europe Series 7,0
hltv_match_2386107,2025-09-29 18:30:00+00:00,Sharks,Imperial,,,team2,FERJEE Rush 2025,0
hltv_match_2386108,2025-09-29 19:15:00+00:00,Keyd Stars,Gaimin Gladiators,,,team2,FERJEE Rush 2025,0
hltv_match_2386109,2025-09-29 23:05:00+00:00,MIBR,ODDIK,,,team1,FERJEE Rush 2025,0
hltv_match_2386110,2025-09-29 23:55:00+00:00,Imperial,Gaimin Gladiators,,,team1,FERJEE Rush 2025,0
hltv_match_2386248,2025-09-30 03:00:00+00:00,BIG,AaB,,,team1,Urban Riga Open Season 1,0
hltv_match_2386247,2025-09-30 03:00:00+00:00,Passion UA,Fingers Crossed,,,team1,Urban Riga Open Season 1,0
hltv_match_2386245,2025-09-30 03:15:00+00:00,OG,MOUZ NXT,,,team2,Urban Riga Open Season 1,0
hltv_match_2386246,2025-09-30 03:15:00+00:00,Alliance,EYEBALLERS,,,team2,Urban Riga Open Season 1,0
hltv_match_2386133,2025-09-30 04:00:00+00:00,Northern Lights,fish123,,,team2,United21 League Season 38,0
hltv_match_2386282,2025-09-30 04:00:00+00:00,RUBY,Leo,,,team1,NODWIN Clutch Series 1 Closed Qualifier,0
hltv_match_2386259,2025-09-30 04:00:00+00:00,Johnny Speeds,1win,,,team1,CCT Season 3 Europe Series 8,0
hltv_match_2385914,2025-09-30 04:30:00+00:00,M80,Rooster,,,team1,ESL Pro League Season 22 Stage 1,0
hltv_match_2386000,2025-09-30 04:30:00+00:00,FAVBET,CPH Wolves,,,team1,CCT Season 3 Europe Series 7,0
hltv_match_2385913,2025-09-30 04:30:00+00:00,HOTU,ENCE,,,team1,ESL Pro League Season 22 Stage 1,0
hltv_match_2386252,2025-09-30 06:00:00+00:00,Fingers Crossed,AaB,,,team2,Urban Riga Open Season 1,0
hltv_match_2386250,2025-09-30 06:00:00+00:00,Passion UA,BIG,,,team1,Urban Riga Open Season 1,0
hltv_match_2386131,2025-09-30 06:30:00+00:00,Mousquetaires,WOPA,,,team2,United21 League Season 38,0
hltv_match_2386260,2025-09-30 06:30:07+00:00,ex-Inner Circle,ex-SENZA,,,team1,CCT Season 3 Europe Series 8,0
hltv_match_2386283,2025-09-30 07:00:00+00:00,K27,The Glecs,,,team1,NODWIN Clutch Series 1 Closed Qualifier,0
hltv_match_2385916,2025-09-30 07:00:00+00:00,G2,B8,,,team2,ESL Pro League Season 22 Stage 1,0
hltv_match_2385915,2025-09-30 07:00:00+00:00,Inner Circle,Gentle Mates,,,team1,ESL Pro League Season 22 Stage 1,0
hltv_match_2386187,2025-09-30 07:00:00+00:00,Monte,FAVBET,,,team1,Galaxy Battle 2025 Phase 4,0
hltv_match_2386249,2025-09-30 07:20:00+00:00,MOUZ NXT,EYEBALLERS,,,team2,Urban Riga Open Season 1,0
hltv_match_2386001,2025-09-30 07:30:00+00:00,Sashi,ESC,,,team2,CCT Season 3 Europe Series 7,0
hltv_match_2386251,2025-09-30 07:45:00+00:00,OG,Alliance,,,team1,Urban Riga Open Season 1,0
hltv_match_2386255,2025-09-30 09:25:00+00:00,AaB,MOUZ NXT,,,team2,Urban Riga Open Season 1,0
hltv_match_2386254,2025-09-30 09:25:00+00:00,BIG,OG,,,team1,Urban Riga Open Season 1,0
hltv_match_2386134,2025-09-30 09:30:00+00:00,WOPA,Prestige,,,team1,United21 League Season 38,0
hltv_match_2386253,2025-09-30 09:45:00+00:00,Passion UA,EYEBALLERS,,,team1,Urban Riga Open Season 1,0
hltv_match_2385918,2025-09-30 09:50:00+00:00,NRG,Fluxo,,,team2,ESL Pro League Season 22 Stage 1,0
hltv_match_2386261,2025-09-30 10:00:00+00:00,CYBERSHOKE,Y5,,,team1,CCT Season 3 Europe Series 8,0
hltv_match_2386284,2025-09-30 10:00:00+00:00,1win,FORZE Reload,,,team1,NODWIN Clutch Series 1 Closed Qualifier,0
hltv_match_2385917,2025-09-30 10:05:00+00:00,Astralis,GamerLegion,,,team2,ESL Pro League Season 22 Stage 1,0
hltv_match_2386190,2025-09-30 10:15:00+00:00,Tricked,Johnny Speeds,,,team1,Galaxy Battle 2025 Phase 4,0
hltv_match_2386002,2025-09-30 10:30:00+00:00,BetBoom,ECLOT,,,team1,CCT Season 3 Europe Series 7,0
hltv_match_2386278,2025-09-30 10:30:00+00:00,KHAN,Mousquetaires,,,team1,CCT Season 3 Contenders Europe Series 1,0
hltv_match_2386256,2025-09-30 11:45:00+00:00,MOUZ NXT,BIG,,,team2,Urban Riga Open Season 1,0
hltv_match_2385920,2025-09-30 12:00:00+00:00,FURIA,Legacy,,,team2,ESL Pro League Season 22 Stage 1,0
hltv_match_2385919,2025-09-30 12:15:00+00:00,HEROIC,3DMAX,,,team2,ESL Pro League Season 22 Stage 1,0
hltv_match_2385858,2025-09-30 13:00:00+00:00,ESC,ARCRED,,,team1,Winline Insight Season 8,0
hltv_match_2386262,2025-09-30 13:00:00+00:00,RUBY,FAVBET,,,team2,CCT Season 3 Europe Series 8,0
hltv_match_2386285,2025-09-30 13:00:00+00:00,Fire Flux,Square Sausages,,,team1,NODWIN Clutch Series 1 Closed Qualifier,0
hltv_match_2386191,2025-09-30 13:00:00+00:00,Partizan,Anonymo,,,team1,Galaxy Battle 2025 Phase 4,0
hltv_match_2386279,2025-09-30 13:30:00+00:00,Y5,KHAN,,,team1,CCT Season 3 Contenders Europe Series 1,0
hltv_match_2386003,2025-09-30 13:30:00+00:00,1win,CYBERSHOKE,,,team2,CCT Season 3 Europe Series 7,0
hltv_match_2386257,2025-09-30 14:10:00+00:00,BIG,EYEBALLERS,,,team2,Urban Riga Open Season 1,0
hltv_match_2386258,2025-09-30 16:20:00+00:00,Passion UA,EYEBALLERS,,,team1,Urban Riga Open Season 1,0
hltv_match_2386286,2025-09-30 17:30:00+00:00,InControl,Zomblers,,,team1,CCT Season 3 North America Series 2,0
hltv_match_2386111,2025-09-30 18:30:00+00:00,Gaimin Gladiators,ODDIK,,,team2,FERJEE Rush 2025,0
hltv_match_2386112,2025-09-30 18:30:00+00:00,MIBR,Imperial,,,team1,FERJEE Rush 2025,0
hltv_match_2386287,2025-09-30 20:30:00+00:00,FlyQuest RED,Arrival Seven,,,team1,CCT Season 3 North America Series 2,0
hltv_match_2386263,2025-10-01 04:00:00+00:00,Zero Tenacity,Dziuseppe,,,team1,CCT Season 3 Europe Series 8,0
hltv_match_2386135,2025-10-01 04:00:00+00:00,Northern Lights,WOPA,,,team2,United21 League Season 38,0
hltv_match_2386363,2025-10-01 04:00:00+00:00,FORZE Reload,Fire Flux,,,team1,NODWIN Clutch Series 1 Closed Qualifier,0
hltv_match_2386347,2025-10-01 04:00:00+00:00,Betclic,Eternal Fire,,,team2,Exort The Proving Grounds Season 5,0
hltv_match_2386192,2025-10-01 04:25:46+00:00,Partizan,CPH Wolves,,,team1,Galaxy Battle 2025 Phase 4,0
hltv_match_2386004,2025-10-01 06:00:00+00:00,BetBoom,CYBERSHOKE,,,team2,CCT Season 3 Europe Series 7,0
hltv_match_2386264,2025-10-01 07:00:00+00:00,ESC,Mousquetaires,,,team1,CCT Season 3 Europe Series 8,0
hltv_match_2386364,2025-10-01 07:00:00+00:00,Leo,K27,,,team1,NODWIN Clutch Series 1 Closed Qualifier,0
hltv_match_2385921,2025-10-01 07:30:00+00:00,GamerLegion,B8,,,team1,ESL Pro League Season 22 Stage 1,0
hltv_match_2385922,2025-10-01 07:30:00+00:00,G2,Fluxo,,,team1,ESL Pro League Season 22 Stage 1,0
hltv_match_2386348,2025-10-01 08:00:00+00:00,JiJieHao,TPuDCATb TPu,,,team2,Exort The Proving Grounds Season 5,0
hltv_match_2386005,2025-10-01 09:00:00+00:00,FAVBET,ESC,,,team1,CCT Season 3 Europe Series 7,0
hltv_match_2386193,2025-10-01 10:00:00+00:00,Eternal Fire,GUN5,,,team2,Galaxy Battle 2025 Phase 4,0
hltv_match_2386265,2025-10-01 10:00:00+00:00,Tricked,SINNERS,,,team2,CCT Season 3 Europe Series 8,0
hltv_match_2385923,2025-10-01 10:00:00+00:00,Astralis,HEROIC,,,team1,ESL Pro League Season 22 Stage 1,0
hltv_match_2385924,2025-10-01 10:15:00+00:00,3DMAX,ENCE,,,team1,ESL Pro League Season 22 Stage 1,0
hltv_match_2386280,2025-10-01 10:30:00+00:00,Fire Flux,Y5,,,team1,CCT Season 3 Contenders Europe Series 1,0
hltv_match_2386349,2025-10-01 10:40:00+00:00,VP.Prodigy,Nexus,,,team2,Exort The Proving Grounds Season 5,0
hltv_match_2386006,2025-10-01 12:40:00+00:00,CYBERSHOKE,FAVBET,,,team1,CCT Season 3 Europe Series 7,0
hltv_match_2385925,2025-10-01 12:50:00+00:00,FURIA,M80,,,team1,ESL Pro League Season 22 Stage 1,0
hltv_match_2386266,2025-10-01 13:00:00+00:00,GUN5,EYEBALLERS,,,team1,CCT Season 3 Europe Series 8,0
hltv_match_2386350,2025-10-01 13:00:00+00:00,Tricked,SINNERS,,,team2,Exort The Proving Grounds Season 5,0
hltv_match_2386194,2025-10-01 13:00:00+00:00,500,SPARTA,,,team1,Galaxy Battle 2025 Phase 4,0
hltv_match_2385926,2025-10-01 13:30:00+00:00,Legacy,Gentle Mates,,,team2,ESL Pro League Season 22 Stage 1,0
hltv_match_2386157,2025-10-01 14:30:00+00:00,NIP Impact,hindsight,,,team1,ESL Impact League Season 8 Europe,0
hltv_match_2386158,2025-10-01 14:30:00+00:00,Overpeek,Peekaboo,,,team2,ESL Impact League Season 8 Europe,0
hltv_match_2386161,2025-10-01 17:00:00+00:00,Atrix,Curralzinho,,,team1,ESL Impact League Season 8 South America,0
hltv_match_2386288,2025-10-01 17:30:00+00:00,regain,Money Crew,,,team1,CCT Season 3 North America Series 2,0
hltv_match_2386162,2025-10-01 17:35:00+00:00,thekillaz fe,Four Magic,,,team2,ESL Impact League Season 8 South America,0
hltv_match_2386166,2025-10-01 19:30:00+00:00,Lotus fe,Nocturnal,,,team2,ESL Impact League Season 8 North America,0
hltv_match_2386165,2025-10-01 19:30:00+00:00,Shimmer,Little Bocks,,,team1,ESL Impact League Season 8 North America,0
hltv_match_2386289,2025-10-01 21:00:00+00:00,Shimmer,FULL SEND,,,team2,CCT Season 3 North America Series 2,0
hltv_match_2386365,2025-10-01 23:00:00+00:00,The QUBE,Chinggis Warriors,,,team2,ESN Fall Showdown 2025,0
hltv_match_2386366,2025-10-02 02:00:00+00:00,The Huns,NomadS,,,team1,ESN Fall Showdown 2025,0
hltv_match_2386267,2025-10-02 04:00:00+00:00,Tricked,Dziuseppe,,,team1,CCT Season 3 Europe Series 8,0
hltv_match_2386136,2025-10-02 04:00:00+00:00,fish123,WOPA,,,team2,United21 League Season 38,0
hltv_match_2386236,2025-10-02 04:00:00+00:00,KHAN,UNiTY,,,team2,NODWIN Clutch Series 1 Closed Qualifier,0
hltv_match_2386351,2025-10-02 04:00:00+00:00,Oramond,Sangal,,,team2,Exort The Proving Grounds Season 5,0
hltv_match_2386377,2025-10-02 05:00:00+00:00,Rare Atom,Change The Game,,,team1,XSE Pro League Shanghai 2025,0
hltv_match_2386367,2025-10-02 05:35:00+00:00,Chinggis Warriors,NomadS,,,team1,ESN Fall Showdown 2025,0
hltv_match_2386352,2025-10-02 06:43:07+00:00,Betera,ARCRED,,,team2,Exort The Proving Grounds Season 5,0
hltv_match_2386268,2025-10-02 07:00:00+00:00,ex-SENZA,Mousquetaires,,,team2,CCT Season 3 Europe Series 8,0
hltv_match_2386195,2025-10-02 07:00:00+00:00,Sangal,FAVBET,,,team2,Galaxy Battle 2025 Phase 4,0
hltv_match_2386218,2025-10-02 07:30:00+00:00,Betera,SPARTA,,,team1,Winline Insight Season 8,0
hltv_match_2385927,2025-10-02 07:30:00+00:00,G2,ENCE,,,team1,ESL Pro League Season 22 Stage 1,0
hltv_match_2386237,2025-10-02 07:45:00+00:00,kONO,Y5,,,team1,NODWIN Clutch Series 1 Closed Qualifier,0
hltv_match_2386368,2025-10-02 09:00:00+00:00,The Huns,Chinggis Warriors,,,team1,ESN Fall Showdown 2025,0
hltv_match_2386378,2025-10-02 09:00:00+00:00,Kaleido,FengDa,,,team2,XSE Pro League Shanghai 2025,0
hltv_match_2386269,2025-10-02 10:00:00+00:00,EYEBALLERS,1win,,,team2,CCT Season 3 Europe Series 8,0
hltv_match_2386353,2025-10-02 10:00:00+00:00,Johnny Speeds,CYBERSHOKE,,,team1,Exort The Proving Grounds Season 5,0
hltv_match_2386219,2025-10-02 10:00:00+00:00,GUN5,ESC,,,team2,Winline Insight Season 8,0
hltv_match_2385928,2025-10-02 10:00:00+00:00,Astralis,Legacy,,,team1,ESL Pro League Season 22 Stage 1,0
hltv_match_2386238,2025-10-02 10:20:00+00:00,m1x,MANA,,,team1,NODWIN Clutch Series 1 Closed Qualifier,0
hltv_match_2386196,2025-10-02 10:35:00+00:00,Tricked,Anonymo,,,team2,Galaxy Battle 2025 Phase 4,0
hltv_match_2386369,2025-10-02 11:30:00+00:00,MIBR,X7,,,team1,Circuit X South America Season 1,0
hltv_match_2386370,2025-10-02 11:30:00+00:00,ShindeN,Galorys,,,team1,Circuit X South America Season 1,0
hltv_match_2386270,2025-10-02 12:16:40+00:00,RUBY,Y5,,,team1,CCT Season 3 Europe Series 8,0
hltv_match_2386354,2025-10-02 13:00:00+00:00,EYEBALLERS,SPARTA,,,team2,Exort The Proving Grounds Season 5,0
hltv_match_2386239,2025-10-02 13:00:00+00:00,Dziuseppe,Nuclear TigeRES,,,team2,NODWIN Clutch Series 1 Closed Qualifier,0
hltv_match_2386197,2025-10-02 13:00:00+00:00,Nexus,KHAN,,,team1,Galaxy Battle 2025 Phase 4,0
hltv_match_2385929,2025-10-02 13:05:00+00:00,FURIA,B8,,,team1,ESL Pro League Season 22 Stage 1,0
hltv_match_2386384,2025-10-02 13:50:00+00:00,MIBR,ShindeN,,,team1,Circuit X South America Season 1,0
hltv_match_2386383,2025-10-02 13:50:00+00:00,X7,Galorys,,,team2,Circuit X South America Season 1,0
hltv_match_2386159,2025-10-02 14:30:00+00:00,Flame Sharks fe,AKA HERO KAJO,,,team1,ESL Impact League Season 8 Europe,0
hltv_match_2386160,2025-10-02 14:30:00+00:00,Nemesis Impact,shinigami,,,team1,ESL Impact League Season 8 Europe,0
hltv_match_2386385,2025-10-02 16:45:00+00:00,Galorys,ShindeN,,,team2,Circuit X South America Season 1,0
hltv_match_2386163,2025-10-02 17:00:00+00:00,FURIA fe,Dusty Roses,,,team1,ESL Impact League Season 8 South America,0
hltv_match_2386302,2025-10-02 17:30:00+00:00,InControl,FlyQuest RED,,,team1,CCT Season 3 North America Series 2,0
hltv_match_2386164,2025-10-02 17:40:00+00:00,CAPIVARAS,MIBR fe,,,team2,ESL Impact League Season 8 South America,0
hltv_match_2386168,2025-10-02 19:30:00+00:00,Black Mold,FlyQuest RED,,,team2,ESL Impact League Season 8 North America,0
hltv_match_2386167,2025-10-02 19:30:00+00:00,Ghost,wwaves,,,team1,ESL Impact League Season 8 North America,0
hltv_match_2386303,2025-10-02 20:30:00+00:00,regain,FULL SEND,,,team1,CCT Season 3 North America Series 2,0
hltv_match_2386372,2025-10-02 21:00:00+00:00,2GAME,Gaimin Gladiators,,,team2,Circuit X South America Season 1,0
hltv_match_2386171,2025-10-02 22:00:00+00:00,ODDIK Academy,LP,,,team2,Liga Gamers Club 2025 Serie A September Cup,0
hltv_match_2386386,2025-10-03 01:20:00+00:00,Imperial,Gaimin Gladiators,,,team1,Circuit X South America Season 1,0
hltv_match_2386355,2025-10-03 04:00:00+00:00,SINNERS,Eternal Fire,,,team2,Exort The Proving Grounds Season 5,0
hltv_match_2386271,2025-10-03 04:00:00+00:00,Johnny Speeds,GUN5,,,team2,CCT Season 3 Europe Series 8,0
hltv_match_2386379,2025-10-03 05:00:00+00:00,Rare Atom,FengDa,,,team1,XSE Pro League Shanghai 2025,0
hltv_match_2386220,2025-10-03 07:00:00+00:00,JiJieHao,SPARTA,,,team1,Winline Insight Season 8,0
hltv_match_2386356,2025-10-03 07:00:00+00:00,Johnny Speeds,ARCRED,,,team1,Exort The Proving Grounds Season 5,0
hltv_match_2386272,2025-10-03 07:00:00+00:00,Zero Tenacity,SINNERS,,,team2,CCT Season 3 Europe Series 8,0
hltv_match_2386492,2025-10-03 07:00:00+00:00,kONO,UNiTY,,,team1,NODWIN Clutch Series 1 Closed Qualifier,0
hltv_match_2386380,2025-10-03 08:20:00+00:00,Change The Game,Kaleido,,,team2,XSE Pro League Shanghai 2025,0
hltv_match_2386374,2025-10-03 08:40:00+00:00,RED Canids,Yawara,,,team1,Circuit X South America Season 1,0
hltv_match_2386357,2025-10-03 10:00:00+00:00,Sangal,TPuDCATb TPu,,,team1,Exort The Proving Grounds Season 5,0
hltv_match_2386199,2025-10-03 10:00:00+00:00,Nexus,Eternal Fire,,,team2,Galaxy Battle 2025 Phase 4,0
hltv_match_2386493,2025-10-03 10:15:00+00:00,Dziuseppe,MANA,,,team2,NODWIN Clutch Series 1 Closed Qualifier,0
hltv_match_2386221,2025-10-03 10:15:00+00:00,GUN5,ARCRED,,,team2,Winline Insight Season 8,0
hltv_match_2386273,2025-10-03 10:25:00+00:00,CYBERSHOKE,FAVBET,,,team1,CCT Season 3 Europe Series 8,0
hltv_match_2386389,2025-10-03 10:35:00+00:00,Fluxo,RED Canids,,,team2,Circuit X South America Season 1,0
hltv_match_2386494,2025-10-03 13:00:00+00:00,m1x,Nuclear TigeRES,,,team2,NODWIN Clutch Series 1 Closed Qualifier,0
hltv_match_2386200,2025-10-03 13:00:00+00:00,Sangal,500,,,team2,Galaxy Battle 2025 Phase 4,0
hltv_match_2386358,2025-10-03 13:05:00+00:00,Nexus,SPARTA,,,team1,Exort The Proving Grounds Season 5,0
hltv_match_2386388,2025-10-03 13:45:00+00:00,2GAME,Gaimin Gladiators,,,team1,Circuit X South America Season 1,0
hltv_match_2386391,2025-10-03 13:45:00+00:00,Fluxo,Yawara,,,team1,Circuit X South America Season 1,0
hltv_match_2386274,2025-10-03 13:45:01+00:00,ESC,ex-Inner Circle,,,team1,CCT Season 3 Europe Series 8,0
hltv_match_2386495,2025-10-03 14:30:00+00:00,Dziuseppe,MANA,,,team2,T-Esports Championship Season 4,0
hltv_match_2386315,2025-10-03 15:32:36+00:00,EYEBALLERS,Y5,,,team1,CCT Season 3 Europe Series 8,0
hltv_match_2386320,2025-10-03 15:34:54+00:00,ex-Inner Circle,RUBY,,,team2,CCT Season 3 Europe Series 8,0
hltv_match_2386304,2025-10-03 17:45:00+00:00,Zomblers,Arrival Seven,,,team1,CCT Season 3 North America Series 2,0
hltv_match_2386376,2025-10-03 17:50:00+00:00,Keyd Stars,Four Magic,,,team1,Circuit X South America Season 1,0
hltv_match_2386393,2025-10-03 19:45:00+00:00,Keyd Stars,ODDIK,,,team1,Circuit X South America Season 1,0
hltv_match_2386305,2025-10-03 20:30:00+00:00,Money Crew,Shimmer,,,team2,CCT Season 3 North America Series 2,0
hltv_match_2386151,2025-10-03 22:00:00+00:00,SemperFi,Vantage,,,team1,DFRAG Open Series 1,0
hltv_match_2386152,2025-10-03 22:00:00+00:00,Mindfreak,Ground Zero,,,team2,DFRAG Open Series 1,0
hltv_match_2386154,2025-10-04 01:00:00+00:00,Vantage,Mindfreak,,,team2,DFRAG Open Series 1,0
hltv_match_2386153,2025-10-04 01:00:00+00:00,SemperFi,Ground Zero,,,team1,DFRAG Open Series 1,0
hltv_match_2386359,2025-10-04 04:00:00+00:00,JiJieHao,Oramond,,,team1,Exort The Proving Grounds Season 5,0
hltv_match_2386669,2025-10-04 04:00:00+00:00,m1x,MANA,,,team1,NODWIN Clutch Series 1 Closed Qualifier,0
hltv_match_2385931,2025-10-04 04:30:00+00:00,Spirit,Inner Circle,,,team1,ESL Pro League Season 22,0
hltv_match_2385930,2025-10-04 04:30:00+00:00,MOUZ,GamerLegion,,,team1,ESL Pro League Season 22,0
hltv_match_2386381,2025-10-04 05:00:00+00:00,FengDa,Kaleido,,,team2,XSE Pro League Shanghai 2025,0
hltv_match_2386316,2025-10-04 07:00:00+00:00,ex-SENZA,Dziuseppe,,,team2,CCT Season 3 Europe Series 8,0
hltv_match_2385932,2025-10-04 07:00:00+00:00,Falcons,Astralis,,,team1,ESL Pro League Season 22,0
hltv_match_2385933,2025-10-04 07:25:00+00:00,The MongolZ,HOTU,,,team2,ESL Pro League Season 22,0
hltv_match_2386360,2025-10-04 07:40:00+00:00,Betera,CYBERSHOKE,,,team1,Exort The Proving Grounds Season 5,0
hltv_match_2386382,2025-10-04 08:00:00+00:00,Rare Atom,Kaleido,,,team2,XSE Pro League Shanghai 2025,0
hltv_match_2385934,2025-10-04 09:25:00+00:00,Aurora,Natus Vincere,,,team2,ESL Pro League Season 22,0
hltv_match_2385936,2025-10-04 09:30:08+00:00,G2,FaZe,,,team1,ESL Pro League Season 22,0
hltv_match_2386654,2025-10-04 10:00:00+00:00,Venom,BIG,,,team2,Fragadelphia Blocktober 2025,0
hltv_match_2386653,2025-10-04 10:00:00+00:00,fnatic,Metizport,,,team1,Fragadelphia Blocktober 2025,0
hltv_match_2386655,2025-10-04 10:00:00+00:00,CPH Wolves,Wildcard,,,team2,Fragadelphia Blocktober 2025,0
hltv_match_2386317,2025-10-04 10:00:00+00:00,Johnny Speeds,FAVBET,,,team1,CCT Season 3 Europe Series 8,0
hltv_match_2386656,2025-10-04 10:00:00+00:00,OG,SkinRave,,,team1,Fragadelphia Blocktober 2025,0
hltv_match_2386396,2025-10-04 10:00:00+00:00,Keyd Stars,ShindeN,,,team2,Circuit X South America Season 1,0
hltv_match_2386395,2025-10-04 10:00:00+00:00,RED Canids,2GAME,,,team1,Circuit X South America Season 1,0
hltv_match_2385935,2025-10-04 10:30:00+00:00,Vitality,Gentle Mates,,,team2,ESL Pro League Season 22,0
hltv_match_2386361,2025-10-04 10:55:00+00:00,EYEBALLERS,VP.Prodigy,,,team1,Exort The Proving Grounds Season 5,0
hltv_match_2385937,2025-10-04 12:00:00+00:00,FURIA,3DMAX,,,team1,ESL Pro League Season 22,0
hltv_match_2386660,2025-10-04 13:00:00+00:00,ECSTATIC,Bounty Hunters,,,team1,Fragadelphia Blocktober 2025,0
hltv_match_2386658,2025-10-04 13:00:00+00:00,9INE,9z,,,team1,Fragadelphia Blocktober 2025,0
hltv_match_2386657,2025-10-04 13:00:00+00:00,SAW,Marsborne,,,team1,Fragadelphia Blocktober 2025,0
hltv_match_2386362,2025-10-04 13:00:00+00:00,Betclic,Tricked,,,team2,Exort The Proving Grounds Season 5,0
hltv_match_2386318,2025-10-04 13:00:00+00:00,Zero Tenacity,Mousquetaires,,,team1,CCT Season 3 Europe Series 8,0
hltv_match_2386659,2025-10-04 13:00:00+00:00,Getting Info,Sharks,,,team2,Fragadelphia Blocktober 2025,0
hltv_match_2386398,2025-10-04 13:40:00+00:00,MIBR,ODDIK,,,team1,Circuit X South America Season 1,0
hltv_match_2386397,2025-10-04 13:40:00+00:00,Imperial,Fluxo,,,team2,Circuit X South America Season 1,0
hltv_match_2386662,2025-10-04 16:05:00+00:00,OG,Wildcard,,,team1,Fragadelphia Blocktober 2025,0
hltv_match_2386198,2025-10-04 16:27:12+00:00,Anonymo,CPH Wolves,,,team1,Galaxy Battle 2025 Phase 4,0
hltv_match_2386400,2025-10-04 17:00:00+00:00,ShindeN,RED Canids,,,team2,Circuit X South America Season 1,0
hltv_match_2386661,2025-10-04 17:10:00+00:00,fnatic,BIG,,,team1,Fragadelphia Blocktober 2025,0
hltv_match_2386306,2025-10-04 17:30:00+00:00,FlyQuest RED,Zomblers,,,team2,CCT Season 3 North America Series 2,0
hltv_match_2386663,2025-10-04 19:15:00+00:00,SAW,9INE,,,team2,Fragadelphia Blocktober 2025,0
hltv_match_2386399,2025-10-04 19:20:00+00:00,MIBR,Fluxo,,,team1,Circuit X South America Season 1,0
hltv_match_2386307,2025-10-04 20:30:00+00:00,FULL SEND,Shimmer,,,team1,CCT Season 3 North America Series 2,0
hltv_match_2386664,2025-10-04 21:00:00+00:00,ECSTATIC,Sharks,,,team1,Fragadelphia Blocktober 2025,0
hltv_match_2386155,2025-10-04 22:00:00+00:00,Mindfreak,Ground Zero,,,team2,DFRAG Open Series 1,0
hltv_match_2386156,2025-10-05 01:00:00+00:00,SemperFi,Ground Zero,,,team1,DFRAG Open Series 1,0
hltv_match_2386319,2025-10-05 04:00:00+00:00,Tricked,1win,,,team2,CCT Season 3 Europe Series 8,0
hltv_match_2386405,2025-10-05 04:00:00+00:00,Oramond,CYBERSHOKE,,,team1,Exort The Proving Grounds Season 5,0
hltv_match_2385939,2025-10-05 04:30:00+00:00,The MongolZ,Inner Circle,,,team2,ESL Pro League Season 22,0
hltv_match_2385938,2025-10-05 04:30:00+00:00,Falcons,Natus Vincere,,,team1,ESL Pro League Season 22,0
hltv_match_2386438,2025-10-05 04:55:24+00:00,Animus Victoria,Rooster,,,team1,ESL Challenger League Season 50 Oceania Cup 3,0
hltv_match_2386436,2025-10-05 05:00:00+00:00,Ground Zero,FURY,,,team1,ESL Challenger League Season 50 Oceania Cup 3,0
hltv_match_2386435,2025-10-05 05:10:00+00:00,SemperFi,LE-LUX,,,team1,ESL Challenger League Season 50 Oceania Cup 3,0
hltv_match_2385940,2025-10-05 07:00:00+00:00,MOUZ,Gentle Mates,,,team1,ESL Pro League Season 22,0
hltv_match_2385941,2025-10-05 07:00:00+00:00,Aurora,Astralis,,,team1,ESL Pro League Season 22,0
hltv_match_2386403,2025-10-05 07:00:00+00:00,Nexus,Eternal Fire,,,team2,Exort The Proving Grounds Season 5,0
hltv_match_2386322,2025-10-05 07:20:00+00:00,SINNERS,GUN5,,,team2,CCT Season 3 Europe Series 8,0
hltv_match_2386446,2025-10-05 09:00:00+00:00,Eruption,DEPO,,,team2,ESL Challenger League Season 50 Asia-Pacific Cup 3,0
hltv_match_2386442,2025-10-05 09:00:00+00:00,NomadS,ScarX,,,team1,ESL Challenger League Season 50 Asia-Pacific Cup 3,0
hltv_match_2386445,2025-10-05 09:00:00+00:00,Chinggis Warriors,True Thunder,,,team1,ESL Challenger League Season 50 Asia-Pacific Cup 3,0
hltv_match_2386440,2025-10-05 09:00:00+00:00,IHC,FengDa,,,team2,ESL Challenger League Season 50 Asia-Pacific Cup 3,0
hltv_match_2386441,2025-10-05 09:00:00+00:00,Kaleido,Legion,,,team1,ESL Challenger League Season 50 Asia-Pacific Cup 3,0
hltv_match_2386443,2025-10-05 09:00:00+00:00,The Huns,BORING PLAYERS,,,team1,ESL Challenger League Season 50 Asia-Pacific Cup 3,0
hltv_match_2386439,2025-10-05 09:00:00+00:00,Rare Atom,NSN,,,team1,ESL Challenger League Season 50 Asia-Pacific Cup 3,0
hltv_match_2386444,2025-10-05 09:00:00+00:00,Last Bullet,Just Swing,,,team2,ESL Challenger League Season 50 Asia-Pacific Cup 3,0
hltv_match_2385942,2025-10-05 09:30:00+00:00,Spirit,HOTU,,,team1,ESL Pro League Season 22,0
hltv_match_2386321,2025-10-05 10:00:00+00:00,CYBERSHOKE,ESC,,,team2,CCT Season 3 Europe Series 8,0
hltv_match_2386665,2025-10-05 10:00:00+00:00,OG,fnatic,,,team2,Fragadelphia Blocktober 2025,0
hltv_match_2386404,2025-10-05 10:00:00+00:00,Johnny Speeds,Sangal,,,team1,Exort The Proving Grounds Season 5,0
hltv_match_2385943,2025-10-05 10:15:00+00:00,Vitality,GamerLegion,,,team1,ESL Pro League Season 22,0
hltv_match_2386401,2025-10-05 11:00:00+00:00,ShindeN,Fluxo,,,team2,Circuit X South America Season 1,0
hltv_match_2385945,2025-10-05 12:00:00+00:00,FURIA,G2,,,team2,ESL Pro League Season 22,0
hltv_match_2386449,2025-10-05 13:00:00+00:00,Zero Tenacity,FAVBET,,,team1,ESL Challenger League Season 50 Europe Cup 3,0
hltv_match_2386454,2025-10-05 13:00:00+00:00,RUBY,BC.Game,,,team1,ESL Challenger League Season 50 Europe Cup 3,0
hltv_match_2386406,2025-10-05 13:00:00+00:00,Betclic,VP.Prodigy,,,team1,Exort The Proving Grounds Season 5,0
hltv_match_2386451,2025-10-05 13:00:00+00:00,Sashi,NOVAQ,,,team2,ESL Challenger League Season 50 Europe Cup 3,0
hltv_match_2386447,2025-10-05 13:00:00+00:00,Nemiga,Insilio,,,team2,ESL Challenger League Season 50 Europe Cup 3,0
hltv_match_2385944,2025-10-05 13:00:00+00:00,FaZe,3DMAX,,,team2,ESL Pro League Season 22,0
hltv_match_2386452,2025-10-05 13:00:00+00:00,TPuDCATb TPu,Oramond,,,team1,ESL Challenger League Season 50 Europe Cup 3,0
hltv_match_2386453,2025-10-05 13:00:00+00:00,ESC,Nexus,,,team1,ESL Challenger League Season 50 Europe Cup 3,0
hltv_match_2386448,2025-10-05 13:00:00+00:00,SINNERS,CYBERSHOKE,,,team1,ESL Challenger League Season 50 Europe Cup 3,0
hltv_match_2386450,2025-10-05 13:00:00+00:00,Eternal Fire,JiJieHao,,,team2,ESL Challenger League Season 50 Europe Cup 3,0
hltv_match_2386666,2025-10-05 13:15:00+00:00,9INE,ECSTATIC,,,team1,Fragadelphia Blocktober 2025,0
hltv_match_2386402,2025-10-05 14:10:00+00:00,RED Canids,MIBR,,,team2,Circuit X South America Season 1,0
hltv_match_2386667,2025-10-05 16:35:00+00:00,OG,ECSTATIC,,,team1,Fragadelphia Blocktober 2025,0
hltv_match_2386465,2025-10-05 17:00:00+00:00,MAGICOS,KRÜ,,,team2,ESL Challenger League Season 50 South America Cup 3,0
hltv_match_2386469,2025-10-05 17:00:00+00:00,Procyon,GameHunters,,,team2,ESL Challenger League Season 50 South America Cup 3,0
hltv_match_2386466,2025-10-05 17:00:00+00:00,Yawara,MIBR Academy,,,team1,ESL Challenger League Season 50 South America Cup 3,0
hltv_match_2386464,2025-10-05 17:00:00+00:00,Gaimin Gladiators,JERSA,,,team1,ESL Challenger League Season 50 South America Cup 3,0
hltv_match_2386463,2025-10-05 17:00:00+00:00,UnderDogs,Tropa do KinGui,,,team1,ESL Challenger League Season 50 South America Cup 3,0
hltv_match_2386470,2025-10-05 17:00:00+00:00,Players,Crashers,,,team2,ESL Challenger League Season 50 South America Cup 3,0
hltv_match_2386468,2025-10-05 17:00:00+00:00,Bounty Hunters,Vasco,,,team2,ESL Challenger League Season 50 South America Cup 3,0
hltv_match_2386467,2025-10-05 17:00:00+00:00,Four Magic,LP,,,team2,ESL Challenger League Season 50 South America Cup 3,0
hltv_match_2386308,2025-10-05 17:30:00+00:00,Getting Info,FULL SEND,,,team1,CCT Season 3 North America Series 2,0
hltv_match_2386668,2025-10-05 19:45:00+00:00,fnatic,9INE,,,team1,Fragadelphia Blocktober 2025,0
hltv_match_2386309,2025-10-05 20:30:00+00:00,BOSS,regain,,,team2,CCT Season 3 North America Series 2,0
hltv_match_2386480,2025-10-05 21:00:00+00:00,TSG,FULL SEND,,,team2,ESL Challenger League Season 50 North America Cup 3,0
hltv_match_2386479,2025-10-05 21:00:00+00:00,Take Flyte,Wanted Goons,,,team1,ESL Challenger League Season 50 North America Cup 3,0
hltv_match_2386482,2025-10-05 21:00:00+00:00,NuTorious,Nocturnal,,,team1,ESL Challenger League Season 50 North America Cup 3,0
hltv_match_2386483,2025-10-05 21:00:00+00:00,anything else,Mythic,,,team2,ESL Challenger League Season 50 North America Cup 3,0
hltv_match_2386407,2025-10-06 04:00:00+00:00,ARCRED,EYEBALLERS,,,team2,Exort The Proving Grounds Season 5,0
hltv_match_2386645,2025-10-06 04:00:00+00:00,Betera,UNiTY,,,team1,NODWIN Clutch Series 1,0
hltv_match_2385947,2025-10-06 04:30:00+00:00,Gentle Mates,Aurora,,,team2,ESL Pro League Season 22,0
hltv_match_2385946,2025-10-06 04:30:00+00:00,Vitality,HOTU,,,team1,ESL Pro League Season 22,0
hltv_match_2386500,2025-10-06 05:00:00+00:00,Animus Victoria,Mindfreak,,,team2,ESL Challenger League Season 50 Oceania Cup 3,0
hltv_match_2386499,2025-10-06 05:00:00+00:00,SemperFi,Ground Zero,,,team1,ESL Challenger League Season 50 Oceania Cup 3,0
hltv_match_2386501,2025-10-06 05:00:00+00:00,LE-LUX,FURY,,,team2,ESL Challenger League Season 50 Oceania Cup 3,0
hltv_match_2386325,2025-10-06 05:08:19+00:00,ex-Inner Circle,Dziuseppe,,,team2,CCT Season 3 Europe Series 8,0
hltv_match_2386458,2025-10-06 05:08:57+00:00,CPH Wolves,Alliance,,,team2,ESL Challenger League Season 50 Europe Cup 3,0
hltv_match_2386323,2025-10-06 07:00:00+00:00,Tricked,Mousquetaires,,,team1,CCT Season 3 Europe Series 8,0
hltv_match_2386646,2025-10-06 07:00:00+00:00,Oramond,FORZE Reload,,,team1,NODWIN Clutch Series 1,0
hltv_match_2385949,2025-10-06 07:00:00+00:00,Inner Circle,FURIA,,,team2,ESL Pro League Season 22,0
hltv_match_2386224,2025-10-06 07:00:00+00:00,RUBY,Alliance,,,team1,Winline Insight Season 8,0
hltv_match_2385948,2025-10-06 07:00:00+00:00,3DMAX,Natus Vincere,,,team1,ESL Pro League Season 22,0
hltv_match_2386408,2025-10-06 07:25:00+00:00,SPARTA,Betera,,,team2,Exort The Proving Grounds Season 5,0
hltv_match_2386513,2025-10-06 08:52:07+00:00,IHC,NSN,,,team2,ESL Challenger League Season 50 Asia-Pacific Cup 3,0
hltv_match_2386514,2025-10-06 09:00:00+00:00,ScarX,Legion,,,team2,ESL Challenger League Season 50 Asia-Pacific Cup 3,0
hltv_match_2386511,2025-10-06 09:00:00+00:00,Just Swing,The Huns,,,team2,ESL Challenger League Season 50 Asia-Pacific Cup 3,0
hltv_match_2386510,2025-10-06 09:00:00+00:00,NomadS,Kaleido,,,team2,ESL Challenger League Season 50 Asia-Pacific Cup 3,0
hltv_match_2386512,2025-10-06 09:00:00+00:00,Chinggis Warriors,DEPO,,,team2,ESL Challenger League Season 50 Asia-Pacific Cup 3,0
hltv_match_2386509,2025-10-06 09:00:00+00:00,FengDa,Rare Atom,,,team2,ESL Challenger League Season 50 Asia-Pacific Cup 3,0
hltv_match_2386515,2025-10-06 09:00:00+00:00,Last Bullet,BORING PLAYERS,,,team1,ESL Challenger League Season 50 Asia-Pacific Cup 3,0
hltv_match_2386637,2025-10-06 09:20:00+00:00,LP,Vasco,,,team2,CCT Season 3 South America Series 5,0
hltv_match_2386516,2025-10-06 09:30:00+00:00,True Thunder,Eruption,,,team2,ESL Challenger League Season 50 Asia-Pacific Cup 3,0
hltv_match_2385951,2025-10-06 09:30:00+00:00,Astralis,FaZe,,,team2,ESL Pro League Season 22,0
hltv_match_2386324,2025-10-06 10:00:00+00:00,FAVBET,EYEBALLERS,,,team2,CCT Season 3 Europe Series 8,0
hltv_match_2386223,2025-10-06 10:00:00+00:00,Sashi,ECLOT,,,team2,Winline Insight Season 8,0
hltv_match_2386647,2025-10-06 10:00:00+00:00,500,kONO,,,team1,NODWIN Clutch Series 1,0
hltv_match_2386409,2025-10-06 10:15:00+00:00,TPuDCATb TPu,Tricked,,,team1,Exort The Proving Grounds Season 5,0
hltv_match_2385950,2025-10-06 10:20:00+00:00,The MongolZ,GamerLegion,,,team1,ESL Pro League Season 22,0
hltv_match_2385953,2025-10-06 12:00:00+00:00,Spirit,G2,,,team1,ESL Pro League Season 22,0
hltv_match_2386638,2025-10-06 12:25:00+00:00,Yawara,Procyon,,,team1,CCT Season 3 South America Series 5,0
hltv_match_2386462,2025-10-06 12:52:24+00:00,The Glecs,Monte,,,team2,ESL Challenger League Season 50 Europe Cup 3,0
hltv_match_2386648,2025-10-06 13:00:00+00:00,Tricked,Leo,,,team2,NODWIN Clutch Series 1,0
hltv_match_2386456,2025-10-06 13:00:00+00:00,ARCRED,Johnny Speeds,,,team2,ESL Challenger League Season 50 Europe Cup 3,0
hltv_match_2386460,2025-10-06 13:00:00+00:00,500,VP.Prodigy,,,team1,ESL Challenger League Season 50 Europe Cup 3,0
hltv_match_2386461,2025-10-06 13:00:00+00:00,HOTU,Sangal,,,team2,ESL Challenger League Season 50 Europe Cup 3,0
hltv_match_2386457,2025-10-06 13:00:00+00:00,Betera,SPARTA,,,team2,ESL Challenger League Season 50 Europe Cup 3,0
hltv_match_2386410,2025-10-06 13:00:00+00:00,SINNERS,JiJieHao,,,team1,Exort The Proving Grounds Season 5,0
hltv_match_2386459,2025-10-06 13:20:00+00:00,EYEBALLERS,GUN5,,,team1,ESL Challenger League Season 50 Europe Cup 3,0
hltv_match_2385952,2025-10-06 13:35:00+00:00,MOUZ,Falcons,,,team2,ESL Pro League Season 22,0
hltv_match_2386639,2025-10-06 15:30:00+00:00,Players,R2,,,team1,CCT Season 3 South America Series 5,0
hltv_match_2386472,2025-10-06 16:03:49+00:00,Galorys,Gaimin Gladiators,,,team2,ESL Challenger League Season 50 South America Cup 3,0
hltv_match_2386473,2025-10-06 16:39:22+00:00,2GAME,KRÜ,,,team1,ESL Challenger League Season 50 South America Cup 3,0
hltv_match_2386474,2025-10-06 17:00:00+00:00,RED Canids,Yawara,,,team1,ESL Challenger League Season 50 South America Cup 3,0
hltv_match_2386471,2025-10-06 17:00:00+00:00,ODDIK,UnderDogs,,,team1,ESL Challenger League Season 50 South America Cup 3,0
hltv_match_2386476,2025-10-06 17:00:00+00:00,ShindeN,Vasco,,,team1,ESL Challenger League Season 50 South America Cup 3,0
hltv_match_2386477,2025-10-06 17:00:00+00:00,Dusty Roots,GameHunters,,,team1,ESL Challenger League Season 50 South America Cup 3,0
hltv_match_2386478,2025-10-06 17:00:00+00:00,Sharks,Crashers,,,team1,ESL Challenger League Season 50 South America Cup 3,0
hltv_match_2386475,2025-10-06 17:20:00+00:00,Keyd Stars,LP,,,team1,ESL Challenger League Season 50 South America Cup 3,0
hltv_match_2386310,2025-10-06 17:30:00+00:00,Wildcard,Zomblers,,,team2,CCT Season 3 North America Series 2,0
hltv_match_2386640,2025-10-06 18:20:00+00:00,KRÜ,JERSA,,,team1,CCT Season 3 South America Series 5,0
hltv_match_2386311,2025-10-06 19:10:00+00:00,ex-Chicken Coop,InControl,,,team1,CCT Season 3 North America Series 2,0
hltv_match_2386486,2025-10-06 20:52:20+00:00,BOSS,FULL SEND,,,team2,ESL Challenger League Season 50 North America Cup 3,0
hltv_match_2386484,2025-10-06 21:00:00+00:00,SkinRave,Take Flyte,,,team1,ESL Challenger League Season 50 North America Cup 3,0
hltv_match_2386487,2025-10-06 21:00:00+00:00,Getting Info,Zomblers,,,team1,ESL Challenger League Season 50 North America Cup 3,0
hltv_match_2386485,2025-10-06 21:00:00+00:00,regain,InControl,,,team1,ESL Challenger League Season 50 North America Cup 3,0
hltv_match_2386489,2025-10-06 21:00:00+00:00,LAG,FlyQuest RED,,,team1,ESL Challenger League Season 50 North America Cup 3,0
hltv_match_2386491,2025-10-06 21:00:00+00:00,Wildcard,Mythic,,,team1,ESL Challenger League Season 50 North America Cup 3,0
hltv_match_2386488,2025-10-06 21:00:00+00:00,Marsborne,NuTorious,,,team1,ESL Challenger League Season 50 North America Cup 3,0
hltv_match_2386490,2025-10-06 21:00:00+00:00,ex-Chicken Coop,Shimmer,,,team1,ESL Challenger League Season 50 North America Cup 3,0
hltv_match_2386411,2025-10-07 04:00:00+00:00,Nexus,Betera,,,team2,Exort The Proving Grounds Season 5,0
hltv_match_2386649,2025-10-07 04:00:00+00:00,FAVBET,1win,,,team2,NODWIN Clutch Series 1,0
hltv_match_2386205,2025-10-07 04:23:50+00:00,OG,GUN5,,,team2,Galaxy Battle 2025 Phase 4,0
hltv_match_2386201,2025-10-07 04:30:00+00:00,Betclic,Alliance,,,team1,Galaxy Battle 2025 Phase 4,0
hltv_match_2386652,2025-10-07 04:55:17+00:00,ARCRED,m1x,,,team2,NODWIN Clutch Series 1,0
hltv_match_2386504,2025-10-07 05:00:00+00:00,Rooster,Ground Zero,,,team1,ESL Challenger League Season 50 Oceania Cup 3,0
hltv_match_2386503,2025-10-07 06:00:00+00:00,Animus Victoria,FURY,,,team2,ESL Challenger League Season 50 Oceania Cup 3,0
hltv_match_2386326,2025-10-07 07:00:00+00:00,Johnny Speeds,SINNERS,,,team1,CCT Season 3 Europe Series 8,0
hltv_match_2386412,2025-10-07 07:00:00+00:00,TPuDCATb TPu,EYEBALLERS,,,team2,Exort The Proving Grounds Season 5,0
hltv_match_2386650,2025-10-07 07:00:00+00:00,SPARTA,RUBY,,,team2,NODWIN Clutch Series 1,0
hltv_match_2386222,2025-10-07 07:00:00+00:00,Betera,ARCRED,,,team1,Winline Insight Season 8,0
hltv_match_2386202,2025-10-07 07:25:00+00:00,JiJieHao,Partizan,,,team1,Galaxy Battle 2025 Phase 4,0
hltv_match_2385954,2025-10-07 07:30:00+00:00,FURIA,Aurora,,,team1,ESL Pro League Season 22,0
hltv_match_2385955,2025-10-07 07:30:00+00:00,Natus Vincere,HOTU,,,team1,ESL Pro League Season 22,0
hltv_match_2386520,2025-10-07 09:00:00+00:00,Eruption,FengDa,,,team2,ESL Challenger League Season 50 Asia-Pacific Cup 3,0
hltv_match_2386641,2025-10-07 09:00:00+00:00,Crashers,MIBR Academy,,,team2,CCT Season 3 South America Series 5,0
hltv_match_2386518,2025-10-07 09:00:00+00:00,Just Swing,Legion,,,team1,ESL Challenger League Season 50 Asia-Pacific Cup 3,0
hltv_match_2386519,2025-10-07 09:00:00+00:00,Last Bullet,NomadS,,,team1,ESL Challenger League Season 50 Asia-Pacific Cup 3,0
hltv_match_2386651,2025-10-07 10:00:00+00:00,Nexus,Nuclear TigeRES,,,team2,NODWIN Clutch Series 1,0
hltv_match_2386327,2025-10-07 10:00:00+00:00,CYBERSHOKE,RUBY,,,team1,CCT Season 3 Europe Series 8,0
hltv_match_2386413,2025-10-07 10:00:00+00:00,Sangal,SINNERS,,,team2,Exort The Proving Grounds Season 5,0
hltv_match_2385957,2025-10-07 10:00:00+00:00,The MongolZ,Gentle Mates,,,team1,ESL Pro League Season 22,0
hltv_match_2385956,2025-10-07 10:45:00+00:00,3DMAX,MOUZ,,,team2,ESL Pro League Season 22,0
hltv_match_2386203,2025-10-07 11:15:00+00:00,Sashi,Monte,,,team2,Galaxy Battle 2025 Phase 4,0
hltv_match_2386642,2025-10-07 12:00:00+00:00,GameHunters,VEXA,,,team1,CCT Season 3 South America Series 5,0
hltv_match_2385958,2025-10-07 13:00:00+00:00,Vitality,G2,,,team1,ESL Pro League Season 22,0
hltv_match_2386537,2025-10-07 13:00:00+00:00,VP.Prodigy,GUN5,,,team2,ESL Challenger League Season 50 Europe Cup 3,0
hltv_match_2386536,2025-10-07 13:00:00+00:00,CPH Wolves,Betera,,,team2,ESL Challenger League Season 50 Europe Cup 3,0
hltv_match_2386532,2025-10-07 13:00:00+00:00,Eternal Fire,FAVBET,,,team2,ESL Challenger League Season 50 Europe Cup 3,0
hltv_match_2385959,2025-10-07 13:00:00+00:00,FaZe,Inner Circle,,,team1,ESL Pro League Season 22,0
hltv_match_2386534,2025-10-07 13:00:00+00:00,Nexus,BC.Game,,,team2,ESL Challenger League Season 50 Europe Cup 3,0
hltv_match_2386533,2025-10-07 13:35:00+00:00,Oramond,Sashi,,,team2,ESL Challenger League Season 50 Europe Cup 3,0
hltv_match_2386531,2025-10-07 13:35:00+00:00,CYBERSHOKE,Nemiga,,,team1,ESL Challenger League Season 50 Europe Cup 3,0
hltv_match_2386328,2025-10-07 13:50:00+00:00,Zero Tenacity,1win,,,team2,CCT Season 3 Europe Series 8,0
hltv_match_2386538,2025-10-07 14:20:00+00:00,The Glecs,HOTU,,,team1,ESL Challenger League Season 50 Europe Cup 3,0
hltv_match_2386643,2025-10-07 15:00:00+00:00,UnderDogs,MAGICOS,,,team1,CCT Season 3 South America Series 5,0
hltv_match_2386577,2025-10-07 17:00:00+00:00,Tropa do KinGui,Crashers,,,team1,ESL Challenger League Season 50 South America Cup 3,0
hltv_match_2386580,2025-10-07 17:00:00+00:00,MIBR Academy,LP,,,team2,ESL Challenger League Season 50 South America Cup 3,0
hltv_match_2386583,2025-10-07 17:00:00+00:00,Procyon,Galorys,,,team1,ESL Challenger League Season 50 South America Cup 3,0
hltv_match_2386581,2025-10-07 17:00:00+00:00,Four Magic,Yawara,,,team2,ESL Challenger League Season 50 South America Cup 3,0
hltv_match_2386578,2025-10-07 17:00:00+00:00,JERSA,GameHunters,,,team2,ESL Challenger League Season 50 South America Cup 3,0
hltv_match_2386579,2025-10-07 17:35:00+00:00,MAGICOS,Vasco,,,team2,ESL Challenger League Season 50 South America Cup 3,0
hltv_match_2386313,2025-10-07 20:30:00+00:00,Getting Info,regain,,,team1,CCT Season 3 North America Series 2,0
hltv_match_2386611,2025-10-07 21:00:00+00:00,Zomblers,Nocturnal,,,team1,ESL Challenger League Season 50 North America Cup 3,0
hltv_match_2386609,2025-10-07 21:00:00+00:00,FlyQuest RED,TSG,,,team2,ESL Challenger League Season 50 North America Cup 3,0
hltv_match_2386204,2025-10-08 04:00:00+00:00,Nemiga,500,,,team1,Galaxy Battle 2025 Phase 4,0
hltv_match_2386331,2025-10-08 04:00:00+00:00,Zero Tenacity,RUBY,,,team2,CCT Season 3 Europe Series 8,0
hltv_match_2386414,2025-10-08 04:00:00+00:00,JiJieHao,Tricked,,,team1,Exort The Proving Grounds Season 5,0
hltv_match_2386717,2025-10-08 04:00:00+00:00,Betera,m1x,,,team2,NODWIN Clutch Series 1,0
hltv_match_2386718,2025-10-08 07:00:00+00:00,SPARTA,FAVBET,,,team2,NODWIN Clutch Series 1,0
hltv_match_2386330,2025-10-08 07:00:00+00:00,Tricked,EYEBALLERS,,,team2,CCT Season 3 Europe Series 8,0
hltv_match_2386415,2025-10-08 07:00:00+00:00,ARCRED,Betclic,,,team2,Exort The Proving Grounds Season 5,0
hltv_match_2386226,2025-10-08 07:00:00+00:00,RUBY,ESC,,,team2,Winline Insight Season 8,0
hltv_match_2385960,2025-10-08 07:30:00+00:00,The MongolZ,Natus Vincere,,,team2,ESL Pro League Season 22,0
hltv_match_2386676,2025-10-08 09:00:00+00:00,LP,JERSA,,,team1,CCT Season 3 South America Series 5,0
hltv_match_2386522,2025-10-08 09:00:00+00:00,DEPO,The Huns,,,team2,ESL Challenger League Season 50 Asia-Pacific Cup 3,0
hltv_match_2386524,2025-10-08 09:00:00+00:00,FengDa,Last Bullet,,,team1,ESL Challenger League Season 50 Asia-Pacific Cup 3,0
hltv_match_2386523,2025-10-08 09:00:00+00:00,Just Swing,Chinggis Warriors,,,team1,ESL Challenger League Season 50 Asia-Pacific Cup 3,0
hltv_match_2386521,2025-10-08 09:00:00+00:00,Rare Atom,Kaleido,,,team1,ESL Challenger League Season 50 Asia-Pacific Cup 3,0
hltv_match_2386416,2025-10-08 10:00:00+00:00,SPARTA,Oramond,,,team2,Exort The Proving Grounds Season 5,0
hltv_match_2386719,2025-10-08 10:00:00+00:00,ARCRED,Nexus,,,team1,NODWIN Clutch Series 1,0
hltv_match_2386207,2025-10-08 10:00:00+00:00,PARIVISION,FAVBET,,,team1,Galaxy Battle 2025 Phase 4,0
hltv_match_2385961,2025-10-08 10:00:00+00:00,G2,3DMAX,,,team2,ESL Pro League Season 22,0
hltv_match_2386329,2025-10-08 10:00:00+00:00,SINNERS,Dziuseppe,,,team2,CCT Season 3 Europe Series 8,0
hltv_match_2386227,2025-10-08 10:10:00+00:00,Betera,ECLOT,,,team2,Winline Insight Season 8,0
hltv_match_2386677,2025-10-08 12:00:00+00:00,Crashers,Procyon,,,team1,CCT Season 3 South America Series 5,0
hltv_match_2385962,2025-10-08 12:30:00+00:00,Aurora,FaZe,,,team2,ESL Pro League Season 22,0
hltv_match_2386720,2025-10-08 13:00:00+00:00,Oramond,1win,,,team1,NODWIN Clutch Series 1,0
hltv_match_2386544,2025-10-08 13:00:00+00:00,Alliance,SPARTA,,,team1,ESL Challenger League Season 50 Europe Cup 3,0
hltv_match_2386208,2025-10-08 13:00:00+00:00,Inner Circle,Eternal Fire,,,team1,Galaxy Battle 2025 Phase 4,0
hltv_match_2386545,2025-10-08 13:00:00+00:00,500,EYEBALLERS,,,team1,ESL Challenger League Season 50 Europe Cup 3,0
hltv_match_2386546,2025-10-08 13:00:00+00:00,Monte,Sangal,,,team2,ESL Challenger League Season 50 Europe Cup 3,0
hltv_match_2386539,2025-10-08 13:00:00+00:00,SINNERS,Insilio,,,team1,ESL Challenger League Season 50 Europe Cup 3,0
hltv_match_2386540,2025-10-08 13:00:00+00:00,JiJieHao,Zero Tenacity,,,team2,ESL Challenger League Season 50 Europe Cup 3,0
hltv_match_2386543,2025-10-08 13:00:00+00:00,Partizan,Johnny Speeds,,,team2,ESL Challenger League Season 50 Europe Cup 3,0
hltv_match_2386541,2025-10-08 13:00:00+00:00,TPuDCATb TPu,NOVAQ,,,team1,ESL Challenger League Season 50 Europe Cup 3,0
hltv_match_2386542,2025-10-08 13:00:00+00:00,ESC,RUBY,,,team1,ESL Challenger League Season 50 Europe Cup 3,0
hltv_match_2386291,2025-10-08 14:30:00+00:00,BIG EQUIPA,Imperial Valkyries,,,team1,ESL Impact League Season 8 Europe,0
hltv_match_2386290,2025-10-08 14:30:00+00:00,888aura,Let Her Cook,,,team1,ESL Impact League Season 8 Europe,0
hltv_match_2386678,2025-10-08 15:00:00+00:00,MAGICOS,R2,,,team1,CCT Season 3 South America Series 5,0
hltv_match_2386592,2025-10-08 17:00:00+00:00,Dusty Roots,Sharks,,,team1,ESL Challenger League Season 50 South America Cup 3,0
hltv_match_2386585,2025-10-08 17:00:00+00:00,Tropa do KinGui,GameHunters,,,team1,ESL Challenger League Season 50 South America Cup 3,0
hltv_match_2386588,2025-10-08 17:00:00+00:00,Procyon,UnderDogs,,,team1,ESL Challenger League Season 50 South America Cup 3,0
hltv_match_2386589,2025-10-08 17:00:00+00:00,Gaimin Gladiators,ODDIK,,,team2,ESL Challenger League Season 50 South America Cup 3,0
hltv_match_2386586,2025-10-08 17:00:00+00:00,Vasco,LP,,,team2,ESL Challenger League Season 50 South America Cup 3,0
hltv_match_2386587,2025-10-08 17:00:00+00:00,Yawara,KRÜ,,,team2,ESL Challenger League Season 50 South America Cup 3,0
hltv_match_2386294,2025-10-08 17:00:00+00:00,thekillaz fe,MIBR fe,,,team2,ESL Impact League Season 8 South America,0
hltv_match_2386295,2025-10-08 17:00:00+00:00,Dusty Roses,Curralzinho,,,team2,ESL Impact League Season 8 South America,0
hltv_match_2386591,2025-10-08 17:00:00+00:00,ShindeN,Keyd Stars,,,team2,ESL Challenger League Season 50 South America Cup 3,0
hltv_match_2386679,2025-10-08 18:00:00+00:00,Bounty Hunters,VEXA,,,team1,CCT Season 3 South America Series 5,0
hltv_match_2386299,2025-10-08 19:30:00+00:00,Little Bocks,wwaves,,,team2,ESL Impact League Season 8 North America,0
hltv_match_2386621,2025-10-08 21:00:00+00:00,Marsborne,LAG,,,team1,ESL Challenger League Season 50 North America Cup 3,0
hltv_match_2386616,2025-10-08 21:00:00+00:00,TSG,NuTorious,,,team1,ESL Challenger League Season 50 North America Cup 3,0
hltv_match_2386617,2025-10-08 21:00:00+00:00,BOSS,Zomblers,,,team1,ESL Challenger League Season 50 North America Cup 3,0
hltv_match_2386618,2025-10-08 21:00:00+00:00,InControl,Take Flyte,,,team2,ESL Challenger League Season 50 North America Cup 3,0
hltv_match_2386615,2025-10-08 21:00:00+00:00,Shimmer,Mythic,,,team2,ESL Challenger League Season 50 North America Cup 3,0
hltv_match_2386619,2025-10-08 21:00:00+00:00,SkinRave,regain,,,team1,ESL Challenger League Season 50 North America Cup 3,0
hltv_match_2386721,2025-10-09 04:00:00+00:00,RUBY,Nuclear TigeRES,,,team1,NODWIN Clutch Series 1,0
hltv_match_2386332,2025-10-09 04:00:00+00:00,JiJieHao,Johnny Speeds,,,team1,CCT Season 3 Europe Series 8,0
hltv_match_2386782,2025-10-09 04:00:00+00:00,fish123,ENCE Academy,,,team1,European Pro League Cup 1,0
hltv_match_2386229,2025-10-09 06:30:00+00:00,ESC,ECLOT,,,team1,Winline Insight Season 8,0
hltv_match_2386783,2025-10-09 06:30:00+00:00,G2 Ares,Aurora Young Blud,,,team2,European Pro League Cup 1,0
hltv_match_2386228,2025-10-09 07:00:00+00:00,RUBY,Betera,,,team2,Winline Insight Season 8,0
hltv_match_2386722,2025-10-09 07:00:00+00:00,kONO,FORZE Reload,,,team1,NODWIN Clutch Series 1,0
hltv_match_2386670,2025-10-09 07:15:00+00:00,SINNERS,BRUTE,,,team1,Slovak National Championship 2025 Finals,0
hltv_match_2386417,2025-10-09 07:20:00+00:00,Sangal,JiJieHao,,,team1,Exort The Proving Grounds Season 5,0
hltv_match_2386333,2025-10-09 07:25:00+00:00,Spirit Academy,1win,,,team2,CCT Season 3 Europe Series 8,0
hltv_match_2386525,2025-10-09 09:00:00+00:00,Just Swing,Kaleido,,,team2,ESL Challenger League Season 50 Asia-Pacific Cup 3,0
hltv_match_2386680,2025-10-09 09:00:00+00:00,Players,UnderDogs,,,team2,CCT Season 3 South America Series 5,0
hltv_match_2386526,2025-10-09 09:00:00+00:00,DEPO,FengDa,,,team2,ESL Challenger League Season 50 Asia-Pacific Cup 3,0
hltv_match_2386209,2025-10-09 10:00:00+00:00,Nemiga,JiJieHao,,,team1,Galaxy Battle 2025 Phase 4,0
hltv_match_2386418,2025-10-09 10:05:00+00:00,TPuDCATb TPu,Betclic,,,team1,Exort The Proving Grounds Season 5,0
hltv_match_2386723,2025-10-09 10:10:00+00:00,Tricked,UNiTY,,,team2,NODWIN Clutch Series 1,0
hltv_match_2386334,2025-10-09 11:00:00+00:00,ECSTATIC,EYEBALLERS,,,team2,CCT Season 3 Europe Series 8,0
hltv_match_2386766,2025-10-09 12:00:00+00:00,MANA,Phantom,,,team1,T-Esports Championship Season 4,0
hltv_match_2386681,2025-10-09 12:00:00+00:00,GameHunters,Vasco,,,team1,CCT Season 3 South America Series 5,0
hltv_match_2386547,2025-10-09 13:00:00+00:00,CYBERSHOKE,Monte,,,team2,ESL Challenger League Season 50 Europe Cup 3,0
hltv_match_2386419,2025-10-09 13:00:00+00:00,Nexus,Oramond,,,team2,Exort The Proving Grounds Season 5,0
hltv_match_2386550,2025-10-09 13:00:00+00:00,BC.Game,Partizan,,,team2,ESL Challenger League Season 50 Europe Cup 3,0
hltv_match_2386552,2025-10-09 13:00:00+00:00,Betera,NOVAQ,,,team2,ESL Challenger League Season 50 Europe Cup 3,0
hltv_match_2386551,2025-10-09 13:00:00+00:00,ARCRED,RUBY,,,team1,ESL Challenger League Season 50 Europe Cup 3,0
hltv_match_2386724,2025-10-09 13:00:00+00:00,500,Leo,,,team1,NODWIN Clutch Series 1,0
hltv_match_2386549,2025-10-09 13:00:00+00:00,Sashi,SPARTA,,,team1,ESL Challenger League Season 50 Europe Cup 3,0
hltv_match_2386548,2025-10-09 13:35:00+00:00,FAVBET,EYEBALLERS,,,team1,ESL Challenger League Season 50 Europe Cup 3,0
hltv_match_2386335,2025-10-09 13:45:00+00:00,BetBoom,Dziuseppe,,,team1,CCT Season 3 Europe Series 8,0
hltv_match_2386210,2025-10-09 14:00:00+00:00,GUN5,PARIVISION,,,team2,Galaxy Battle 2025 Phase 4,0
hltv_match_2386292,2025-10-09 14:30:00+00:00,NIP Impact,AKA HERO KAJO,,,team1,ESL Impact League Season 8 Europe,0
hltv_match_2386293,2025-10-09 14:30:00+00:00,Nemesis Impact,Peekaboo,,,team2,ESL Impact League Season 8 Europe,0
hltv_match_2386682,2025-10-09 15:00:00+00:00,Yawara,MIBR Academy,,,team1,CCT Season 3 South America Series 5,0
hltv_match_2386297,2025-10-09 17:00:00+00:00,Atrix,CAPIVARAS,,,team1,ESL Impact League Season 8 South America,0
hltv_match_2386596,2025-10-09 17:00:00+00:00,Sharks,Procyon,,,team2,ESL Challenger League Season 50 South America Cup 3,0
hltv_match_2386296,2025-10-09 17:00:00+00:00,FURIA fe,Four Magic,,,team1,ESL Impact League Season 8 South America,0
hltv_match_2386593,2025-10-09 17:00:00+00:00,Gaimin Gladiators,Tropa do KinGui,,,team1,ESL Challenger League Season 50 South America Cup 3,0
hltv_match_2386300,2025-10-09 19:30:00+00:00,Lotus fe,FlyQuest RED,,,team2,ESL Impact League Season 8 North America,0
hltv_match_2386301,2025-10-09 19:30:00+00:00,Shimmer,Nocturnal,,,team1,ESL Impact League Season 8 North America,0
hltv_match_2386623,2025-10-09 21:00:00+00:00,regain,Mythic,,,team1,ESL Challenger League Season 50 North America Cup 3,0
hltv_match_2386625,2025-10-09 21:00:00+00:00,LAG,BOSS,,,team2,ESL Challenger League Season 50 North America Cup 3,0
hltv_match_2386336,2025-10-10 04:00:00+00:00,Partizan,GUN5,,,team1,CCT Season 3 Europe Series 8,0
hltv_match_2386784,2025-10-10 04:00:00+00:00,GenOne,Mousquetaires,,,team1,European Pro League Cup 1,0
hltv_match_2386725,2025-10-10 04:00:00+00:00,Tricked,SPARTA,,,team2,NODWIN Clutch Series 1,0
hltv_match_2386420,2025-10-10 04:00:00+00:00,Monte,Betera,,,team2,Exort The Proving Grounds Season 5,0
hltv_match_2385963,2025-10-10 04:30:00+00:00,3DMAX,Falcons,,,team2,ESL Pro League Season 22,0
hltv_match_2386785,2025-10-10 06:30:00+00:00,BIG Academy,MASONIC,,,team2,European Pro League Cup 1,0
hltv_match_2386337,2025-10-10 07:00:00+00:00,Alliance,ESC,,,team2,CCT Season 3 Europe Series 8,0
hltv_match_2386726,2025-10-10 07:00:00+00:00,Betera,ARCRED,,,team2,NODWIN Clutch Series 1,0
hltv_match_2386421,2025-10-10 07:00:00+00:00,9INE,TPuDCATb TPu,,,team1,Exort The Proving Grounds Season 5,0
hltv_match_2386673,2025-10-10 07:15:00+00:00,SINNERS,ECLOT,,,team1,Slovak National Championship 2025 Finals,0
hltv_match_2385964,2025-10-10 08:00:00+00:00,MOUZ,Natus Vincere,,,team1,ESL Pro League Season 22,0
hltv_match_2386768,2025-10-10 08:30:00+00:00,Leça,Rhyno YNG,,,team1,Master League Portugal XVII,0
hltv_match_2386684,2025-10-10 09:00:00+00:00,R2,VEXA,,,team2,CCT Season 3 South America Series 5,0
hltv_match_2386727,2025-10-10 10:00:00+00:00,kONO,Leo,,,team1,NODWIN Clutch Series 1,0
hltv_match_2386211,2025-10-10 10:00:00+00:00,Monte,Inner Circle,,,team2,Galaxy Battle 2025 Phase 4,0
hltv_match_2386422,2025-10-10 10:00:00+00:00,BetBoom,Sangal,,,team1,Exort The Proving Grounds Season 5,0
hltv_match_2386338,2025-10-10 10:20:00+00:00,Sashi,CYBERSHOKE,,,team1,CCT Season 3 Europe Series 8,0
hltv_match_2385965,2025-10-10 11:30:00+00:00,Spirit,FaZe,,,team2,ESL Pro League Season 22,0
hltv_match_2386339,2025-10-10 13:00:00+00:00,Venom,RUBY,,,team2,CCT Season 3 Europe Series 8,0
hltv_match_2386558,2025-10-10 13:00:00+00:00,Insilio,GUN5,,,team2,ESL Challenger League Season 50 Europe Cup 3,0
hltv_match_2386559,2025-10-10 13:00:00+00:00,SINNERS,Zero Tenacity,,,team2,ESL Challenger League Season 50 Europe Cup 3,0
hltv_match_2386562,2025-10-10 13:00:00+00:00,500,Sangal,,,team2,ESL Challenger League Season 50 Europe Cup 3,0
hltv_match_2386728,2025-10-10 13:00:00+00:00,Nexus,FORZE Reload,,,team1,NODWIN Clutch Series 1,0
hltv_match_2386560,2025-10-10 13:00:00+00:00,ESC,TPuDCATb TPu,,,team1,ESL Challenger League Season 50 Europe Cup 3,0
hltv_match_2386212,2025-10-10 13:00:00+00:00,Gentle Mates,Betclic,,,team1,Galaxy Battle 2025 Phase 4,0
hltv_match_2386556,2025-10-10 13:00:00+00:00,Partizan,Sashi,,,team1,ESL Challenger League Season 50 Europe Cup 3,0
hltv_match_2386561,2025-10-10 13:00:00+00:00,Alliance,Johnny Speeds,,,team2,ESL Challenger League Season 50 Europe Cup 3,0
hltv_match_2386423,2025-10-10 13:00:00+00:00,ECSTATIC,Oramond,,,team1,Exort The Proving Grounds Season 5,0
hltv_match_2386555,2025-10-10 13:00:00+00:00,FAVBET,Monte,,,team2,ESL Challenger League Season 50 Europe Cup 3,0
hltv_match_2385966,2025-10-10 13:35:00+00:00,FURIA,Vitality,,,team2,ESL Pro League Season 22,0
hltv_match_2386774,2025-10-10 14:00:00+00:00,ShindeN,R2,,,team1,Argentina Game Show Cup 2025,0
hltv_match_2386773,2025-10-10 14:00:00+00:00,Dusty Roots,KRÜ,,,team2,Argentina Game Show Cup 2025,0
hltv_match_2386686,2025-10-10 15:00:00+00:00,LP,MIBR Academy,,,team1,CCT Season 3 South America Series 5,0
hltv_match_2386775,2025-10-10 17:00:00+00:00,9z,KRÜ,,,team1,Argentina Game Show Cup 2025,0
hltv_match_2386776,2025-10-10 17:30:00+00:00,BESTIA,ShindeN,,,team1,Argentina Game Show Cup 2025,0
hltv_match_2386687,2025-10-10 18:00:00+00:00,Bounty Hunters,MAGICOS,,,team1,CCT Season 3 South America Series 5,0
hltv_match_2386777,2025-10-10 19:00:00+00:00,Dusty Roots,KRÜ,,,team1,Argentina Game Show Cup 2025,0
hltv_match_2386778,2025-10-10 20:50:00+00:00,R2,ShindeN,,,team1,Argentina Game Show Cup 2025,0
hltv_match_2386674,2025-10-11 04:00:00+00:00,ECLOT,BRUTE,,,team1,Slovak National Championship 2025 Finals,0
hltv_match_2386424,2025-10-11 04:00:00+00:00,Spirit Academy,EYEBALLERS,,,team1,Exort The Proving Grounds Season 5,0
hltv_match_2386786,2025-10-11 04:00:00+00:00,ENCE Academy,G2 Ares,,,team2,European Pro League Cup 1,0
hltv_match_2386787,2025-10-11 06:55:00+00:00,Mousquetaires,BIG Academy,,,team1,European Pro League Cup 1,0
hltv_match_2386341,2025-10-11 07:00:00+00:00,BetBoom,Partizan,,,team1,CCT Season 3 Europe Series 8,0
hltv_match_2386425,2025-10-11 07:10:00+00:00,Sashi,Johnny Speeds,,,team2,Exort The Proving Grounds Season 5,0
hltv_match_2386675,2025-10-11 08:00:00+00:00,SINNERS,ECLOT,,,team1,Slovak National Championship 2025 Finals,0
hltv_match_2386770,2025-10-11 08:30:00+00:00,Famalicão,Leça,,,team1,Master League Portugal XVII,0
hltv_match_2386688,2025-10-11 09:10:00+00:00,KRÜ,Vasco,,,team1,CCT Season 3 South America Series 5,0
hltv_match_2385967,2025-10-11 09:45:00+00:00,MOUZ,Falcons,,,team2,ESL Pro League Season 22,0
hltv_match_2386342,2025-10-11 10:00:00+00:00,EYEBALLERS,ESC,,,team2,CCT Season 3 Europe Series 8,0
hltv_match_2386213,2025-10-11 10:00:00+00:00,PARIVISION,Gentle Mates,,,team1,Galaxy Battle 2025 Phase 4,0
hltv_match_2386426,2025-10-11 10:00:00+00:00,BC.Game,Eternal Fire,,,team2,Exort The Proving Grounds Season 5,0
hltv_match_2386689,2025-10-11 12:00:00+00:00,Players,Crashers,,,team1,CCT Season 3 South America Series 5,0
hltv_match_2386343,2025-10-11 13:00:00+00:00,RUBY,Sashi,,,team1,CCT Season 3 Europe Series 8,0
hltv_match_2386214,2025-10-11 13:00:00+00:00,Inner Circle,Nemiga,,,team1,Galaxy Battle 2025 Phase 4,0
hltv_match_2385968,2025-10-11 13:00:00+00:00,FaZe,Vitality,,,team2,ESL Pro League Season 22,0
hltv_match_2386427,2025-10-11 13:30:00+00:00,Partizan,SINNERS,,,team2,Exort The Proving Grounds Season 5,0
hltv_match_2386779,2025-10-11 14:00:00+00:00,9z,R2,,,team1,Argentina Game Show Cup 2025,0
hltv_match_2386780,2025-10-11 18:00:00+00:00,BESTIA,Dusty Roots,,,team1,Argentina Game Show Cup 2025,0
hltv_match_2386691,2025-10-11 18:00:00+00:00,Yawara,UnderDogs,,,team1,CCT Season 3 South America Series 5,0
hltv_match_2386788,2025-10-12 04:00:00+00:00,fish123,Aurora Young Blud,,,team1,European Pro League Cup 1,0
hltv_match_2386428,2025-10-12 04:00:00+00:00,BetBoom,Johnny Speeds,,,team1,Exort The Proving Grounds Season 5,0
hltv_match_2386344,2025-10-12 06:00:00+00:00,ESC,RUBY,,,team2,CCT Season 3 Europe Series 8,0
hltv_match_2386789,2025-10-12 06:30:00+00:00,GenOne,MASONIC,,,team1,European Pro League Cup 1,0
hltv_match_2386215,2025-10-12 07:00:00+00:00,PARIVISION,Inner Circle,,,team1,Galaxy Battle 2025 Phase 4,0
hltv_match_2386429,2025-10-12 07:00:00+00:00,Betera,Spirit Academy,,,team2,Exort The Proving Grounds Season 5,0
hltv_match_2385969,2025-10-12 07:30:00+00:00,MOUZ,FaZe,,,team1,ESL Pro League Season 22,0
hltv_match_2386772,2025-10-12 09:00:00+00:00,Famalicão,Rebels,,,team2,Master League Portugal XVII,0
hltv_match_2386345,2025-10-12 09:10:00+00:00,BetBoom,1win,,,team1,CCT Season 3 Europe Series 8,0
hltv_match_2386430,2025-10-12 10:00:00+00:00,ECSTATIC,Eternal Fire,,,team1,Exort The Proving Grounds Season 5,0
hltv_match_2386692,2025-10-12 11:00:00+00:00,Crashers,VEXA,,,team1,CCT Season 3 South America Series 5,0
hltv_match_2385970,2025-10-12 11:00:00+00:00,Falcons,Vitality,,,team2,ESL Pro League Season 22,0
hltv_match_2386851,2025-10-12 11:00:00+00:00,Peekaboo,BIG EQUIPA,,,team2,ELITE FE Cup 6,0
hltv_match_2386346,2025-10-12 12:00:00+00:00,RUBY,BetBoom,,,team1,CCT Season 3 Europe Series 8,0
hltv_match_2386431,2025-10-12 13:00:00+00:00,9INE,SINNERS,,,team2,Exort The Proving Grounds Season 5,0
hltv_match_2386693,2025-10-12 14:00:00+00:00,MIBR Academy,Procyon,,,team1,CCT Season 3 South America Series 5,0
hltv_match_2386781,2025-10-12 14:00:00+00:00,9z,BESTIA,,,team2,Argentina Game Show Cup 2025,0
hltv_match_2386854,2025-10-12 14:45:00+00:00,BIG EQUIPA,Peekaboo,,,team1,ELITE FE Cup 6,0
hltv_match_2386729,2025-10-13 04:00:00+00:00,RUBY,m1x,,,team1,NODWIN Clutch Series 1,0
hltv_match_2386791,2025-10-13 04:00:00+00:00,Mousquetaires,Aurora Young Blud,,,team1,European Pro League Cup 1,0
hltv_match_2386730,2025-10-13 07:00:00+00:00,FAVBET,UNiTY,,,team1,NODWIN Clutch Series 1,0
hltv_match_2386432,2025-10-13 07:00:00+00:00,BetBoom,Spirit Academy,,,team1,Exort The Proving Grounds Season 5,0
hltv_match_2386790,2025-10-13 07:15:00+00:00,G2 Ares,MASONIC,,,team1,European Pro League Cup 1,0
hltv_match_2386731,2025-10-13 10:00:00+00:00,Oramond,500,,,team1,NODWIN Clutch Series 1,0
hltv_match_2386433,2025-10-13 10:00:00+00:00,ECSTATIC,SINNERS,,,team2,Exort The Proving Grounds Season 5,0
hltv_match_2386695,2025-10-13 11:00:00+00:00,Bounty Hunters,Players,,,team2,CCT Season 3 South America Series 5,0
hltv_match_2386732,2025-10-13 13:10:00+00:00,1win,Nuclear TigeRES,,,team2,NODWIN Clutch Series 1,0
hltv_match_2386434,2025-10-13 14:10:00+00:00,BetBoom,SINNERS,,,team1,Exort The Proving Grounds Season 5,0
hltv_match_2386696,2025-10-13 14:15:00+00:00,GameHunters,UnderDogs,,,team2,CCT Season 3 South America Series 5,0
hltv_match_2386814,2025-10-13 17:00:00+00:00,LAG,Outfit 49,,,team1,Dust2.us Eagle Masters Series 4,0
hltv_match_2386697,2025-10-13 17:00:00+00:00,KRÜ,LP,,,team2,CCT Season 3 South America Series 5,0
hltv_match_2386811,2025-10-13 20:00:00+00:00,Marsborne,SportsBetExpert,,,team1,Dust2.us Eagle Masters Series 4,0
hltv_match_2386816,2025-10-13 20:00:00+00:00,Phoenix,Zomblers,,,team1,Dust2.us Eagle Masters Series 4,0
hltv_match_2386817,2025-10-13 20:00:00+00:00,Money Crew,regain,,,team2,Dust2.us Eagle Masters Series 4,0
hltv_match_2386819,2025-10-13 23:00:00+00:00,3DMAX,The Huns,,,team1,CS Asia Championships 2025,0
hltv_match_2386821,2025-10-14 00:05:00+00:00,GamerLegion,Liquid,,,team2,CS Asia Championships 2025,0
hltv_match_2386820,2025-10-14 00:20:00+00:00,Virtus.pro,Legacy,,,team2,CS Asia Championships 2025,0
hltv_match_2386822,2025-10-14 01:20:00+00:00,Lynn Vision,MIBR,,,team2,CS Asia Championships 2025,0
hltv_match_2386823,2025-10-14 01:30:00+00:00,TYLOO,Fluxo,,,team1,CS Asia Championships 2025,0
hltv_match_2386824,2025-10-14 02:25:00+00:00,paiN,fnatic,,,team2,CS Asia Championships 2025,0
hltv_match_2386826,2025-10-14 03:45:00+00:00,FaZe,FUT,,,team2,CS Asia Championships 2025,0
hltv_match_2386825,2025-10-14 03:50:00+00:00,HEROIC,B8,,,team1,CS Asia Championships 2025,0
hltv_match_2386792,2025-10-14 04:00:00+00:00,Mousquetaires,G2 Ares,,,team1,European Pro League Cup 1,0
hltv_match_2386505,2025-10-14 05:00:00+00:00,Rooster,FURY,,,team1,ESL Challenger League Season 50 Oceania Cup 3,0
hltv_match_2386828,2025-10-14 05:05:00+00:00,GamerLegion,Lynn Vision,,,team2,CS Asia Championships 2025,0
hltv_match_2386827,2025-10-14 05:30:00+00:00,The Huns,Virtus.pro,,,team2,CS Asia Championships 2025,0
hltv_match_2386793,2025-10-14 06:30:00+00:00,fish123,GenOne,,,team2,European Pro League Cup 1,0
hltv_match_2386734,2025-10-14 07:00:00+00:00,kONO,Nuclear TigeRES,,,team2,NODWIN Clutch Series 1,0
hltv_match_2386829,2025-10-14 08:10:00+00:00,3DMAX,Legacy,,,team2,CS Asia Championships 2025,0
hltv_match_2386527,2025-10-14 09:00:00+00:00,FengDa,Kaleido,,,team1,ESL Challenger League Season 50 Asia-Pacific Cup 3,0
hltv_match_2386830,2025-10-14 09:05:00+00:00,Liquid,MIBR,,,team1,CS Asia Championships 2025,0
hltv_match_2386735,2025-10-14 10:00:00+00:00,1win,Leo,,,team1,NODWIN Clutch Series 1,0
hltv_match_2386698,2025-10-14 11:00:00+00:00,Bounty Hunters,Vasco,,,team1,CCT Season 3 South America Series 5,0
hltv_match_2386566,2025-10-14 13:00:00+00:00,GUN5,500,,,team1,ESL Challenger League Season 50 Europe Cup 3,0
hltv_match_2386563,2025-10-14 13:00:00+00:00,SINNERS,Monte,,,team2,ESL Challenger League Season 50 Europe Cup 3,0
hltv_match_2386564,2025-10-14 13:00:00+00:00,Partizan,TPuDCATb TPu,,,team1,ESL Challenger League Season 50 Europe Cup 3,0
hltv_match_2386565,2025-10-14 13:00:00+00:00,ARCRED,Alliance,,,team2,ESL Challenger League Season 50 Europe Cup 3,0
hltv_match_2386699,2025-10-14 14:00:00+00:00,Crashers,KRÜ,,,team1,CCT Season 3 South America Series 5,0
hltv_match_2386600,2025-10-14 17:00:00+00:00,ShindeN,Procyon,,,team1,ESL Challenger League Season 50 South America Cup 3,0
hltv_match_2386598,2025-10-14 17:00:00+00:00,Keyd Stars,Dusty Roots,,,team2,ESL Challenger League Season 50 South America Cup 3,0
hltv_match_2386599,2025-10-14 17:00:00+00:00,Gaimin Gladiators,Fake do Biru,,,team1,ESL Challenger League Season 50 South America Cup 3,0
hltv_match_2386597,2025-10-14 17:00:00+00:00,ODDIK,RED Canids,,,team2,ESL Challenger League Season 50 South America Cup 3,0
hltv_match_2386629,2025-10-14 21:00:00+00:00,regain,TSG,,,team1,ESL Challenger League Season 50 North America Cup 3,0
hltv_match_2386628,2025-10-14 21:00:00+00:00,Marsborne,Wildcard,,,team1,ESL Challenger League Season 50 North America Cup 3,0
hltv_match_2386835,2025-10-14 23:25:00+00:00,paiN,Fluxo,,,team1,CS Asia Championships 2025,0
hltv_match_2386836,2025-10-14 23:30:00+00:00,FaZe,B8,,,team1,CS Asia Championships 2025,0
hltv_match_2386838,2025-10-15 02:40:00+00:00,FUT,HEROIC,,,team2,CS Asia Championships 2025,0
hltv_match_2386837,2025-10-15 03:40:00+00:00,fnatic,TYLOO,,,team1,CS Asia Championships 2025,0
hltv_match_2386736,2025-10-15 04:00:00+00:00,Nexus,UNiTY,,,team2,NODWIN Clutch Series 1,0
hltv_match_2386794,2025-10-15 04:00:00+00:00,Mousquetaires,fish123,,,team2,European Pro League Cup 1,0
hltv_match_2386856,2025-10-15 04:00:00+00:00,WOPA,GANK,,,team1,United21 League Season 39,0
hltv_match_2386860,2025-10-15 04:00:00+00:00,SPARTA,NIP Impact,,,team1,CCT Season 3 Europe Series 9 Closed Qualifier,0
hltv_match_2386796,2025-10-15 04:30:00+00:00,FURIA,OG,,,team1,Thunderpick World Championship 2025,0
hltv_match_2386831,2025-10-15 05:00:00+00:00,Virtus.pro,MIBR,,,team1,CS Asia Championships 2025,0
hltv_match_2386506,2025-10-15 05:00:00+00:00,SemperFi,Mindfreak,,,team1,ESL Challenger League Season 50 Oceania Cup 3,0
hltv_match_2386942,2025-10-15 05:40:00+00:00,TPuDCATb TPu,Preasy Mix,,,team1,Exort Series 17,0
hltv_match_2386857,2025-10-15 06:30:00+00:00,G2 Ares,MANA,,,team1,United21 League Season 39,0
hltv_match_2386832,2025-10-15 06:50:00+00:00,Lynn Vision,3DMAX,,,team2,CS Asia Championships 2025,0
hltv_match_2386737,2025-10-15 07:00:00+00:00,ARCRED,500,,,team2,NODWIN Clutch Series 1,0
hltv_match_2386861,2025-10-15 07:00:00+00:00,NOVAQ,AMKAL,,,team2,CCT Season 3 Europe Series 9 Closed Qualifier,0
hltv_match_2386797,2025-10-15 07:30:00+00:00,The MongolZ,9z,,,team1,Thunderpick World Championship 2025,0
hltv_match_2386943,2025-10-15 08:30:00+00:00,ECLOT,AM,,,team1,Exort Series 17,0
hltv_match_2386701,2025-10-15 09:00:00+00:00,Keyd Stars,Crashers,,,team1,CCT Season 3 South America Series 5,0
hltv_match_2386528,2025-10-15 09:00:00+00:00,The Huns,Rare Atom,,,team1,ESL Challenger League Season 50 Asia-Pacific Cup 3,0
hltv_match_2386738,2025-10-15 10:00:00+00:00,Betera,SPARTA,,,team2,NODWIN Clutch Series 1,0
hltv_match_2386798,2025-10-15 10:30:00+00:00,Natus Vincere,Imperial,,,team1,Thunderpick World Championship 2025,0
hltv_match_2386944,2025-10-15 11:30:00+00:00,Nuclear TigeRES,Flame Sharks,,,team2,Exort Series 17,0
hltv_match_2386702,2025-10-15 12:00:00+00:00,Dusty Roots,LP,,,team1,CCT Season 3 South America Series 5,0
hltv_match_2386568,2025-10-15 13:00:00+00:00,Alliance,GUN5,,,team1,ESL Challenger League Season 50 Europe Cup 3,0
hltv_match_2386570,2025-10-15 13:00:00+00:00,Sangal,Johnny Speeds,,,team1,ESL Challenger League Season 50 Europe Cup 3,0
hltv_match_2386569,2025-10-15 13:00:00+00:00,ESC,Zero Tenacity,,,team1,ESL Challenger League Season 50 Europe Cup 3,0
hltv_match_2386567,2025-10-15 13:00:00+00:00,Monte,Partizan,,,team2,ESL Challenger League Season 50 Europe Cup 3,0
hltv_match_2386863,2025-10-15 13:15:00+00:00,RUBY,ALLINNERS,,,team1,CCT Season 3 Europe Series 9 Closed Qualifier,0
hltv_match_2386799,2025-10-15 14:10:00+00:00,Aurora,Venom,,,team1,Thunderpick World Championship 2025,0
hltv_match_2386945,2025-10-15 14:30:00+00:00,Nexus,ALGO,,,team2,Exort Series 17,0
hltv_match_2386754,2025-10-15 14:30:00+00:00,shinigami,Imperial Valkyries,,,team2,ESL Impact League Season 8 Europe,0
hltv_match_2386753,2025-10-15 14:30:00+00:00,hindsight,Let Her Cook,,,team2,ESL Impact League Season 8 Europe,0
hltv_match_2386703,2025-10-15 15:40:00+00:00,Fake do Biru,UnderDogs,,,team1,CCT Season 3 South America Series 5,0
hltv_match_2386601,2025-10-15 17:00:00+00:00,Keyd Stars,Gaimin Gladiators,,,team2,ESL Challenger League Season 50 South America Cup 3,0
hltv_match_2386602,2025-10-15 17:00:00+00:00,ODDIK,ShindeN,,,team1,ESL Challenger League Season 50 South America Cup 3,0
hltv_match_2386758,2025-10-15 17:35:00+00:00,Four Magic,MIBR fe,,,team2,ESL Impact League Season 8 South America,0
hltv_match_2386757,2025-10-15 17:55:00+00:00,FURIA fe,Curralzinho,,,team1,ESL Impact League Season 8 South America,0
hltv_match_2386762,2025-10-15 19:40:00+00:00,Lotus fe,Ghost,,,team1,ESL Impact League Season 8 North America,0
hltv_match_2386761,2025-10-15 20:30:00+00:00,Nocturnal,FlyQuest RED,,,team2,ESL Impact League Season 8 North America,0
hltv_match_2386632,2025-10-15 21:00:00+00:00,Getting Info,BOSS,,,team1,ESL Challenger League Season 50 North America Cup 3,0
hltv_match_2386631,2025-10-15 21:00:00+00:00,Wildcard,regain,,,team1,ESL Challenger League Season 50 North America Cup 3,0
hltv_match_2386815,2025-10-15 21:55:00+00:00,InControl,Take Flyte,,,team2,Dust2.us Eagle Masters Series 4,0
hltv_match_2386818,2025-10-15 22:55:00+00:00,Shimmer,Nocturnal,,,team1,Dust2.us Eagle Masters Series 4,0
hltv_match_2386840,2025-10-15 23:00:00+00:00,FaZe,TYLOO,,,team1,CS Asia Championships 2025,0
hltv_match_2386839,2025-10-15 23:05:00+00:00,paiN,FUT,,,team2,CS Asia Championships 2025,0
hltv_match_2386841,2025-10-16 02:00:00+00:00,fnatic,HEROIC,,,team2,CS Asia Championships 2025,0
hltv_match_2386833,2025-10-16 02:30:00+00:00,Liquid,Legacy,,,team1,CS Asia Championships 2025,0
hltv_match_2386739,2025-10-16 04:00:00+00:00,ARCRED,kONO,,,team2,NODWIN Clutch Series 1,0
hltv_match_2386878,2025-10-16 04:00:00+00:00,NIP Impact,NOVAQ,,,team2,CCT Season 3 Europe Series 9 Closed Qualifier,0
hltv_match_2386795,2025-10-16 04:00:00+00:00,GenOne,fish123,,,team2,European Pro League Cup 1,0
hltv_match_2386859,2025-10-16 04:00:00+00:00,AM,MASONIC,,,team2,United21 League Season 39,0
hltv_match_2386800,2025-10-16 04:30:00+00:00,FURIA,The MongolZ,,,team1,Thunderpick World Championship 2025,0
hltv_match_2386507,2025-10-16 05:00:00+00:00,Rooster,Mindfreak,,,team1,ESL Challenger League Season 50 Oceania Cup 3,0
hltv_match_2386834,2025-10-16 05:40:00+00:00,Virtus.pro,3DMAX,,,team2,CS Asia Championships 2025,0
hltv_match_2386842,2025-10-16 05:45:00+00:00,FUT,FaZe,,,team1,CS Asia Championships 2025,0
hltv_match_2386858,2025-10-16 07:00:00+00:00,fish123,Wildcard Academy,,,team2,United21 League Season 39,0
hltv_match_2386740,2025-10-16 07:35:00+00:00,1win,UNiTY,,,team1,NODWIN Clutch Series 1,0
hltv_match_2386801,2025-10-16 07:40:00+00:00,OG,9z,,,team2,Thunderpick World Championship 2025,0
hltv_match_2386946,2025-10-16 08:30:00+00:00,TPuDCATb TPu,ECLOT,,,team2,Exort Series 17,0
hltv_match_2386529,2025-10-16 09:00:00+00:00,FengDa,Rare Atom,,,team2,ESL Challenger League Season 50 Asia-Pacific Cup 3,0
hltv_match_2386705,2025-10-16 09:00:00+00:00,RED Canids,Bounty Hunters,,,team2,CCT Season 3 South America Series 5,0
hltv_match_2386870,2025-10-16 09:40:00+00:00,WOPA,G2 Ares,,,team1,United21 League Season 39,0
hltv_match_2386741,2025-10-16 10:30:00+00:00,SPARTA,m1x,,,team2,NODWIN Clutch Series 1,0
hltv_match_2386947,2025-10-16 11:30:00+00:00,Flame Sharks,ALGO,,,team1,Exort Series 17,0
hltv_match_2386802,2025-10-16 11:45:00+00:00,Natus Vincere,Aurora,,,team1,Thunderpick World Championship 2025,0
hltv_match_2386706,2025-10-16 12:00:00+00:00,Gaimin Gladiators,Yawara,,,team2,CCT Season 3 South America Series 5,0
hltv_match_2386572,2025-10-16 13:00:00+00:00,Alliance,Zero Tenacity,,,team1,ESL Challenger League Season 50 Europe Cup 3,0
hltv_match_2386881,2025-10-16 13:00:00+00:00,Fire Flux,RUBY,,,team1,CCT Season 3 Europe Series 9 Closed Qualifier,0
